state_number,consecutive_number,vehicle_number,person_number,person_type,person_type_name,age,sex,marked_crosswalk_present,sidewalk_present,school_zone,crash_type_pedestrian,crash_type_pedestrian_name,crash_type_bicycle,crash_type_bicycle_name,crash_location_pedestrian,crash_location_bicycle,pedestrian_position,bicyclist_position,pedestrian_initial_direction_of_travel,bicyclist_initial_direction_of_travel,motorist_initial_direction_of_travel,motorist_maneuver,intersection_leg,pedestrian_scenario,pedestrian_scenario_name,crash_group_pedestrian,crash_group_pedestrian_name,crash_group_bicycle,crash_group_bicycle_name
17,170933,0,1,8,Person on Personal Conveyances,61,Female,Yes,Yes,None Noted,781,Motorist Left Turn – Parallel Paths,0,Not a Cyclist,At Intersection,Not a Cyclist,Crosswalk Area,Not a Cyclist,Northbound,Not a Cyclist,Southbound,Left Turn,Farside,11b,MOTORIST TURNING LEFT – CRASH OCCURRED ON FAR SIDE OF INTERSECTION Pedestrian Within Crosswalk Area  Approach Direction Opposite Motorist’s.,790,Crossing Roadway – Vehicle Turning,0,Not a Cyclist,
39,390922,0,2,8,Person on Personal Conveyances,4,Male,Yes,Yes,None Noted,781,Motorist Left Turn – Parallel Paths,0,Not a Cyclist,At Intersection,Not a Cyclist,Crosswalk Area,Not a Cyclist,Westbound,Not a Cyclist,Eastbound,Left Turn,Farside,11b,MOTORIST TURNING LEFT – CRASH OCCURRED ON FAR SIDE OF INTERSECTION Pedestrian Within Crosswalk Area  Approach Direction Opposite Motorist’s.,790,Crossing Roadway – Vehicle Turning,0,Not a Cyclist,
36,360578,0,1,8,Person on Personal Conveyances,65,Male,Yes,Yes,None Noted,781,Motorist Left Turn – Parallel Paths,0,Not a Cyclist,At Intersection,Not a Cyclist,Crosswalk Area,Not a Cyclist,Northbound,Not a Cyclist,Southbound,Left Turn,Farside,11b,MOTORIST TURNING LEFT – CRASH OCCURRED ON FAR SIDE OF INTERSECTION Pedestrian Within Crosswalk Area  Approach Direction Opposite Motorist’s.,790,Crossing Roadway – Vehicle Turning,0,Not a Cyclist,
36,360372,0,1,5,Pedestrian,82,Male,Yes,Yes,None Noted,781,Motorist Left Turn – Parallel Paths,0,Not a Cyclist,At Intersection,Not a Cyclist,Crosswalk Area,Not a Cyclist,Northbound,Not a Cyclist,Southbound,Left Turn,Farside,11b,MOTORIST TURNING LEFT – CRASH OCCURRED ON FAR SIDE OF INTERSECTION Pedestrian Within Crosswalk Area  Approach Direction Opposite Motorist’s.,790,Crossing Roadway – Vehicle Turning,0,Not a Cyclist,
48,480719,0,1,8,Person on Personal Conveyances,79,Male,Yes,Yes,None Noted,781,Motorist Left Turn – Parallel Paths,0,Not a Cyclist,At Intersection,Not a Cyclist,Crosswalk Area,Not a Cyclist,Eastbound,Not a Cyclist,Westbound,Left Turn,Farside,11b,MOTORIST TURNING LEFT – CRASH OCCURRED ON FAR SIDE OF INTERSECTION Pedestrian Within Crosswalk Area  Approach Direction Opposite Motorist’s.,790,Crossing Roadway – Vehicle Turning,0,Not a Cyclist,
48,483016,0,1,5,Pedestrian,27,Male,Yes,Unknown,None Noted,781,Motorist Left Turn – Parallel Paths,0,Not a Cyclist,At Intersection,Not a Cyclist,Crosswalk Area,Not a Cyclist,Eastbound,Not a Cyclist,Westbound,Left Turn,Farside,11b,MOTORIST TURNING LEFT – CRASH OCCURRED ON FAR SIDE OF INTERSECTION Pedestrian Within Crosswalk Area  Approach Direction Opposite Motorist’s.,790,Crossing Roadway – Vehicle Turning,0,Not a Cyclist,
42,420190,0,1,5,Pedestrian,93,Male,Yes,Yes,None Noted,781,Motorist Left Turn – Parallel Paths,0,Not a Cyclist,At Intersection,Not a Cyclist,Crosswalk Area,Not a Cyclist,Eastbound,Not a Cyclist,Westbound,Left Turn,Farside,11b,MOTORIST TURNING LEFT – CRASH OCCURRED ON FAR SIDE OF INTERSECTION Pedestrian Within Crosswalk Area  Approach Direction Opposite Motorist’s.,790,Crossing Roadway – Vehicle Turning,0,Not a Cyclist,
47,470268,0,1,5,Pedestrian,83,Female,Yes,Yes,None Noted,781,Motorist Left Turn – Parallel Paths,0,Not a Cyclist,At Intersection,Not a Cyclist,Crosswalk Area,Not a Cyclist,Eastbound,Not a Cyclist,Westbound,Left Turn,Farside,11b,MOTORIST TURNING LEFT – CRASH OCCURRED ON FAR SIDE OF INTERSECTION Pedestrian Within Crosswalk Area  Approach Direction Opposite Motorist’s.,790,Crossing Roadway – Vehicle Turning,0,Not a Cyclist,
48,482666,0,1,5,Pedestrian,57,Female,Yes,Unknown,None Noted,781,Motorist Left Turn – Parallel Paths,0,Not a Cyclist,At Intersection,Not a Cyclist,Crosswalk Area,Not a Cyclist,Northbound,Not a Cyclist,Southbound,Left Turn,Farside,11b,MOTORIST TURNING LEFT – CRASH OCCURRED ON FAR SIDE OF INTERSECTION Pedestrian Within Crosswalk Area  Approach Direction Opposite Motorist’s.,790,Crossing Roadway – Vehicle Turning,0,Not a Cyclist,
53,530124,0,2,5,Pedestrian,77,Male,Yes,Yes,None Noted,781,Motorist Left Turn – Parallel Paths,0,Not a Cyclist,At Intersection,Not a Cyclist,Crosswalk Area,Not a Cyclist,Southbound,Not a Cyclist,Northbound,Left Turn,Farside,11b,MOTORIST TURNING LEFT – CRASH OCCURRED ON FAR SIDE OF INTERSECTION Pedestrian Within Crosswalk Area  Approach Direction Opposite Motorist’s.,790,Crossing Roadway – Vehicle Turning,0,Not a Cyclist,
53,530124,0,1,5,Pedestrian,61,Female,Yes,Yes,None Noted,781,Motorist Left Turn – Parallel Paths,0,Not a Cyclist,At Intersection,Not a Cyclist,Crosswalk Area,Not a Cyclist,Southbound,Not a Cyclist,Northbound,Left Turn,Farside,11b,MOTORIST TURNING LEFT – CRASH OCCURRED ON FAR SIDE OF INTERSECTION Pedestrian Within Crosswalk Area  Approach Direction Opposite Motorist’s.,790,Crossing Roadway – Vehicle Turning,0,Not a Cyclist,
53,530392,0,1,5,Pedestrian,75,Female,Yes,Yes,None Noted,781,Motorist Left Turn – Parallel Paths,0,Not a Cyclist,At Intersection,Not a Cyclist,Crosswalk Area,Not a Cyclist,Eastbound,Not a Cyclist,Westbound,Left Turn,Farside,11b,MOTORIST TURNING LEFT – CRASH OCCURRED ON FAR SIDE OF INTERSECTION Pedestrian Within Crosswalk Area  Approach Direction Opposite Motorist’s.,790,Crossing Roadway – Vehicle Turning,0,Not a Cyclist,
53,530385,0,1,5,Pedestrian,79,Male,None Noted,None Noted,None Noted,781,Motorist Left Turn – Parallel Paths,0,Not a Cyclist,At Intersection,Not a Cyclist,Crosswalk Area,Not a Cyclist,Southbound,Not a Cyclist,Northbound,Left Turn,Farside,11b,MOTORIST TURNING LEFT – CRASH OCCURRED ON FAR SIDE OF INTERSECTION Pedestrian Within Crosswalk Area  Approach Direction Opposite Motorist’s.,790,Crossing Roadway – Vehicle Turning,0,Not a Cyclist,
53,530361,0,1,5,Pedestrian,58,Not Reported,Yes,None Noted,None Noted,781,Motorist Left Turn – Parallel Paths,0,Not a Cyclist,At Intersection,Not a Cyclist,Crosswalk Area,Not a Cyclist,Northbound,Not a Cyclist,Southbound,Left Turn,Farside,11b,MOTORIST TURNING LEFT – CRASH OCCURRED ON FAR SIDE OF INTERSECTION Pedestrian Within Crosswalk Area  Approach Direction Opposite Motorist’s.,790,Crossing Roadway – Vehicle Turning,0,Not a Cyclist,
49,490038,0,1,5,Pedestrian,11,Male,Yes,Yes,None Noted,781,Motorist Left Turn – Parallel Paths,0,Not a Cyclist,At Intersection,Not a Cyclist,Crosswalk Area,Not a Cyclist,Southbound,Not a Cyclist,Northbound,Left Turn,Farside,11b,MOTORIST TURNING LEFT – CRASH OCCURRED ON FAR SIDE OF INTERSECTION Pedestrian Within Crosswalk Area  Approach Direction Opposite Motorist’s.,790,Crossing Roadway – Vehicle Turning,0,Not a Cyclist,
48,483481,0,1,5,Pedestrian,53,Male,Yes,Yes,None Noted,781,Motorist Left Turn – Parallel Paths,0,Not a Cyclist,At Intersection,Not a Cyclist,Crosswalk Area,Not a Cyclist,Eastbound,Not a Cyclist,Westbound,Left Turn,Farside,11b,MOTORIST TURNING LEFT – CRASH OCCURRED ON FAR SIDE OF INTERSECTION Pedestrian Within Crosswalk Area  Approach Direction Opposite Motorist’s.,790,Crossing Roadway – Vehicle Turning,0,Not a Cyclist,
39,390922,0,3,8,Person on Personal Conveyances,1,Male,Yes,Yes,None Noted,781,Motorist Left Turn – Parallel Paths,0,Not a Cyclist,At Intersection,Not a Cyclist,Crosswalk Area,Not a Cyclist,Westbound,Not a Cyclist,Eastbound,Left Turn,Farside,11b,MOTORIST TURNING LEFT – CRASH OCCURRED ON FAR SIDE OF INTERSECTION Pedestrian Within Crosswalk Area  Approach Direction Opposite Motorist’s.,790,Crossing Roadway – Vehicle Turning,0,Not a Cyclist,
55,550303,0,1,5,Pedestrian,83,Female,Yes,Yes,None Noted,781,Motorist Left Turn – Parallel Paths,0,Not a Cyclist,At Intersection,Not a Cyclist,Crosswalk Area,Not a Cyclist,Southbound,Not a Cyclist,Northbound,Left Turn,Farside,11b,MOTORIST TURNING LEFT – CRASH OCCURRED ON FAR SIDE OF INTERSECTION Pedestrian Within Crosswalk Area  Approach Direction Opposite Motorist’s.,790,Crossing Roadway – Vehicle Turning,0,Not a Cyclist,
55,550375,0,1,5,Pedestrian,12,Male,Yes,Yes,Unknown,781,Motorist Left Turn – Parallel Paths,0,Not a Cyclist,At Intersection,Not a Cyclist,Crosswalk Area,Not a Cyclist,Unknown Initial Direction of Travel,Not a Cyclist,Southbound,Left Turn,Farside,11c,MOTORIST TURNING LEFT – CRASH OCCURRED ON FAR SIDE OF INTERSECTION Pedestrian Within Crosswalk Area  Approach Direction Unknown.,790,Crossing Roadway – Vehicle Turning,0,Not a Cyclist,
55,550462,0,1,8,Person on Personal Conveyances,66,Male,Yes,Yes,None Noted,781,Motorist Left Turn – Parallel Paths,0,Not a Cyclist,At Intersection,Not a Cyclist,Crosswalk Area,Not a Cyclist,Eastbound,Not a Cyclist,Westbound,Left Turn,Farside,11b,MOTORIST TURNING LEFT – CRASH OCCURRED ON FAR SIDE OF INTERSECTION Pedestrian Within Crosswalk Area  Approach Direction Opposite Motorist’s.,790,Crossing Roadway – Vehicle Turning,0,Not a Cyclist,
48,483391,0,1,5,Pedestrian,66,Male,None Noted,Yes,None Noted,781,Motorist Left Turn – Parallel Paths,0,Not a Cyclist,At Intersection,Not a Cyclist,Crosswalk Area,Not a Cyclist,Westbound,Not a Cyclist,Eastbound,Left Turn,Farside,11b,MOTORIST TURNING LEFT – CRASH OCCURRED ON FAR SIDE OF INTERSECTION Pedestrian Within Crosswalk Area  Approach Direction Opposite Motorist’s.,790,Crossing Roadway – Vehicle Turning,0,Not a Cyclist,
53,530322,0,1,8,Person on Personal Conveyances,90,Male,Yes,None Noted,None Noted,781,Motorist Left Turn – Parallel Paths,0,Not a Cyclist,At Intersection,Not a Cyclist,Crosswalk Area,Not a Cyclist,Eastbound,Not a Cyclist,Westbound,Left Turn,Farside,11b,MOTORIST TURNING LEFT – CRASH OCCURRED ON FAR SIDE OF INTERSECTION Pedestrian Within Crosswalk Area  Approach Direction Opposite Motorist’s.,790,Crossing Roadway – Vehicle Turning,0,Not a Cyclist,
36,360114,0,1,5,Pedestrian,55,Female,Yes,Yes,Yes,781,Motorist Left Turn – Parallel Paths,0,Not a Cyclist,At Intersection,Not a Cyclist,Crosswalk Area,Not a Cyclist,Westbound,Not a Cyclist,Eastbound,Left Turn,Farside,11b,MOTORIST TURNING LEFT – CRASH OCCURRED ON FAR SIDE OF INTERSECTION Pedestrian Within Crosswalk Area  Approach Direction Opposite Motorist’s.,790,Crossing Roadway – Vehicle Turning,0,Not a Cyclist,
36,360105,0,1,5,Pedestrian,77,Female,Yes,Yes,None Noted,781,Motorist Left Turn – Parallel Paths,0,Not a Cyclist,At Intersection,Not a Cyclist,Crosswalk Area,Not a Cyclist,Westbound,Not a Cyclist,Eastbound,Left Turn,Farside,11b,MOTORIST TURNING LEFT – CRASH OCCURRED ON FAR SIDE OF INTERSECTION Pedestrian Within Crosswalk Area  Approach Direction Opposite Motorist’s.,790,Crossing Roadway – Vehicle Turning,0,Not a Cyclist,
36,360537,0,1,5,Pedestrian,81,Male,Yes,Yes,None Noted,781,Motorist Left Turn – Parallel Paths,0,Not a Cyclist,At Intersection,Not a Cyclist,Crosswalk Area,Not a Cyclist,Northbound,Not a Cyclist,Southbound,Left Turn,Farside,11b,MOTORIST TURNING LEFT – CRASH OCCURRED ON FAR SIDE OF INTERSECTION Pedestrian Within Crosswalk Area  Approach Direction Opposite Motorist’s.,790,Crossing Roadway – Vehicle Turning,0,Not a Cyclist,
36,360808,0,1,5,Pedestrian,88,Male,Yes,Yes,None Noted,781,Motorist Left Turn – Parallel Paths,0,Not a Cyclist,At Intersection,Not a Cyclist,Crosswalk Area,Not a Cyclist,Northbound,Not a Cyclist,Southbound,Left Turn,Farside,11b,MOTORIST TURNING LEFT – CRASH OCCURRED ON FAR SIDE OF INTERSECTION Pedestrian Within Crosswalk Area  Approach Direction Opposite Motorist’s.,790,Crossing Roadway – Vehicle Turning,0,Not a Cyclist,
36,360322,0,1,5,Pedestrian,67,Female,Yes,Yes,None Noted,781,Motorist Left Turn – Parallel Paths,0,Not a Cyclist,At Intersection,Not a Cyclist,Crosswalk Area,Not a Cyclist,Westbound,Not a Cyclist,Eastbound,Left Turn,Farside,11b,MOTORIST TURNING LEFT – CRASH OCCURRED ON FAR SIDE OF INTERSECTION Pedestrian Within Crosswalk Area  Approach Direction Opposite Motorist’s.,790,Crossing Roadway – Vehicle Turning,0,Not a Cyclist,
41,410078,0,2,5,Pedestrian,53,Female,Yes,Yes,None Noted,791,Motorist Right Turn – Parallel Paths,0,Not a Cyclist,At Intersection,Not a Cyclist,Crosswalk Area,Not a Cyclist,Southbound,Not a Cyclist,Southbound,Right Turn,Farside,7a,MOTORIST TURNING RIGHT – CRASH OCCURRED ON FAR SIDE OF INTERSECTION Pedestrian Within Crosswalk Area  Approach Direction Same as Motorist’s.,790,Crossing Roadway – Vehicle Turning,0,Not a Cyclist,
17,170648,0,1,5,Pedestrian,78,Female,Yes,Yes,None Noted,791,Motorist Right Turn – Parallel Paths,0,Not a Cyclist,At Intersection,Not a Cyclist,Crosswalk Area,Not a Cyclist,Southbound,Not a Cyclist,Southbound,Right Turn,Farside,7a,MOTORIST TURNING RIGHT – CRASH OCCURRED ON FAR SIDE OF INTERSECTION Pedestrian Within Crosswalk Area  Approach Direction Same as Motorist’s.,790,Crossing Roadway – Vehicle Turning,0,Not a Cyclist,
55,550181,0,1,5,Pedestrian,77,Male,Yes,Yes,None Noted,791,Motorist Right Turn – Parallel Paths,0,Not a Cyclist,At Intersection,Not a Cyclist,Crosswalk Area,Not a Cyclist,Westbound,Not a Cyclist,Westbound,Right Turn,Farside,7a,MOTORIST TURNING RIGHT – CRASH OCCURRED ON FAR SIDE OF INTERSECTION Pedestrian Within Crosswalk Area  Approach Direction Same as Motorist’s.,790,Crossing Roadway – Vehicle Turning,0,Not a Cyclist,
41,410078,0,1,5,Pedestrian,65,Male,Yes,Yes,None Noted,791,Motorist Right Turn – Parallel Paths,0,Not a Cyclist,At Intersection,Not a Cyclist,Crosswalk Area,Not a Cyclist,Southbound,Not a Cyclist,Southbound,Right Turn,Farside,7a,MOTORIST TURNING RIGHT – CRASH OCCURRED ON FAR SIDE OF INTERSECTION Pedestrian Within Crosswalk Area  Approach Direction Same as Motorist’s.,790,Crossing Roadway – Vehicle Turning,0,Not a Cyclist,
45,450218,0,1,5,Pedestrian,30,Male,Yes,Yes,None Noted,791,Motorist Right Turn – Parallel Paths,0,Not a Cyclist,At Intersection,Not a Cyclist,Crosswalk Area,Not a Cyclist,Southbound,Not a Cyclist,Southbound,Right Turn,Farside,7a,MOTORIST TURNING RIGHT – CRASH OCCURRED ON FAR SIDE OF INTERSECTION Pedestrian Within Crosswalk Area  Approach Direction Same as Motorist’s.,790,Crossing Roadway – Vehicle Turning,0,Not a Cyclist,
36,360062,0,1,5,Pedestrian,63,Female,Yes,Yes,None Noted,791,Motorist Right Turn – Parallel Paths,0,Not a Cyclist,At Intersection,Not a Cyclist,Crosswalk Area,Not a Cyclist,Southbound,Not a Cyclist,Southbound,Right Turn,Farside,7a,MOTORIST TURNING RIGHT – CRASH OCCURRED ON FAR SIDE OF INTERSECTION Pedestrian Within Crosswalk Area  Approach Direction Same as Motorist’s.,790,Crossing Roadway – Vehicle Turning,0,Not a Cyclist,
36,360686,0,1,5,Pedestrian,73,Female,Yes,Yes,None Noted,791,Motorist Right Turn – Parallel Paths,0,Not a Cyclist,At Intersection,Not a Cyclist,Crosswalk Area,Not a Cyclist,Southbound,Not a Cyclist,Southbound,Right Turn,Farside,7a,MOTORIST TURNING RIGHT – CRASH OCCURRED ON FAR SIDE OF INTERSECTION Pedestrian Within Crosswalk Area  Approach Direction Same as Motorist’s.,790,Crossing Roadway – Vehicle Turning,0,Not a Cyclist,
36,360651,0,1,5,Pedestrian,59,Female,Yes,Yes,None Noted,791,Motorist Right Turn – Parallel Paths,0,Not a Cyclist,At Intersection,Not a Cyclist,Crosswalk Area,Not a Cyclist,Northbound,Not a Cyclist,Northbound,Right Turn,Farside,7a,MOTORIST TURNING RIGHT – CRASH OCCURRED ON FAR SIDE OF INTERSECTION Pedestrian Within Crosswalk Area  Approach Direction Same as Motorist’s.,790,Crossing Roadway – Vehicle Turning,0,Not a Cyclist,
4,40717,0,1,8,Person on Personal Conveyances,47,Male,Yes,Yes,None Noted,792,Motorist Right Turn on Red – Parallel Paths,0,Not a Cyclist,At Intersection,Not a Cyclist,Crosswalk Area,Not a Cyclist,Eastbound,Not a Cyclist,Eastbound,Right Turn,Farside,7a,MOTORIST TURNING RIGHT – CRASH OCCURRED ON FAR SIDE OF INTERSECTION Pedestrian Within Crosswalk Area  Approach Direction Same as Motorist’s.,790,Crossing Roadway – Vehicle Turning,0,Not a Cyclist,
36,360705,0,1,5,Pedestrian,43,Female,Yes,Yes,None Noted,792,Motorist Right Turn on Red – Parallel Paths,0,Not a Cyclist,At Intersection,Not a Cyclist,Crosswalk Area,Not a Cyclist,Eastbound,Not a Cyclist,Eastbound,Right Turn,Farside,7a,MOTORIST TURNING RIGHT – CRASH OCCURRED ON FAR SIDE OF INTERSECTION Pedestrian Within Crosswalk Area  Approach Direction Same as Motorist’s.,790,Crossing Roadway – Vehicle Turning,0,Not a Cyclist,
53,530004,0,1,5,Pedestrian,58,Female,Yes,Yes,None Noted,781,Motorist Left Turn – Parallel Paths,0,Not a Cyclist,At Intersection,Not a Cyclist,Crosswalk Area,Not a Cyclist,Unknown Initial Direction of Travel,Not a Cyclist,Westbound,Left Turn,Farside,11c,MOTORIST TURNING LEFT – CRASH OCCURRED ON FAR SIDE OF INTERSECTION Pedestrian Within Crosswalk Area  Approach Direction Unknown.,790,Crossing Roadway – Vehicle Turning,0,Not a Cyclist,
36,360956,0,1,5,Pedestrian,55,Female,Yes,Yes,None Noted,781,Motorist Left Turn – Parallel Paths,0,Not a Cyclist,At Intersection,Not a Cyclist,Crosswalk Area,Not a Cyclist,Unknown Initial Direction of Travel,Not a Cyclist,Eastbound,Left Turn,Farside,11c,MOTORIST TURNING LEFT – CRASH OCCURRED ON FAR SIDE OF INTERSECTION Pedestrian Within Crosswalk Area  Approach Direction Unknown.,790,Crossing Roadway – Vehicle Turning,0,Not a Cyclist,
36,360707,0,1,5,Pedestrian,80,Male,Yes,Yes,None Noted,781,Motorist Left Turn – Parallel Paths,0,Not a Cyclist,At Intersection,Not a Cyclist,Crosswalk Area,Not a Cyclist,Unknown Initial Direction of Travel,Not a Cyclist,Southbound,Left Turn,Farside,11c,MOTORIST TURNING LEFT – CRASH OCCURRED ON FAR SIDE OF INTERSECTION Pedestrian Within Crosswalk Area  Approach Direction Unknown.,790,Crossing Roadway – Vehicle Turning,0,Not a Cyclist,
36,360802,0,1,5,Pedestrian,72,Male,Yes,Yes,None Noted,781,Motorist Left Turn – Parallel Paths,0,Not a Cyclist,At Intersection,Not a Cyclist,Crosswalk Area,Not a Cyclist,Unknown Initial Direction of Travel,Not a Cyclist,Southbound,Left Turn,Farside,11c,MOTORIST TURNING LEFT – CRASH OCCURRED ON FAR SIDE OF INTERSECTION Pedestrian Within Crosswalk Area  Approach Direction Unknown.,790,Crossing Roadway – Vehicle Turning,0,Not a Cyclist,
36,360677,0,1,5,Pedestrian,51,Male,Yes,Yes,None Noted,781,Motorist Left Turn – Parallel Paths,0,Not a Cyclist,At Intersection,Not a Cyclist,Crosswalk Area,Not a Cyclist,Unknown Initial Direction of Travel,Not a Cyclist,Eastbound,Left Turn,Farside,11c,MOTORIST TURNING LEFT – CRASH OCCURRED ON FAR SIDE OF INTERSECTION Pedestrian Within Crosswalk Area  Approach Direction Unknown.,790,Crossing Roadway – Vehicle Turning,0,Not a Cyclist,
27,270125,0,1,5,Pedestrian,55,Female,Yes,Yes,None Noted,781,Motorist Left Turn – Parallel Paths,0,Not a Cyclist,At Intersection,Not a Cyclist,Crosswalk Area,Not a Cyclist,Unknown Initial Direction of Travel,Not a Cyclist,Southbound,Left Turn,Farside,11c,MOTORIST TURNING LEFT – CRASH OCCURRED ON FAR SIDE OF INTERSECTION Pedestrian Within Crosswalk Area  Approach Direction Unknown.,790,Crossing Roadway – Vehicle Turning,0,Not a Cyclist,
12,122761,0,1,5,Pedestrian,77,Female,None Noted,None Noted,None Noted,781,Motorist Left Turn – Parallel Paths,0,Not a Cyclist,At Intersection,Not a Cyclist,Crosswalk Area,Not a Cyclist,Southbound,Not a Cyclist,Northbound,Left Turn,Farside,11b,MOTORIST TURNING LEFT – CRASH OCCURRED ON FAR SIDE OF INTERSECTION Pedestrian Within Crosswalk Area  Approach Direction Opposite Motorist’s.,790,Crossing Roadway – Vehicle Turning,0,Not a Cyclist,
12,121274,0,1,5,Pedestrian,68,Female,Yes,None Noted,None Noted,781,Motorist Left Turn – Parallel Paths,0,Not a Cyclist,At Intersection,Not a Cyclist,Crosswalk Area,Not a Cyclist,Westbound,Not a Cyclist,Eastbound,Left Turn,Farside,11b,MOTORIST TURNING LEFT – CRASH OCCURRED ON FAR SIDE OF INTERSECTION Pedestrian Within Crosswalk Area  Approach Direction Opposite Motorist’s.,790,Crossing Roadway – Vehicle Turning,0,Not a Cyclist,
32,320028,0,1,5,Pedestrian,49,Female,Yes,Yes,None Noted,782,Motorist Left Turn – Perpendicular Paths,0,Not a Cyclist,At Intersection,Not a Cyclist,Crosswalk Area,Not a Cyclist,Northbound,Not a Cyclist,Southbound,Left Turn,Farside,11b,MOTORIST TURNING LEFT – CRASH OCCURRED ON FAR SIDE OF INTERSECTION Pedestrian Within Crosswalk Area  Approach Direction Opposite Motorist’s.,790,Crossing Roadway – Vehicle Turning,0,Not a Cyclist,
17,170944,0,2,5,Pedestrian,39,Female,Yes,Yes,None Noted,781,Motorist Left Turn – Parallel Paths,0,Not a Cyclist,At Intersection,Not a Cyclist,Crosswalk Area,Not a Cyclist,Eastbound,Not a Cyclist,Westbound,Left Turn,Farside,11b,MOTORIST TURNING LEFT – CRASH OCCURRED ON FAR SIDE OF INTERSECTION Pedestrian Within Crosswalk Area  Approach Direction Opposite Motorist’s.,790,Crossing Roadway – Vehicle Turning,0,Not a Cyclist,
17,170988,0,1,5,Pedestrian,78,Male,Yes,Yes,None Noted,781,Motorist Left Turn – Parallel Paths,0,Not a Cyclist,At Intersection,Not a Cyclist,Crosswalk Area,Not a Cyclist,Northbound,Not a Cyclist,Southbound,Left Turn,Farside,11b,MOTORIST TURNING LEFT – CRASH OCCURRED ON FAR SIDE OF INTERSECTION Pedestrian Within Crosswalk Area  Approach Direction Opposite Motorist’s.,790,Crossing Roadway – Vehicle Turning,0,Not a Cyclist,
17,170529,0,1,5,Pedestrian,77,Male,Yes,Yes,None Noted,781,Motorist Left Turn – Parallel Paths,0,Not a Cyclist,At Intersection,Not a Cyclist,Crosswalk Area,Not a Cyclist,Southbound,Not a Cyclist,Northbound,Left Turn,Farside,11b,MOTORIST TURNING LEFT – CRASH OCCURRED ON FAR SIDE OF INTERSECTION Pedestrian Within Crosswalk Area  Approach Direction Opposite Motorist’s.,790,Crossing Roadway – Vehicle Turning,0,Not a Cyclist,
15,150035,0,1,5,Pedestrian,52,Female,Yes,Yes,None Noted,781,Motorist Left Turn – Parallel Paths,0,Not a Cyclist,At Intersection,Not a Cyclist,Crosswalk Area,Not a Cyclist,Westbound,Not a Cyclist,Eastbound,Left Turn,Farside,11b,MOTORIST TURNING LEFT – CRASH OCCURRED ON FAR SIDE OF INTERSECTION Pedestrian Within Crosswalk Area  Approach Direction Opposite Motorist’s.,790,Crossing Roadway – Vehicle Turning,0,Not a Cyclist,
15,150096,0,1,5,Pedestrian,16,Female,Yes,None Noted,None Noted,781,Motorist Left Turn – Parallel Paths,0,Not a Cyclist,At Intersection,Not a Cyclist,Crosswalk Area,Not a Cyclist,Eastbound,Not a Cyclist,Westbound,Left Turn,Farside,11b,MOTORIST TURNING LEFT – CRASH OCCURRED ON FAR SIDE OF INTERSECTION Pedestrian Within Crosswalk Area  Approach Direction Opposite Motorist’s.,790,Crossing Roadway – Vehicle Turning,0,Not a Cyclist,
12,122678,0,1,5,Pedestrian,61,Male,Yes,Yes,None Noted,781,Motorist Left Turn – Parallel Paths,0,Not a Cyclist,At Intersection,Not a Cyclist,Crosswalk Area,Not a Cyclist,Southbound,Not a Cyclist,Northbound,Left Turn,Farside,11b,MOTORIST TURNING LEFT – CRASH OCCURRED ON FAR SIDE OF INTERSECTION Pedestrian Within Crosswalk Area  Approach Direction Opposite Motorist’s.,790,Crossing Roadway – Vehicle Turning,0,Not a Cyclist,
36,360070,0,1,5,Pedestrian,48,Female,Yes,Yes,None Noted,791,Motorist Right Turn – Parallel Paths,0,Not a Cyclist,At Intersection,Not a Cyclist,Crosswalk Area,Not a Cyclist,Westbound,Not a Cyclist,Westbound,Right Turn,Farside,7a,MOTORIST TURNING RIGHT – CRASH OCCURRED ON FAR SIDE OF INTERSECTION Pedestrian Within Crosswalk Area  Approach Direction Same as Motorist’s.,790,Crossing Roadway – Vehicle Turning,0,Not a Cyclist,
12,123047,0,1,5,Pedestrian,19,Female,Yes,Yes,None Noted,791,Motorist Right Turn – Parallel Paths,0,Not a Cyclist,At Intersection,Not a Cyclist,Crosswalk Area,Not a Cyclist,Eastbound,Not a Cyclist,Eastbound,Right Turn,Farside,7a,MOTORIST TURNING RIGHT – CRASH OCCURRED ON FAR SIDE OF INTERSECTION Pedestrian Within Crosswalk Area  Approach Direction Same as Motorist’s.,790,Crossing Roadway – Vehicle Turning,0,Not a Cyclist,
34,340544,0,1,5,Pedestrian,45,Male,None Noted,None Noted,None Noted,341,Transit Bus-Related,0,Not a Cyclist,At Intersection,Not a Cyclist,Crosswalk Area,Not a Cyclist,Eastbound,Not a Cyclist,Eastbound,Right Turn,Farside,7a,MOTORIST TURNING RIGHT – CRASH OCCURRED ON FAR SIDE OF INTERSECTION Pedestrian Within Crosswalk Area  Approach Direction Same as Motorist’s.,340,Bus-Related,0,Not a Cyclist,
29,290155,0,1,5,Pedestrian,66,Male,Yes,Yes,None Noted,341,Transit Bus-Related,0,Not a Cyclist,At Intersection,Not a Cyclist,Crosswalk Area,Not a Cyclist,Northbound,Not a Cyclist,Northbound,Left Turn,Farside,11a,MOTORIST TURNING LEFT – CRASH OCCURRED ON FAR SIDE OF INTERSECTION Pedestrian Within Crosswalk Area  Approach Direction Same as Motorist’s.,340,Bus-Related,0,Not a Cyclist,
36,360725,0,1,5,Pedestrian,58,Female,Yes,Yes,None Noted,341,Transit Bus-Related,0,Not a Cyclist,At Intersection,Not a Cyclist,Crosswalk Area,Not a Cyclist,Eastbound,Not a Cyclist,Southbound,Straight Through,Farside,3b,MOTORIST TRAVELING STRAIGHT THROUGH – CRASH OCCURRED ON FAR SIDE OF INTERSECTION Pedestrian Within Crosswalk Area  Traveled From Motorist’s Right.,340,Bus-Related,0,Not a Cyclist,
48,483435,0,1,5,Pedestrian,65,Female,None Noted,None Noted,None Noted,465,Motorist Exiting Driveway,0,Not a Cyclist,At Intersection,Not a Cyclist,Crosswalk Area,Not a Cyclist,Southbound,Not a Cyclist,Southbound,Right Turn,Farside,7a,MOTORIST TURNING RIGHT – CRASH OCCURRED ON FAR SIDE OF INTERSECTION Pedestrian Within Crosswalk Area  Approach Direction Same as Motorist’s.,460,Driveway Access/ Driveway Access Related,0,Not a Cyclist,
53,530095,0,1,5,Pedestrian,65,Female,Yes,None Noted,None Noted,770,Motorist Failed to Yield,0,Not a Cyclist,At Intersection,Not a Cyclist,Crosswalk Area,Not a Cyclist,Northbound,Not a Cyclist,Southbound,Left Turn,Farside,11b,MOTORIST TURNING LEFT – CRASH OCCURRED ON FAR SIDE OF INTERSECTION Pedestrian Within Crosswalk Area  Approach Direction Opposite Motorist’s.,750,Crossing Roadway – Vehicle Not Turning,0,Not a Cyclist,
21,210031,0,1,5,Pedestrian,61,Female,Yes,Yes,None Noted,770,Motorist Failed to Yield,0,Not a Cyclist,At Intersection,Not a Cyclist,Crosswalk Area,Not a Cyclist,Westbound,Not a Cyclist,Eastbound,Left Turn,Farside,11b,MOTORIST TURNING LEFT – CRASH OCCURRED ON FAR SIDE OF INTERSECTION Pedestrian Within Crosswalk Area  Approach Direction Opposite Motorist’s.,750,Crossing Roadway – Vehicle Not Turning,0,Not a Cyclist,
42,420820,0,1,5,Pedestrian,50,Male,Yes,Yes,None Noted,770,Motorist Failed to Yield,0,Not a Cyclist,At Intersection,Not a Cyclist,Crosswalk Area,Not a Cyclist,Southbound,Not a Cyclist,Northbound,Left Turn,Farside,11b,MOTORIST TURNING LEFT – CRASH OCCURRED ON FAR SIDE OF INTERSECTION Pedestrian Within Crosswalk Area  Approach Direction Opposite Motorist’s.,750,Crossing Roadway – Vehicle Not Turning,0,Not a Cyclist,