state_number,consecutive_number,vehicle_number,person_number,person_type,person_type_name,age,sex,marked_crosswalk_present,sidewalk_present,school_zone,crash_type_pedestrian,crash_type_pedestrian_name,crash_type_bicycle,crash_type_bicycle_name,crash_location_pedestrian,crash_location_bicycle,pedestrian_position,bicyclist_position,pedestrian_initial_direction_of_travel,bicyclist_initial_direction_of_travel,motorist_initial_direction_of_travel,motorist_maneuver,intersection_leg,pedestrian_scenario,pedestrian_scenario_name,crash_group_pedestrian,crash_group_pedestrian_name,crash_group_bicycle,crash_group_bicycle_name
24,240091,0,1,5,Pedestrian,47,Male,Yes,Yes,None Noted,770,Motorist Failed to Yield,0,Not a Cyclist,At Intersection,Not a Cyclist,Crosswalk Area,Not a Cyclist,Unknown Initial Direction of Travel,Not a Cyclist,Southbound,Left Turn,Farside,11c,MOTORIST TURNING LEFT – CRASH OCCURRED ON FAR SIDE OF INTERSECTION Pedestrian Within Crosswalk Area  Approach Direction Unknown.,750,Crossing Roadway – Vehicle Not Turning,0,Not a Cyclist,
36,360898,0,1,5,Pedestrian,21,Male,Yes,None Noted,None Noted,760,Pedestrian Failed to Yield,0,Not a Cyclist,At Intersection,Not a Cyclist,Crosswalk Area,Not a Cyclist,Eastbound,Not a Cyclist,Southbound,Straight Through,Farside,3b,MOTORIST TRAVELING STRAIGHT THROUGH – CRASH OCCURRED ON FAR SIDE OF INTERSECTION Pedestrian Within Crosswalk Area  Traveled From Motorist’s Right.,750,Crossing Roadway – Vehicle Not Turning,0,Not a Cyclist,
36,360216,0,1,5,Pedestrian,76,Female,Yes,Yes,None Noted,770,Motorist Failed to Yield,0,Not a Cyclist,At Intersection,Not a Cyclist,Crosswalk Area,Not a Cyclist,Southbound,Not a Cyclist,Westbound,Straight Through,Farside,3b,MOTORIST TRAVELING STRAIGHT THROUGH – CRASH OCCURRED ON FAR SIDE OF INTERSECTION Pedestrian Within Crosswalk Area  Traveled From Motorist’s Right.,750,Crossing Roadway – Vehicle Not Turning,0,Not a Cyclist,
40,400457,0,1,5,Pedestrian,35,Male,Yes,Yes,None Noted,770,Motorist Failed to Yield,0,Not a Cyclist,At Intersection,Not a Cyclist,Crosswalk Area,Not a Cyclist,Westbound,Not a Cyclist,Northbound,Straight Through,Farside,3b,MOTORIST TRAVELING STRAIGHT THROUGH – CRASH OCCURRED ON FAR SIDE OF INTERSECTION Pedestrian Within Crosswalk Area  Traveled From Motorist’s Right.,750,Crossing Roadway – Vehicle Not Turning,0,Not a Cyclist,
8,80490,0,1,8,Person on Personal Conveyances,68,Male,Yes,Yes,None Noted,770,Motorist Failed to Yield,0,Not a Cyclist,At Intersection,Not a Cyclist,Crosswalk Area,Not a Cyclist,Northbound,Not a Cyclist,Eastbound,Straight Through,Farside,3b,MOTORIST TRAVELING STRAIGHT THROUGH – CRASH OCCURRED ON FAR SIDE OF INTERSECTION Pedestrian Within Crosswalk Area  Traveled From Motorist’s Right.,750,Crossing Roadway – Vehicle Not Turning,0,Not a Cyclist,
15,150102,0,1,8,Person on Personal Conveyances,96,Male,Yes,Yes,None Noted,770,Motorist Failed to Yield,0,Not a Cyclist,At Intersection,Not a Cyclist,Crosswalk Area,Not a Cyclist,Westbound,Not a Cyclist,Northbound,Straight Through,Farside,3b,MOTORIST TRAVELING STRAIGHT THROUGH – CRASH OCCURRED ON FAR SIDE OF INTERSECTION Pedestrian Within Crosswalk Area  Traveled From Motorist’s Right.,750,Crossing Roadway – Vehicle Not Turning,0,Not a Cyclist,
4,40792,0,2,8,Person on Personal Conveyances,1,Female,Yes,Yes,None Noted,770,Motorist Failed to Yield,0,Not a Cyclist,At Intersection,Not a Cyclist,Crosswalk Area,Not a Cyclist,Southbound,Not a Cyclist,Westbound,Straight Through,Farside,3b,MOTORIST TRAVELING STRAIGHT THROUGH – CRASH OCCURRED ON FAR SIDE OF INTERSECTION Pedestrian Within Crosswalk Area  Traveled From Motorist’s Right.,750,Crossing Roadway – Vehicle Not Turning,0,Not a Cyclist,
27,270063,0,2,5,Pedestrian,63,Female,Yes,Yes,None Noted,770,Motorist Failed to Yield,0,Not a Cyclist,At Intersection,Not a Cyclist,Crosswalk Area,Not a Cyclist,Southbound,Not a Cyclist,Westbound,Straight Through,Farside,3b,MOTORIST TRAVELING STRAIGHT THROUGH – CRASH OCCURRED ON FAR SIDE OF INTERSECTION Pedestrian Within Crosswalk Area  Traveled From Motorist’s Right.,750,Crossing Roadway – Vehicle Not Turning,0,Not a Cyclist,
4,40085,0,1,5,Pedestrian,15,Male,None Noted,Yes,None Noted,760,Pedestrian Failed to Yield,0,Not a Cyclist,At Intersection,Not a Cyclist,Crosswalk Area,Not a Cyclist,Southbound,Not a Cyclist,Westbound,Straight Through,Farside,3b,MOTORIST TRAVELING STRAIGHT THROUGH – CRASH OCCURRED ON FAR SIDE OF INTERSECTION Pedestrian Within Crosswalk Area  Traveled From Motorist’s Right.,750,Crossing Roadway – Vehicle Not Turning,0,Not a Cyclist,
12,121282,0,1,8,Person on Personal Conveyances,95,Male,Yes,Yes,None Noted,760,Pedestrian Failed to Yield,0,Not a Cyclist,At Intersection,Not a Cyclist,Crosswalk Area,Not a Cyclist,Southbound,Not a Cyclist,Westbound,Straight Through,Farside,3b,MOTORIST TRAVELING STRAIGHT THROUGH – CRASH OCCURRED ON FAR SIDE OF INTERSECTION Pedestrian Within Crosswalk Area  Traveled From Motorist’s Right.,750,Crossing Roadway – Vehicle Not Turning,0,Not a Cyclist,
13,130284,0,1,5,Pedestrian,29,Female,Yes,None Noted,None Noted,760,Pedestrian Failed to Yield,0,Not a Cyclist,At Intersection,Not a Cyclist,Crosswalk Area,Not a Cyclist,Northbound,Not a Cyclist,Eastbound,Straight Through,Farside,3b,MOTORIST TRAVELING STRAIGHT THROUGH – CRASH OCCURRED ON FAR SIDE OF INTERSECTION Pedestrian Within Crosswalk Area  Traveled From Motorist’s Right.,750,Crossing Roadway – Vehicle Not Turning,0,Not a Cyclist,
36,360715,0,1,5,Pedestrian,71,Male,Yes,Yes,None Noted,760,Pedestrian Failed to Yield,0,Not a Cyclist,At Intersection,Not a Cyclist,Crosswalk Area,Not a Cyclist,Northbound,Not a Cyclist,Eastbound,Straight Through,Farside,3b,MOTORIST TRAVELING STRAIGHT THROUGH – CRASH OCCURRED ON FAR SIDE OF INTERSECTION Pedestrian Within Crosswalk Area  Traveled From Motorist’s Right.,750,Crossing Roadway – Vehicle Not Turning,0,Not a Cyclist,
35,350325,0,1,5,Pedestrian,63,Male,Yes,Yes,None Noted,760,Pedestrian Failed to Yield,0,Not a Cyclist,At Intersection,Not a Cyclist,Crosswalk Area,Not a Cyclist,Eastbound,Not a Cyclist,Southbound,Straight Through,Farside,3b,MOTORIST TRAVELING STRAIGHT THROUGH – CRASH OCCURRED ON FAR SIDE OF INTERSECTION Pedestrian Within Crosswalk Area  Traveled From Motorist’s Right.,750,Crossing Roadway – Vehicle Not Turning,0,Not a Cyclist,
12,122462,0,2,5,Pedestrian,18,Female,Yes,Yes,None Noted,760,Pedestrian Failed to Yield,0,Not a Cyclist,At Intersection,Not a Cyclist,Crosswalk Area,Not a Cyclist,Southbound,Not a Cyclist,Westbound,Straight Through,Farside,3b,MOTORIST TRAVELING STRAIGHT THROUGH – CRASH OCCURRED ON FAR SIDE OF INTERSECTION Pedestrian Within Crosswalk Area  Traveled From Motorist’s Right.,750,Crossing Roadway – Vehicle Not Turning,0,Not a Cyclist,
42,420873,0,1,5,Pedestrian,64,Female,Yes,Yes,None Noted,770,Motorist Failed to Yield,0,Not a Cyclist,At Intersection,Not a Cyclist,Crosswalk Area,Not a Cyclist,Southbound,Not a Cyclist,Southbound,Left Turn,Farside,11a,MOTORIST TURNING LEFT – CRASH OCCURRED ON FAR SIDE OF INTERSECTION Pedestrian Within Crosswalk Area  Approach Direction Same as Motorist’s.,750,Crossing Roadway – Vehicle Not Turning,0,Not a Cyclist,
35,350332,0,1,5,Pedestrian,75,Male,Yes,Yes,None Noted,770,Motorist Failed to Yield,0,Not a Cyclist,At Intersection,Not a Cyclist,Crosswalk Area,Not a Cyclist,Northbound,Not a Cyclist,Eastbound,Straight Through,Farside,3b,MOTORIST TRAVELING STRAIGHT THROUGH – CRASH OCCURRED ON FAR SIDE OF INTERSECTION Pedestrian Within Crosswalk Area  Traveled From Motorist’s Right.,750,Crossing Roadway – Vehicle Not Turning,0,Not a Cyclist,
12,122706,0,1,5,Pedestrian,75,Male,None Noted,None Noted,None Noted,760,Pedestrian Failed to Yield,0,Not a Cyclist,At Intersection,Not a Cyclist,Crosswalk Area,Not a Cyclist,Westbound,Not a Cyclist,Northbound,Straight Through,Farside,3b,MOTORIST TRAVELING STRAIGHT THROUGH – CRASH OCCURRED ON FAR SIDE OF INTERSECTION Pedestrian Within Crosswalk Area  Traveled From Motorist’s Right.,750,Crossing Roadway – Vehicle Not Turning,0,Not a Cyclist,
12,122705,0,1,5,Pedestrian,60,Female,None Noted,None Noted,None Noted,760,Pedestrian Failed to Yield,0,Not a Cyclist,At Intersection,Not a Cyclist,Crosswalk Area,Not a Cyclist,Southbound,Not a Cyclist,Westbound,Straight Through,Farside,3b,MOTORIST TRAVELING STRAIGHT THROUGH – CRASH OCCURRED ON FAR SIDE OF INTERSECTION Pedestrian Within Crosswalk Area  Traveled From Motorist’s Right.,750,Crossing Roadway – Vehicle Not Turning,0,Not a Cyclist,
12,122462,0,3,5,Pedestrian,19,Male,Yes,Yes,None Noted,760,Pedestrian Failed to Yield,0,Not a Cyclist,At Intersection,Not a Cyclist,Crosswalk Area,Not a Cyclist,Southbound,Not a Cyclist,Westbound,Straight Through,Farside,3b,MOTORIST TRAVELING STRAIGHT THROUGH – CRASH OCCURRED ON FAR SIDE OF INTERSECTION Pedestrian Within Crosswalk Area  Traveled From Motorist’s Right.,750,Crossing Roadway – Vehicle Not Turning,0,Not a Cyclist,
12,122462,0,1,5,Pedestrian,19,Male,Yes,Yes,None Noted,760,Pedestrian Failed to Yield,0,Not a Cyclist,At Intersection,Not a Cyclist,Crosswalk Area,Not a Cyclist,Southbound,Not a Cyclist,Westbound,Straight Through,Farside,3b,MOTORIST TRAVELING STRAIGHT THROUGH – CRASH OCCURRED ON FAR SIDE OF INTERSECTION Pedestrian Within Crosswalk Area  Traveled From Motorist’s Right.,750,Crossing Roadway – Vehicle Not Turning,0,Not a Cyclist,
21,210656,0,1,5,Pedestrian,19,Male,Yes,None Noted,None Noted,760,Pedestrian Failed to Yield,0,Not a Cyclist,At Intersection,Not a Cyclist,Crosswalk Area,Not a Cyclist,Northbound,Not a Cyclist,Eastbound,Straight Through,Farside,3b,MOTORIST TRAVELING STRAIGHT THROUGH – CRASH OCCURRED ON FAR SIDE OF INTERSECTION Pedestrian Within Crosswalk Area  Traveled From Motorist’s Right.,750,Crossing Roadway – Vehicle Not Turning,0,Not a Cyclist,
24,240133,0,1,5,Pedestrian,16,Female,Yes,None Noted,None Noted,760,Pedestrian Failed to Yield,0,Not a Cyclist,At Intersection,Not a Cyclist,Crosswalk Area,Not a Cyclist,Northbound,Not a Cyclist,Eastbound,Straight Through,Farside,3b,MOTORIST TRAVELING STRAIGHT THROUGH – CRASH OCCURRED ON FAR SIDE OF INTERSECTION Pedestrian Within Crosswalk Area  Traveled From Motorist’s Right.,750,Crossing Roadway – Vehicle Not Turning,0,Not a Cyclist,
53,530139,0,1,8,Person on Personal Conveyances,69,Male,Yes,None Noted,None Noted,770,Motorist Failed to Yield,0,Not a Cyclist,At Intersection,Not a Cyclist,Crosswalk Area,Not a Cyclist,Westbound,Not a Cyclist,Northbound,Straight Through,Farside,3b,MOTORIST TRAVELING STRAIGHT THROUGH – CRASH OCCURRED ON FAR SIDE OF INTERSECTION Pedestrian Within Crosswalk Area  Traveled From Motorist’s Right.,750,Crossing Roadway – Vehicle Not Turning,0,Not a Cyclist,
53,530483,0,1,8,Person on Personal Conveyances,42,Female,Yes,None Noted,None Noted,770,Motorist Failed to Yield,0,Not a Cyclist,At Intersection,Not a Cyclist,Crosswalk Area,Not a Cyclist,Eastbound,Not a Cyclist,Southbound,Straight Through,Farside,3b,MOTORIST TRAVELING STRAIGHT THROUGH – CRASH OCCURRED ON FAR SIDE OF INTERSECTION Pedestrian Within Crosswalk Area  Traveled From Motorist’s Right.,750,Crossing Roadway – Vehicle Not Turning,0,Not a Cyclist,
45,450595,0,1,5,Pedestrian,77,Female,Yes,Yes,None Noted,770,Motorist Failed to Yield,0,Not a Cyclist,At Intersection,Not a Cyclist,Crosswalk Area,Not a Cyclist,Northbound,Not a Cyclist,Eastbound,Straight Through,Farside,3b,MOTORIST TRAVELING STRAIGHT THROUGH – CRASH OCCURRED ON FAR SIDE OF INTERSECTION Pedestrian Within Crosswalk Area  Traveled From Motorist’s Right.,750,Crossing Roadway – Vehicle Not Turning,0,Not a Cyclist,
48,481411,0,1,5,Pedestrian,47,Female,Unknown,Unknown,None Noted,313,Lying in Roadway,0,Not a Cyclist,At Intersection,Not a Cyclist,Intersection Area,Not a Cyclist,Unknown Initial Direction of Travel,Not a Cyclist,Northbound,Straight Through,Farside,4c,MOTORIST TRAVELING STRAIGHT THROUGH – CRASH OCCURRED ON FAR SIDE OF INTERSECTION Pedestrian Outside Crosswalk Area  Approach Direction Unknown.,600,Pedestrian in Roadway – Circumstances Unknown,0,Not a Cyclist,
36,360868,0,1,5,Pedestrian,59,Male,None Noted,Yes,None Noted,610,Standing in Roadway,0,Not a Cyclist,At Intersection,Not a Cyclist,Intersection Area,Not a Cyclist,Unknown Initial Direction of Travel,Not a Cyclist,Westbound,Straight Through,Farside,4c,MOTORIST TRAVELING STRAIGHT THROUGH – CRASH OCCURRED ON FAR SIDE OF INTERSECTION Pedestrian Outside Crosswalk Area  Approach Direction Unknown.,600,Pedestrian in Roadway – Circumstances Unknown,0,Not a Cyclist,
8,80374,0,2,5,Pedestrian,70,Male,None Noted,None Noted,None Noted,610,Standing in Roadway,0,Not a Cyclist,At Intersection,Not a Cyclist,Intersection Area,Not a Cyclist,Unknown Initial Direction of Travel,Not a Cyclist,Eastbound,Straight Through,Farside,4c,MOTORIST TRAVELING STRAIGHT THROUGH – CRASH OCCURRED ON FAR SIDE OF INTERSECTION Pedestrian Outside Crosswalk Area  Approach Direction Unknown.,600,Pedestrian in Roadway – Circumstances Unknown,0,Not a Cyclist,
22,220005,0,1,5,Pedestrian,38,Male,None Noted,None Noted,None Noted,313,Lying in Roadway,0,Not a Cyclist,At Intersection,Not a Cyclist,Intersection Area,Not a Cyclist,Unknown Initial Direction of Travel,Not a Cyclist,Northbound,Straight Through,Farside,4c,MOTORIST TRAVELING STRAIGHT THROUGH – CRASH OCCURRED ON FAR SIDE OF INTERSECTION Pedestrian Outside Crosswalk Area  Approach Direction Unknown.,600,Pedestrian in Roadway – Circumstances Unknown,0,Not a Cyclist,
8,80374,0,1,5,Pedestrian,50,Male,None Noted,None Noted,None Noted,313,Lying in Roadway,0,Not a Cyclist,At Intersection,Not a Cyclist,Intersection Area,Not a Cyclist,Unknown Initial Direction of Travel,Not a Cyclist,Eastbound,Straight Through,Farside,4c,MOTORIST TRAVELING STRAIGHT THROUGH – CRASH OCCURRED ON FAR SIDE OF INTERSECTION Pedestrian Outside Crosswalk Area  Approach Direction Unknown.,600,Pedestrian in Roadway – Circumstances Unknown,0,Not a Cyclist,
42,420845,0,1,5,Pedestrian,52,Female,Yes,Yes,None Noted,313,Lying in Roadway,0,Not a Cyclist,At Intersection,Not a Cyclist,Intersection Area,Not a Cyclist,Unknown Initial Direction of Travel,Not a Cyclist,Eastbound,Straight Through,Farside,4c,MOTORIST TRAVELING STRAIGHT THROUGH – CRASH OCCURRED ON FAR SIDE OF INTERSECTION Pedestrian Outside Crosswalk Area  Approach Direction Unknown.,600,Pedestrian in Roadway – Circumstances Unknown,0,Not a Cyclist,
42,420137,0,1,5,Pedestrian,24,Male,None Noted,Yes,None Noted,741,Dash,0,Not a Cyclist,At Intersection,Not a Cyclist,Intersection Area,Not a Cyclist,Unknown Initial Direction of Travel,Not a Cyclist,Southbound,Straight Through,Farside,4c,MOTORIST TRAVELING STRAIGHT THROUGH – CRASH OCCURRED ON FAR SIDE OF INTERSECTION Pedestrian Outside Crosswalk Area  Approach Direction Unknown.,740,Dash/Dart-Out,0,Not a Cyclist,
42,421008,0,1,5,Pedestrian,83,Female,None Noted,Yes,None Noted,741,Dash,0,Not a Cyclist,At Intersection,Not a Cyclist,Intersection Area,Not a Cyclist,Eastbound,Not a Cyclist,Northbound,Straight Through,Farside,4a,MOTORIST TRAVELING STRAIGHT THROUGH – CRASH OCCURRED ON FAR SIDE OF INTERSECTION Pedestrian Outside Crosswalk Area  Traveled From Motorist’s Left.,740,Dash/Dart-Out,0,Not a Cyclist,
39,390388,0,1,5,Pedestrian,44,Male,None Noted,Yes,None Noted,742,Dart-Out,0,Not a Cyclist,At Intersection,Not a Cyclist,Intersection Area,Not a Cyclist,Northbound,Not a Cyclist,Westbound,Straight Through,Farside,4a,MOTORIST TRAVELING STRAIGHT THROUGH – CRASH OCCURRED ON FAR SIDE OF INTERSECTION Pedestrian Outside Crosswalk Area  Traveled From Motorist’s Left.,740,Dash/Dart-Out,0,Not a Cyclist,
5,50484,0,1,5,Pedestrian,54,Male,Unknown,Unknown,None Noted,741,Dash,0,Not a Cyclist,At Intersection,Not a Cyclist,Intersection Area,Not a Cyclist,Northbound,Not a Cyclist,Westbound,Straight Through,Farside,4a,MOTORIST TRAVELING STRAIGHT THROUGH – CRASH OCCURRED ON FAR SIDE OF INTERSECTION Pedestrian Outside Crosswalk Area  Traveled From Motorist’s Left.,740,Dash/Dart-Out,0,Not a Cyclist,
24,240343,0,1,5,Pedestrian,66,Male,None Noted,None Noted,None Noted,742,Dart-Out,0,Not a Cyclist,At Intersection,Not a Cyclist,Intersection Area,Not a Cyclist,Westbound,Not a Cyclist,Southbound,Straight Through,Farside,4a,MOTORIST TRAVELING STRAIGHT THROUGH – CRASH OCCURRED ON FAR SIDE OF INTERSECTION Pedestrian Outside Crosswalk Area  Traveled From Motorist’s Left.,740,Dash/Dart-Out,0,Not a Cyclist,
39,391034,0,1,5,Pedestrian,37,Female,None Noted,Yes,None Noted,741,Dash,0,Not a Cyclist,At Intersection,Not a Cyclist,Intersection Area,Not a Cyclist,Northbound,Not a Cyclist,Eastbound,Straight Through,Farside,4b,MOTORIST TRAVELING STRAIGHT THROUGH – CRASH OCCURRED ON FAR SIDE OF INTERSECTION Pedestrian Outside Crosswalk Area  Traveled From Motorist’s Right.,740,Dash/Dart-Out,0,Not a Cyclist,
24,240323,0,1,5,Pedestrian,54,Male,Yes,None Noted,None Noted,741,Dash,0,Not a Cyclist,At Intersection,Not a Cyclist,Intersection Area,Not a Cyclist,Northbound,Not a Cyclist,Eastbound,Straight Through,Farside,4b,MOTORIST TRAVELING STRAIGHT THROUGH – CRASH OCCURRED ON FAR SIDE OF INTERSECTION Pedestrian Outside Crosswalk Area  Traveled From Motorist’s Right.,740,Dash/Dart-Out,0,Not a Cyclist,
21,210192,0,1,5,Pedestrian,69,Male,None Noted,None Noted,Yes,311,Working in Roadway,0,Not a Cyclist,At Intersection,Not a Cyclist,Intersection Area,Not a Cyclist,Unknown Initial Direction of Travel,Not a Cyclist,Southbound,Left Turn,Farside,12c,MOTORIST TURNING LEFT – CRASH OCCURRED ON FAR SIDE OF INTERSECTION Pedestrian Outside Crosswalk Area  Approach Direction Unknown.,310,Working or Playing in Roadway,0,Not a Cyclist,
1,10148,0,1,5,Pedestrian,24,Male,None Noted,Yes,None Noted,150,Motor Vehicle Loss of Control,0,Not a Cyclist,At Intersection,Not a Cyclist,Intersection Area,Not a Cyclist,Northbound,Not a Cyclist,Eastbound,Straight Through,Farside,4b,MOTORIST TRAVELING STRAIGHT THROUGH – CRASH OCCURRED ON FAR SIDE OF INTERSECTION Pedestrian Outside Crosswalk Area  Traveled From Motorist’s Right.,100,Unusual Circumstances,0,Not a Cyclist,
12,121590,0,1,5,Pedestrian,45,Male,None Noted,None Noted,None Noted,690,At Intersection – Other/Unknown,0,Not a Cyclist,At Intersection,Not a Cyclist,Intersection Area,Not a Cyclist,Southbound,Not a Cyclist,Eastbound,Straight Through,Farside,4a,MOTORIST TRAVELING STRAIGHT THROUGH – CRASH OCCURRED ON FAR SIDE OF INTERSECTION Pedestrian Outside Crosswalk Area  Traveled From Motorist’s Left.,990,Other/Unknown – Insufficient Details,0,Not a Cyclist,
10,100075,0,1,5,Pedestrian,30,Male,None Noted,None Noted,None Noted,690,At Intersection – Other/Unknown,0,Not a Cyclist,At Intersection,Not a Cyclist,Intersection Area,Not a Cyclist,Westbound,Not a Cyclist,Southbound,Straight Through,Farside,4a,MOTORIST TRAVELING STRAIGHT THROUGH – CRASH OCCURRED ON FAR SIDE OF INTERSECTION Pedestrian Outside Crosswalk Area  Traveled From Motorist’s Left.,990,Other/Unknown – Insufficient Details,0,Not a Cyclist,
20,200330,0,1,5,Pedestrian,80,Female,None Noted,Unknown,None Noted,690,At Intersection – Other/Unknown,0,Not a Cyclist,At Intersection,Not a Cyclist,Intersection Area,Not a Cyclist,Southbound,Not a Cyclist,Eastbound,Straight Through,Farside,4a,MOTORIST TRAVELING STRAIGHT THROUGH – CRASH OCCURRED ON FAR SIDE OF INTERSECTION Pedestrian Outside Crosswalk Area  Traveled From Motorist’s Left.,990,Other/Unknown – Insufficient Details,0,Not a Cyclist,
12,122514,0,1,5,Pedestrian,54,Male,None Noted,None Noted,None Noted,690,At Intersection – Other/Unknown,0,Not a Cyclist,At Intersection,Not a Cyclist,Intersection Area,Not a Cyclist,Westbound,Not a Cyclist,Southbound,Straight Through,Farside,4a,MOTORIST TRAVELING STRAIGHT THROUGH – CRASH OCCURRED ON FAR SIDE OF INTERSECTION Pedestrian Outside Crosswalk Area  Traveled From Motorist’s Left.,990,Other/Unknown – Insufficient Details,0,Not a Cyclist,
12,122376,0,1,8,Person on Personal Conveyances,76,Male,Yes,Yes,None Noted,690,At Intersection – Other/Unknown,0,Not a Cyclist,At Intersection,Not a Cyclist,Intersection Area,Not a Cyclist,Southbound,Not a Cyclist,Eastbound,Straight Through,Farside,4a,MOTORIST TRAVELING STRAIGHT THROUGH – CRASH OCCURRED ON FAR SIDE OF INTERSECTION Pedestrian Outside Crosswalk Area  Traveled From Motorist’s Left.,990,Other/Unknown – Insufficient Details,0,Not a Cyclist,
48,482262,0,1,5,Pedestrian,18,Male,None Noted,None Noted,None Noted,690,At Intersection – Other/Unknown,0,Not a Cyclist,At Intersection,Not a Cyclist,Intersection Area,Not a Cyclist,Unknown Initial Direction of Travel,Not a Cyclist,Southbound,Straight Through,Farside,4c,MOTORIST TRAVELING STRAIGHT THROUGH – CRASH OCCURRED ON FAR SIDE OF INTERSECTION Pedestrian Outside Crosswalk Area  Approach Direction Unknown.,990,Other/Unknown – Insufficient Details,0,Not a Cyclist,
22,220356,0,1,5,Pedestrian,45,Female,None Noted,None Noted,None Noted,690,At Intersection – Other/Unknown,0,Not a Cyclist,At Intersection,Not a Cyclist,Intersection Area,Not a Cyclist,Unknown Initial Direction of Travel,Not a Cyclist,Northbound,Straight Through,Farside,4c,MOTORIST TRAVELING STRAIGHT THROUGH – CRASH OCCURRED ON FAR SIDE OF INTERSECTION Pedestrian Outside Crosswalk Area  Approach Direction Unknown.,990,Other/Unknown – Insufficient Details,0,Not a Cyclist,
36,360530,0,1,5,Pedestrian,52,Male,None Noted,Yes,None Noted,690,At Intersection – Other/Unknown,0,Not a Cyclist,At Intersection,Not a Cyclist,Intersection Area,Not a Cyclist,Unknown Initial Direction of Travel,Not a Cyclist,Eastbound,Straight Through,Farside,4c,MOTORIST TRAVELING STRAIGHT THROUGH – CRASH OCCURRED ON FAR SIDE OF INTERSECTION Pedestrian Outside Crosswalk Area  Approach Direction Unknown.,990,Other/Unknown – Insufficient Details,0,Not a Cyclist,
22,220288,0,1,5,Pedestrian,53,Female,None Noted,None Noted,None Noted,690,At Intersection – Other/Unknown,0,Not a Cyclist,At Intersection,Not a Cyclist,Intersection Area,Not a Cyclist,Southbound,Not a Cyclist,Westbound,Straight Through,Farside,4b,MOTORIST TRAVELING STRAIGHT THROUGH – CRASH OCCURRED ON FAR SIDE OF INTERSECTION Pedestrian Outside Crosswalk Area  Traveled From Motorist’s Right.,990,Other/Unknown – Insufficient Details,0,Not a Cyclist,
42,420425,0,1,5,Pedestrian,53,Male,None Noted,Yes,None Noted,690,At Intersection – Other/Unknown,0,Not a Cyclist,At Intersection,Not a Cyclist,Intersection Area,Not a Cyclist,Eastbound,Not a Cyclist,Southbound,Straight Through,Farside,4b,MOTORIST TRAVELING STRAIGHT THROUGH – CRASH OCCURRED ON FAR SIDE OF INTERSECTION Pedestrian Outside Crosswalk Area  Traveled From Motorist’s Right.,990,Other/Unknown – Insufficient Details,0,Not a Cyclist,
12,120858,0,1,5,Pedestrian,17,Male,None Noted,None Noted,None Noted,690,At Intersection – Other/Unknown,0,Not a Cyclist,At Intersection,Not a Cyclist,Intersection Area,Not a Cyclist,Northbound,Not a Cyclist,Eastbound,Straight Through,Farside,4b,MOTORIST TRAVELING STRAIGHT THROUGH – CRASH OCCURRED ON FAR SIDE OF INTERSECTION Pedestrian Outside Crosswalk Area  Traveled From Motorist’s Right.,990,Other/Unknown – Insufficient Details,0,Not a Cyclist,
36,360635,0,1,8,Person on Personal Conveyances,52,Male,None Noted,Yes,None Noted,690,At Intersection – Other/Unknown,0,Not a Cyclist,At Intersection,Not a Cyclist,Intersection Area,Not a Cyclist,Northbound,Not a Cyclist,Eastbound,Straight Through,Farside,4b,MOTORIST TRAVELING STRAIGHT THROUGH – CRASH OCCURRED ON FAR SIDE OF INTERSECTION Pedestrian Outside Crosswalk Area  Traveled From Motorist’s Right.,990,Other/Unknown – Insufficient Details,0,Not a Cyclist,
37,371015,0,1,5,Pedestrian,33,Male,None Noted,None Noted,None Noted,690,At Intersection – Other/Unknown,0,Not a Cyclist,At Intersection,Not a Cyclist,Intersection Area,Not a Cyclist,Eastbound,Not a Cyclist,Southbound,Straight Through,Farside,4b,MOTORIST TRAVELING STRAIGHT THROUGH – CRASH OCCURRED ON FAR SIDE OF INTERSECTION Pedestrian Outside Crosswalk Area  Traveled From Motorist’s Right.,990,Other/Unknown – Insufficient Details,0,Not a Cyclist,
12,122306,0,1,5,Pedestrian,56,Male,None Noted,None Noted,None Noted,781,Motorist Left Turn – Parallel Paths,0,Not a Cyclist,At Intersection,Not a Cyclist,Intersection Area,Not a Cyclist,Westbound,Not a Cyclist,Eastbound,Left Turn,Farside,12b,MOTORIST TURNING LEFT – CRASH OCCURRED ON FAR SIDE OF INTERSECTION Pedestrian Outside Crosswalk Area  Approach Direction Opposite Motorist’s.,790,Crossing Roadway – Vehicle Turning,0,Not a Cyclist,
27,270157,0,1,5,Pedestrian,18,Female,None Noted,Yes,None Noted,781,Motorist Left Turn – Parallel Paths,0,Not a Cyclist,At Intersection,Not a Cyclist,Intersection Area,Not a Cyclist,Northbound,Not a Cyclist,Southbound,Left Turn,Farside,12b,MOTORIST TURNING LEFT – CRASH OCCURRED ON FAR SIDE OF INTERSECTION Pedestrian Outside Crosswalk Area  Approach Direction Opposite Motorist’s.,790,Crossing Roadway – Vehicle Turning,0,Not a Cyclist,
53,530430,0,1,5,Pedestrian,83,Male,Yes,Yes,None Noted,781,Motorist Left Turn – Parallel Paths,0,Not a Cyclist,At Intersection,Not a Cyclist,Intersection Area,Not a Cyclist,Eastbound,Not a Cyclist,Westbound,Left Turn,Farside,12b,MOTORIST TURNING LEFT – CRASH OCCURRED ON FAR SIDE OF INTERSECTION Pedestrian Outside Crosswalk Area  Approach Direction Opposite Motorist’s.,790,Crossing Roadway – Vehicle Turning,0,Not a Cyclist,
12,120751,0,1,8,Person on Personal Conveyances,75,Female,None Noted,None Noted,None Noted,781,Motorist Left Turn – Parallel Paths,0,Not a Cyclist,At Intersection,Not a Cyclist,Intersection Area,Not a Cyclist,Southbound,Not a Cyclist,Southbound,Left Turn,Farside,12a,MOTORIST TURNING LEFT – CRASH OCCURRED ON FAR SIDE OF INTERSECTION Pedestrian Outside Crosswalk Area  Approach Direction Same as Motorist’s.,790,Crossing Roadway – Vehicle Turning,0,Not a Cyclist,
37,370293,0,1,5,Pedestrian,59,Male,None Noted,Yes,None Noted,781,Motorist Left Turn – Parallel Paths,0,Not a Cyclist,At Intersection,Not a Cyclist,Intersection Area,Not a Cyclist,Unknown Initial Direction of Travel,Not a Cyclist,Eastbound,Left Turn,Farside,12c,MOTORIST TURNING LEFT – CRASH OCCURRED ON FAR SIDE OF INTERSECTION Pedestrian Outside Crosswalk Area  Approach Direction Unknown.,790,Crossing Roadway – Vehicle Turning,0,Not a Cyclist,
12,121166,0,1,5,Pedestrian,16,Male,None Noted,None Noted,None Noted,342,School Bus Stop-Related,0,Not a Cyclist,At Intersection,Not a Cyclist,Intersection Area,Not a Cyclist,Eastbound,Not a Cyclist,Southbound,Straight Through,Farside,4b,MOTORIST TRAVELING STRAIGHT THROUGH – CRASH OCCURRED ON FAR SIDE OF INTERSECTION Pedestrian Outside Crosswalk Area  Traveled From Motorist’s Right.,340,Bus-Related,0,Not a Cyclist,