state_number,consecutive_number,vehicle_number,person_number,person_type,person_type_name,age,sex,marked_crosswalk_present,sidewalk_present,school_zone,crash_type_pedestrian,crash_type_pedestrian_name,crash_type_bicycle,crash_type_bicycle_name,crash_location_pedestrian,crash_location_bicycle,pedestrian_position,bicyclist_position,pedestrian_initial_direction_of_travel,bicyclist_initial_direction_of_travel,motorist_initial_direction_of_travel,motorist_maneuver,intersection_leg,pedestrian_scenario,pedestrian_scenario_name,crash_group_pedestrian,crash_group_pedestrian_name,crash_group_bicycle,crash_group_bicycle_name
12,122624,0,1,5,Pedestrian,63,Male,Yes,Yes,None Noted,760,Pedestrian Failed to Yield,0,Not a Cyclist,At Intersection,Not a Cyclist,Crosswalk Area,Not a Cyclist,Not Applicable,Not a Cyclist,Southbound,Straight Through,Unknown,8,Not Applicable,750,Crossing Roadway – Vehicle Not Turning,0,Not a Cyclist,
42,420673,0,1,5,Pedestrian,65,Female,Yes,Yes,None Noted,770,Motorist Failed to Yield,0,Not a Cyclist,At Intersection,Not a Cyclist,Crosswalk Area,Not a Cyclist,Not Applicable,Not a Cyclist,Southbound,Straight Through,Unknown,8,Not Applicable,750,Crossing Roadway – Vehicle Not Turning,0,Not a Cyclist,
29,290515,0,1,5,Pedestrian,12,Male,Yes,Yes,None Noted,770,Motorist Failed to Yield,0,Not a Cyclist,At Intersection,Not a Cyclist,Crosswalk Area,Not a Cyclist,Not Applicable,Not a Cyclist,Northbound,Straight Through,Unknown,8,Not Applicable,750,Crossing Roadway – Vehicle Not Turning,0,Not a Cyclist,
36,360788,0,1,5,Pedestrian,52,Male,Yes,Yes,None Noted,770,Motorist Failed to Yield,0,Not a Cyclist,At Intersection,Not a Cyclist,Crosswalk Area,Not a Cyclist,Not Applicable,Not a Cyclist,Northbound,Straight Through,Unknown,8,Not Applicable,750,Crossing Roadway – Vehicle Not Turning,0,Not a Cyclist,
34,340137,0,1,5,Pedestrian,31,Male,Yes,Yes,Unknown,770,Motorist Failed to Yield,0,Not a Cyclist,At Intersection,Not a Cyclist,Crosswalk Area,Not a Cyclist,Not Applicable,Not a Cyclist,Northbound,Straight Through,Unknown,8,Not Applicable,750,Crossing Roadway – Vehicle Not Turning,0,Not a Cyclist,
34,340208,0,1,5,Pedestrian,59,Male,None Noted,Yes,Unknown,770,Motorist Failed to Yield,0,Not a Cyclist,At Intersection,Not a Cyclist,Crosswalk Area,Not a Cyclist,Not Applicable,Not a Cyclist,Eastbound,Straight Through,Unknown,8,Not Applicable,750,Crossing Roadway – Vehicle Not Turning,0,Not a Cyclist,
34,340078,0,1,5,Pedestrian,30,Female,None Noted,Yes,None Noted,760,Pedestrian Failed to Yield,0,Not a Cyclist,At Intersection,Not a Cyclist,Crosswalk Area,Not a Cyclist,Not Applicable,Not a Cyclist,Southbound,Straight Through,Unknown,8,Not Applicable,750,Crossing Roadway – Vehicle Not Turning,0,Not a Cyclist,
34,340318,0,1,5,Pedestrian,35,Female,Yes,None Noted,None Noted,760,Pedestrian Failed to Yield,0,Not a Cyclist,At Intersection,Not a Cyclist,Crosswalk Area,Not a Cyclist,Not Applicable,Not a Cyclist,Eastbound,Straight Through,Unknown,8,Not Applicable,750,Crossing Roadway – Vehicle Not Turning,0,Not a Cyclist,
34,340426,0,1,5,Pedestrian,72,Female,Yes,Unknown,Unknown,760,Pedestrian Failed to Yield,0,Not a Cyclist,At Intersection,Not a Cyclist,Crosswalk Area,Not a Cyclist,Not Applicable,Not a Cyclist,Eastbound,Straight Through,Unknown,8,Not Applicable,750,Crossing Roadway – Vehicle Not Turning,0,Not a Cyclist,
49,490180,0,1,5,Pedestrian,44,Male,Yes,Yes,None Noted,760,Pedestrian Failed to Yield,0,Not a Cyclist,At Intersection,Not a Cyclist,Crosswalk Area,Not a Cyclist,Not Applicable,Not a Cyclist,Southbound,Straight Through,Unknown,8,Not Applicable,750,Crossing Roadway – Vehicle Not Turning,0,Not a Cyclist,
21,210086,0,1,8,Person on Personal Conveyances,81,Male,Yes,None Noted,None Noted,760,Pedestrian Failed to Yield,0,Not a Cyclist,At Intersection,Not a Cyclist,Crosswalk Area,Not a Cyclist,Not Applicable,Not a Cyclist,Southbound,Straight Through,Unknown,8,Not Applicable,750,Crossing Roadway – Vehicle Not Turning,0,Not a Cyclist,
34,340407,0,1,5,Pedestrian,72,Male,Yes,Yes,None Noted,760,Pedestrian Failed to Yield,0,Not a Cyclist,At Intersection,Not a Cyclist,Crosswalk Area,Not a Cyclist,Not Applicable,Not a Cyclist,Southbound,Straight Through,Unknown,8,Not Applicable,750,Crossing Roadway – Vehicle Not Turning,0,Not a Cyclist,
36,360439,0,1,5,Pedestrian,52,Male,Yes,Yes,None Noted,760,Pedestrian Failed to Yield,0,Not a Cyclist,At Intersection,Not a Cyclist,Crosswalk Area,Not a Cyclist,Not Applicable,Not a Cyclist,Eastbound,Straight Through,Unknown,8,Not Applicable,750,Crossing Roadway – Vehicle Not Turning,0,Not a Cyclist,
36,360790,0,1,5,Pedestrian,50,Male,Yes,Yes,None Noted,760,Pedestrian Failed to Yield,0,Not a Cyclist,At Intersection,Not a Cyclist,Crosswalk Area,Not a Cyclist,Not Applicable,Not a Cyclist,Southbound,Straight Through,Unknown,8,Not Applicable,750,Crossing Roadway – Vehicle Not Turning,0,Not a Cyclist,
32,320181,0,1,5,Pedestrian,51,Male,Yes,Yes,Unknown,760,Pedestrian Failed to Yield,0,Not a Cyclist,At Intersection,Not a Cyclist,Crosswalk Area,Not a Cyclist,Not Applicable,Not a Cyclist,Eastbound,Straight Through,Unknown,8,Not Applicable,750,Crossing Roadway – Vehicle Not Turning,0,Not a Cyclist,
13,130959,0,1,5,Pedestrian,69,Male,None Noted,None Noted,None Noted,760,Pedestrian Failed to Yield,0,Not a Cyclist,At Intersection,Not a Cyclist,Crosswalk Area,Not a Cyclist,Not Applicable,Not a Cyclist,Eastbound,Straight Through,Unknown,8,Not Applicable,750,Crossing Roadway – Vehicle Not Turning,0,Not a Cyclist,
42,420896,0,1,5,Pedestrian,69,Male,None Noted,Yes,None Noted,620,Walking in Roadway,0,Not a Cyclist,At Intersection,Not a Cyclist,Intersection Area,Not a Cyclist,Not Applicable,Not a Cyclist,Westbound,Straight Through,Unknown,8,Not Applicable,600,Pedestrian in Roadway – Circumstances Unknown,0,Not a Cyclist,
35,350176,0,1,5,Pedestrian,54,Male,None Noted,Yes,None Noted,313,Lying in Roadway,0,Not a Cyclist,At Intersection,Not a Cyclist,Intersection Area,Not a Cyclist,Not Applicable,Not a Cyclist,Westbound,Straight Through,Unknown,8,Not Applicable,600,Pedestrian in Roadway – Circumstances Unknown,0,Not a Cyclist,
12,122617,0,1,5,Pedestrian,62,Female,Yes,Yes,None Noted,741,Dash,0,Not a Cyclist,At Intersection,Not a Cyclist,Intersection Area,Not a Cyclist,Not Applicable,Not a Cyclist,Eastbound,Straight Through,Unknown,8,Not Applicable,740,Dash/Dart-Out,0,Not a Cyclist,
19,190125,0,1,5,Pedestrian,14,Female,None Noted,None Noted,None Noted,741,Dash,0,Not a Cyclist,At Intersection,Not a Cyclist,Intersection Area,Not a Cyclist,Not Applicable,Not a Cyclist,Southbound,Straight Through,Unknown,8,Not Applicable,740,Dash/Dart-Out,0,Not a Cyclist,
55,550476,0,1,5,Pedestrian,19,Female,None Noted,None Noted,None Noted,742,Dart-Out,0,Not a Cyclist,At Intersection,Not a Cyclist,Intersection Area,Not a Cyclist,Not Applicable,Not a Cyclist,Eastbound,Straight Through,Unknown,8,Not Applicable,740,Dash/Dart-Out,0,Not a Cyclist,
19,190307,0,1,5,Pedestrian,11,Male,None Noted,Yes,None Noted,742,Dart-Out,0,Not a Cyclist,At Intersection,Not a Cyclist,Intersection Area,Not a Cyclist,Not Applicable,Not a Cyclist,Westbound,Straight Through,Unknown,8,Not Applicable,740,Dash/Dart-Out,0,Not a Cyclist,
32,320013,0,1,5,Pedestrian,21,Male,Yes,Yes,None Noted,741,Dash,0,Not a Cyclist,At Intersection,Not a Cyclist,Intersection Area,Not a Cyclist,Not Applicable,Not a Cyclist,Westbound,Straight Through,Unknown,8,Not Applicable,740,Dash/Dart-Out,0,Not a Cyclist,
17,170161,0,1,5,Pedestrian,79,Female,Yes,Yes,None Noted,741,Dash,0,Not a Cyclist,At Intersection,Not a Cyclist,Intersection Area,Not a Cyclist,Not Applicable,Not a Cyclist,Westbound,Straight Through,Unknown,8,Not Applicable,740,Dash/Dart-Out,0,Not a Cyclist,
54,540107,0,1,5,Pedestrian,2,Male,None Noted,None Noted,None Noted,741,Dash,0,Not a Cyclist,At Intersection,Not a Cyclist,Intersection Area,Not a Cyclist,Not Applicable,Not a Cyclist,Northbound,Straight Through,Unknown,8,Not Applicable,740,Dash/Dart-Out,0,Not a Cyclist,
4,40518,0,1,5,Pedestrian,64,Male,None Noted,Yes,None Noted,741,Dash,0,Not a Cyclist,At Intersection,Not a Cyclist,Intersection Area,Not a Cyclist,Not Applicable,Not a Cyclist,Westbound,Straight Through,Unknown,8,Not Applicable,740,Dash/Dart-Out,0,Not a Cyclist,
53,530461,0,2,5,Pedestrian,16,Male,None Noted,None Noted,None Noted,741,Dash,0,Not a Cyclist,At Intersection,Not a Cyclist,Intersection Area,Not a Cyclist,Not Applicable,Not a Cyclist,Westbound,Straight Through,Unknown,8,Not Applicable,740,Dash/Dart-Out,0,Not a Cyclist,
8,80354,0,1,5,Pedestrian,29,Male,None Noted,None Noted,None Noted,311,Working in Roadway,0,Not a Cyclist,At Intersection,Not a Cyclist,Intersection Area,Not a Cyclist,Not Applicable,Not a Cyclist,Westbound,Left Turn,Unknown,8,Not Applicable,310,Working or Playing in Roadway,0,Not a Cyclist,
5,50235,0,1,8,Person on Personal Conveyances,8,Male,None Noted,None Noted,None Noted,312,Playing in Roadway,0,Not a Cyclist,At Intersection,Not a Cyclist,Intersection Area,Not a Cyclist,Not Applicable,Not a Cyclist,Westbound,Straight Through,Unknown,8,Not Applicable,310,Working or Playing in Roadway,0,Not a Cyclist,
53,530405,0,1,5,Pedestrian,11,Female,None Noted,None Noted,None Noted,312,Playing in Roadway,0,Not a Cyclist,At Intersection,Not a Cyclist,Intersection Area,Not a Cyclist,Not Applicable,Not a Cyclist,Southbound,Straight Through,Unknown,8,Not Applicable,310,Working or Playing in Roadway,0,Not a Cyclist,
26,260841,0,1,5,Pedestrian,81,Male,None Noted,None Noted,None Noted,140,Vehicle-Vehicle/Object,0,Not a Cyclist,At Intersection,Not a Cyclist,Intersection Area,Not a Cyclist,Not Applicable,Not a Cyclist,Northbound,Straight Through,Unknown,8,Not Applicable,100,Unusual Circumstances,0,Not a Cyclist,
22,220402,0,1,5,Pedestrian,36,Male,None Noted,None Noted,None Noted,230,Disabled Vehicle-Related,0,Not a Cyclist,At Intersection,Not a Cyclist,Intersection Area,Not a Cyclist,Not Applicable,Not a Cyclist,Eastbound,Straight Through,Unknown,8,Not Applicable,100,Unusual Circumstances,0,Not a Cyclist,
1,10324,0,1,5,Pedestrian,34,Male,None Noted,None Noted,None Noted,230,Disabled Vehicle-Related,0,Not a Cyclist,At Intersection,Not a Cyclist,Intersection Area,Not a Cyclist,Not Applicable,Not a Cyclist,Westbound,Straight Through,Unknown,8,Not Applicable,100,Unusual Circumstances,0,Not a Cyclist,
36,360896,0,1,5,Pedestrian,33,Male,None Noted,Yes,None Noted,160,Pedestrian Loss of Control,0,Not a Cyclist,At Intersection,Not a Cyclist,Intersection Area,Not a Cyclist,Not Applicable,Not a Cyclist,Southbound,Straight Through,Unknown,8,Not Applicable,100,Unusual Circumstances,0,Not a Cyclist,
53,530145,0,1,8,Person on Personal Conveyances,7,Female,None Noted,None Noted,None Noted,250,Play Vehicle-Related,0,Not a Cyclist,At Intersection,Not a Cyclist,Intersection Area,Not a Cyclist,Not Applicable,Not a Cyclist,Northbound,Left Turn,Unknown,8,Not Applicable,100,Unusual Circumstances,0,Not a Cyclist,
39,390299,0,1,5,Pedestrian,36,Male,None Noted,None Noted,None Noted,690,At Intersection – Other/Unknown,0,Not a Cyclist,At Intersection,Not a Cyclist,Intersection Area,Not a Cyclist,Not Applicable,Not a Cyclist,Eastbound,Straight Through,Unknown,8,Not Applicable,990,Other/Unknown – Insufficient Details,0,Not a Cyclist,
12,120433,0,1,5,Pedestrian,22,Female,None Noted,None Noted,None Noted,690,At Intersection – Other/Unknown,0,Not a Cyclist,At Intersection,Not a Cyclist,Intersection Area,Not a Cyclist,Not Applicable,Not a Cyclist,Westbound,Straight Through,Unknown,8,Not Applicable,990,Other/Unknown – Insufficient Details,0,Not a Cyclist,
29,290774,0,1,5,Pedestrian,24,Male,None Noted,None Noted,None Noted,690,At Intersection – Other/Unknown,0,Not a Cyclist,At Intersection,Not a Cyclist,Intersection Area,Not a Cyclist,Not Applicable,Not a Cyclist,Northbound,Straight Through,Unknown,8,Not Applicable,990,Other/Unknown – Insufficient Details,0,Not a Cyclist,
17,170738,0,1,5,Pedestrian,75,Male,Yes,Yes,None Noted,690,At Intersection – Other/Unknown,0,Not a Cyclist,At Intersection,Not a Cyclist,Intersection Area,Not a Cyclist,Not Applicable,Not a Cyclist,Westbound,Straight Through,Unknown,8,Not Applicable,990,Other/Unknown – Insufficient Details,0,Not a Cyclist,
51,510141,0,1,5,Pedestrian,63,Female,None Noted,None Noted,None Noted,690,At Intersection – Other/Unknown,0,Not a Cyclist,At Intersection,Not a Cyclist,Intersection Area,Not a Cyclist,Not Applicable,Not a Cyclist,Eastbound,Straight Through,Unknown,8,Not Applicable,990,Other/Unknown – Insufficient Details,0,Not a Cyclist,
47,470094,0,1,5,Pedestrian,24,Female,None Noted,Yes,None Noted,690,At Intersection – Other/Unknown,0,Not a Cyclist,At Intersection,Not a Cyclist,Intersection Area,Not a Cyclist,Not Applicable,Not a Cyclist,Northbound,Straight Through,Unknown,8,Not Applicable,990,Other/Unknown – Insufficient Details,0,Not a Cyclist,
39,391041,0,1,5,Pedestrian,51,Male,None Noted,None Noted,None Noted,690,At Intersection – Other/Unknown,0,Not a Cyclist,At Intersection,Not a Cyclist,Intersection Area,Not a Cyclist,Not Applicable,Not a Cyclist,Westbound,Straight Through,Unknown,8,Not Applicable,990,Other/Unknown – Insufficient Details,0,Not a Cyclist,
22,220396,0,1,5,Pedestrian,45,Male,None Noted,None Noted,None Noted,690,At Intersection – Other/Unknown,0,Not a Cyclist,At Intersection,Not a Cyclist,Intersection Area,Not a Cyclist,Not Applicable,Not a Cyclist,Eastbound,Straight Through,Unknown,8,Not Applicable,990,Other/Unknown – Insufficient Details,0,Not a Cyclist,
9,90010,0,1,5,Pedestrian,68,Male,Yes,Yes,None Noted,690,At Intersection – Other/Unknown,0,Not a Cyclist,At Intersection,Not a Cyclist,Intersection Area,Not a Cyclist,Not Applicable,Not a Cyclist,Southbound,Straight Through,Unknown,8,Not Applicable,990,Other/Unknown – Insufficient Details,0,Not a Cyclist,
18,180581,0,1,5,Pedestrian,59,Male,Unknown,None Noted,None Noted,690,At Intersection – Other/Unknown,0,Not a Cyclist,At Intersection,Not a Cyclist,Intersection Area,Not a Cyclist,Not Applicable,Not a Cyclist,Northbound,Straight Through,Unknown,8,Not Applicable,990,Other/Unknown – Insufficient Details,0,Not a Cyclist,
29,290550,0,1,5,Pedestrian,32,Male,None Noted,Yes,None Noted,690,At Intersection – Other/Unknown,0,Not a Cyclist,At Intersection,Not a Cyclist,Intersection Area,Not a Cyclist,Not Applicable,Not a Cyclist,Eastbound,Straight Through,Unknown,8,Not Applicable,990,Other/Unknown – Insufficient Details,0,Not a Cyclist,
22,220316,0,1,5,Pedestrian,23,Female,None Noted,Yes,None Noted,690,At Intersection – Other/Unknown,0,Not a Cyclist,At Intersection,Not a Cyclist,Intersection Area,Not a Cyclist,Not Applicable,Not a Cyclist,Southbound,Straight Through,Unknown,8,Not Applicable,990,Other/Unknown – Insufficient Details,0,Not a Cyclist,
17,170246,0,1,5,Pedestrian,58,Male,Yes,Yes,None Noted,690,At Intersection – Other/Unknown,0,Not a Cyclist,At Intersection,Not a Cyclist,Intersection Area,Not a Cyclist,Not Applicable,Not a Cyclist,Westbound,Straight Through,Unknown,8,Not Applicable,990,Other/Unknown – Insufficient Details,0,Not a Cyclist,
17,170150,0,1,5,Pedestrian,11,Male,None Noted,Yes,None Noted,690,At Intersection – Other/Unknown,0,Not a Cyclist,At Intersection,Not a Cyclist,Intersection Area,Not a Cyclist,Not Applicable,Not a Cyclist,Eastbound,Straight Through,Unknown,8,Not Applicable,990,Other/Unknown – Insufficient Details,0,Not a Cyclist,
48,482427,0,1,5,Pedestrian,53,Male,None Noted,None Noted,None Noted,690,At Intersection – Other/Unknown,0,Not a Cyclist,At Intersection,Not a Cyclist,Intersection Area,Not a Cyclist,Not Applicable,Not a Cyclist,Westbound,Straight Through,Unknown,8,Not Applicable,990,Other/Unknown – Insufficient Details,0,Not a Cyclist,
48,480250,0,1,5,Pedestrian,65,Male,Unknown,Unknown,None Noted,690,At Intersection – Other/Unknown,0,Not a Cyclist,At Intersection,Not a Cyclist,Intersection Area,Not a Cyclist,Not Applicable,Not a Cyclist,Northbound,Straight Through,Unknown,8,Not Applicable,990,Other/Unknown – Insufficient Details,0,Not a Cyclist,
12,122242,0,1,5,Pedestrian,6,Male,None Noted,None Noted,None Noted,690,At Intersection – Other/Unknown,0,Not a Cyclist,At Intersection,Not a Cyclist,Intersection Area,Not a Cyclist,Not Applicable,Not a Cyclist,Northbound,Straight Through,Unknown,8,Not Applicable,990,Other/Unknown – Insufficient Details,0,Not a Cyclist,
22,220676,0,1,5,Pedestrian,50,Male,None Noted,None Noted,None Noted,710,Multiple Threat,0,Not a Cyclist,At Intersection,Not a Cyclist,Intersection Area,Not a Cyclist,Not Applicable,Not a Cyclist,Northbound,Straight Through,Unknown,8,Not Applicable,720,Multiple Threat/Trapped,0,Not a Cyclist,
49,490141,0,1,5,Pedestrian,54,Female,None Noted,Yes,None Noted,781,Motorist Left Turn – Parallel Paths,0,Not a Cyclist,At Intersection,Not a Cyclist,Intersection Area,Not a Cyclist,Not Applicable,Not a Cyclist,Southbound,Left Turn,Unknown,8,Not Applicable,790,Crossing Roadway – Vehicle Turning,0,Not a Cyclist,
12,120772,0,1,5,Pedestrian,39,Male,None Noted,None Noted,None Noted,781,Motorist Left Turn – Parallel Paths,0,Not a Cyclist,At Intersection,Not a Cyclist,Intersection Area,Not a Cyclist,Not Applicable,Not a Cyclist,Northbound,Left Turn,Unknown,8,Not Applicable,790,Crossing Roadway – Vehicle Turning,0,Not a Cyclist,
32,320260,0,1,5,Pedestrian,85,Male,None Noted,Yes,None Noted,781,Motorist Left Turn – Parallel Paths,0,Not a Cyclist,At Intersection,Not a Cyclist,Intersection Area,Not a Cyclist,Not Applicable,Not a Cyclist,Southbound,Left Turn,Unknown,8,Not Applicable,790,Crossing Roadway – Vehicle Turning,0,Not a Cyclist,
36,360010,0,1,5,Pedestrian,79,Male,Yes,Yes,None Noted,799,Motorist Turn/Merge – Other/Unknown,0,Not a Cyclist,At Intersection,Not a Cyclist,Intersection Area,Not a Cyclist,Not Applicable,Not a Cyclist,Northbound,Left Turn,Unknown,8,Not Applicable,790,Crossing Roadway – Vehicle Turning,0,Not a Cyclist,
22,220616,0,1,5,Pedestrian,55,Female,None Noted,None Noted,None Noted,799,Motorist Turn/Merge – Other/Unknown,0,Not a Cyclist,At Intersection,Not a Cyclist,Intersection Area,Not a Cyclist,Not Applicable,Not a Cyclist,Northbound,Left Turn,Unknown,8,Not Applicable,790,Crossing Roadway – Vehicle Turning,0,Not a Cyclist,
17,171056,0,1,5,Pedestrian,47,Male,Yes,Yes,None Noted,799,Motorist Turn/Merge – Other/Unknown,0,Not a Cyclist,At Intersection,Not a Cyclist,Intersection Area,Not a Cyclist,Not Applicable,Not a Cyclist,Northbound,Right Turn,Unknown,8,Not Applicable,790,Crossing Roadway – Vehicle Turning,0,Not a Cyclist,
29,290567,0,1,8,Person on Personal Conveyances,77,Female,None Noted,None Noted,None Noted,410,Walking/Running Along Roadway With Traffic – From Behind,0,Not a Cyclist,At Intersection,Not a Cyclist,Intersection Area,Not a Cyclist,Not Applicable,Not a Cyclist,Southbound,Straight Through,Unknown,8,Not Applicable,400,Walking/Running Along Roadway,0,Not a Cyclist,
48,482514,0,1,5,Pedestrian,11,Male,None Noted,None Noted,None Noted,440,Walking/Running Along Roadway Against Traffic – From Front,0,Not a Cyclist,At Intersection,Not a Cyclist,Intersection Area,Not a Cyclist,Not Applicable,Not a Cyclist,Northbound,Straight Through,Unknown,8,Not Applicable,400,Walking/Running Along Roadway,0,Not a Cyclist,
42,420209,0,1,5,Pedestrian,28,Male,None Noted,None Noted,None Noted,770,Motorist Failed to Yield,0,Not a Cyclist,At Intersection,Not a Cyclist,Intersection Area,Not a Cyclist,Not Applicable,Not a Cyclist,Southbound,Straight Through,Unknown,8,Not Applicable,750,Crossing Roadway – Vehicle Not Turning,0,Not a Cyclist,
18,180475,0,1,5,Pedestrian,19,Male,None Noted,None Noted,None Noted,770,Motorist Failed to Yield,0,Not a Cyclist,At Intersection,Not a Cyclist,Intersection Area,Not a Cyclist,Not Applicable,Not a Cyclist,Northbound,Straight Through,Unknown,8,Not Applicable,750,Crossing Roadway – Vehicle Not Turning,0,Not a Cyclist,
36,360920,0,1,5,Pedestrian,72,Male,Yes,Yes,None Noted,770,Motorist Failed to Yield,0,Not a Cyclist,At Intersection,Not a Cyclist,Intersection Area,Not a Cyclist,Not Applicable,Not a Cyclist,Eastbound,Straight Through,Unknown,8,Not Applicable,750,Crossing Roadway – Vehicle Not Turning,0,Not a Cyclist,
22,220128,0,1,5,Pedestrian,79,Male,None Noted,None Noted,None Noted,760,Pedestrian Failed to Yield,0,Not a Cyclist,At Intersection,Not a Cyclist,Intersection Area,Not a Cyclist,Not Applicable,Not a Cyclist,Southbound,Straight Through,Unknown,8,Not Applicable,750,Crossing Roadway – Vehicle Not Turning,0,Not a Cyclist,
34,340335,0,1,5,Pedestrian,35,Male,None Noted,Yes,Unknown,760,Pedestrian Failed to Yield,0,Not a Cyclist,At Intersection,Not a Cyclist,Intersection Area,Not a Cyclist,Not Applicable,Not a Cyclist,Southbound,Straight Through,Unknown,8,Not Applicable,750,Crossing Roadway – Vehicle Not Turning,0,Not a Cyclist,
34,340334,0,1,5,Pedestrian,71,Male,None Noted,Yes,Unknown,760,Pedestrian Failed to Yield,0,Not a Cyclist,At Intersection,Not a Cyclist,Intersection Area,Not a Cyclist,Not Applicable,Not a Cyclist,Westbound,Straight Through,Unknown,8,Not Applicable,750,Crossing Roadway – Vehicle Not Turning,0,Not a Cyclist,
34,340571,0,1,5,Pedestrian,37,Female,Yes,Yes,None Noted,760,Pedestrian Failed to Yield,0,Not a Cyclist,At Intersection,Not a Cyclist,Intersection Area,Not a Cyclist,Not Applicable,Not a Cyclist,Westbound,Straight Through,Unknown,8,Not Applicable,750,Crossing Roadway – Vehicle Not Turning,0,Not a Cyclist,
48,482122,0,1,5,Pedestrian,53,Female,None Noted,None Noted,None Noted,760,Pedestrian Failed to Yield,0,Not a Cyclist,At Intersection,Not a Cyclist,Intersection Area,Not a Cyclist,Not Applicable,Not a Cyclist,Northbound,Straight Through,Unknown,8,Not Applicable,750,Crossing Roadway – Vehicle Not Turning,0,Not a Cyclist,
48,482557,0,1,5,Pedestrian,49,Female,None Noted,None Noted,None Noted,760,Pedestrian Failed to Yield,0,Not a Cyclist,At Intersection,Not a Cyclist,Intersection Area,Not a Cyclist,Not Applicable,Not a Cyclist,Westbound,Straight Through,Unknown,8,Not Applicable,750,Crossing Roadway – Vehicle Not Turning,0,Not a Cyclist,
29,290765,0,1,5,Pedestrian,42,Male,Yes,Yes,None Noted,760,Pedestrian Failed to Yield,0,Not a Cyclist,At Intersection,Not a Cyclist,Intersection Area,Not a Cyclist,Not Applicable,Not a Cyclist,Northbound,Straight Through,Unknown,8,Not Applicable,750,Crossing Roadway – Vehicle Not Turning,0,Not a Cyclist,
48,482744,0,1,5,Pedestrian,48,Male,None Noted,None Noted,None Noted,760,Pedestrian Failed to Yield,0,Not a Cyclist,At Intersection,Not a Cyclist,Intersection Area,Not a Cyclist,Not Applicable,Not a Cyclist,Westbound,Straight Through,Unknown,8,Not Applicable,750,Crossing Roadway – Vehicle Not Turning,0,Not a Cyclist,
39,390105,0,1,8,Person on Personal Conveyances,17,Female,None Noted,None Noted,None Noted,760,Pedestrian Failed to Yield,0,Not a Cyclist,At Intersection,Not a Cyclist,Intersection Area,Not a Cyclist,Not Applicable,Not a Cyclist,Northbound,Straight Through,Unknown,8,Not Applicable,750,Crossing Roadway – Vehicle Not Turning,0,Not a Cyclist,
55,550099,0,1,5,Pedestrian,61,Male,None Noted,None Noted,None Noted,760,Pedestrian Failed to Yield,0,Not a Cyclist,At Intersection,Not a Cyclist,Intersection Area,Not a Cyclist,Not Applicable,Not a Cyclist,Westbound,Straight Through,Unknown,8,Not Applicable,750,Crossing Roadway – Vehicle Not Turning,0,Not a Cyclist,
34,340490,0,1,5,Pedestrian,11,Male,Yes,Unknown,None Noted,760,Pedestrian Failed to Yield,0,Not a Cyclist,At Intersection,Not a Cyclist,Intersection Area,Not a Cyclist,Not Applicable,Not a Cyclist,Southbound,Straight Through,Unknown,8,Not Applicable,750,Crossing Roadway – Vehicle Not Turning,0,Not a Cyclist,
48,482438,0,1,5,Pedestrian,64,Male,Unknown,Unknown,None Noted,760,Pedestrian Failed to Yield,0,Not a Cyclist,At Intersection,Not a Cyclist,Intersection Area,Not a Cyclist,Not Applicable,Not a Cyclist,Southbound,Straight Through,Unknown,8,Not Applicable,750,Crossing Roadway – Vehicle Not Turning,0,Not a Cyclist,
34,340335,0,2,5,Pedestrian,30,Female,None Noted,Yes,Unknown,760,Pedestrian Failed to Yield,0,Not a Cyclist,At Intersection,Not a Cyclist,Intersection Area,Not a Cyclist,Not Applicable,Not a Cyclist,Southbound,Straight Through,Unknown,8,Not Applicable,750,Crossing Roadway – Vehicle Not Turning,0,Not a Cyclist,
15,150007,0,1,8,Person on Personal Conveyances,23,Male,Yes,None Noted,None Noted,760,Pedestrian Failed to Yield,0,Not a Cyclist,At Intersection,Not a Cyclist,Intersection Area,Not a Cyclist,Not Applicable,Not a Cyclist,Southbound,Straight Through,Unknown,8,Not Applicable,750,Crossing Roadway – Vehicle Not Turning,0,Not a Cyclist,
4,40192,0,1,5,Pedestrian,51,Male,None Noted,Yes,None Noted,760,Pedestrian Failed to Yield,0,Not a Cyclist,At Intersection,Not a Cyclist,Intersection Area,Not a Cyclist,Not Applicable,Not a Cyclist,Northbound,Straight Through,Unknown,8,Not Applicable,750,Crossing Roadway – Vehicle Not Turning,0,Not a Cyclist,
47,470152,0,1,5,Pedestrian,33,Male,None Noted,None Noted,None Noted,760,Pedestrian Failed to Yield,0,Not a Cyclist,At Intersection,Not a Cyclist,Intersection Area,Not a Cyclist,Not Applicable,Not a Cyclist,Southbound,Straight Through,Unknown,8,Not Applicable,750,Crossing Roadway – Vehicle Not Turning,0,Not a Cyclist,
48,481035,0,1,5,Pedestrian,59,Male,None Noted,None Noted,None Noted,760,Pedestrian Failed to Yield,0,Not a Cyclist,At Intersection,Not a Cyclist,Intersection Area,Not a Cyclist,Not Applicable,Not a Cyclist,Northbound,Straight Through,Unknown,8,Not Applicable,750,Crossing Roadway – Vehicle Not Turning,0,Not a Cyclist,
5,50078,0,1,5,Pedestrian,20,Male,None Noted,None Noted,None Noted,760,Pedestrian Failed to Yield,0,Not a Cyclist,At Intersection,Not a Cyclist,Intersection Area,Not a Cyclist,Not Applicable,Not a Cyclist,Southbound,Straight Through,Unknown,8,Not Applicable,750,Crossing Roadway – Vehicle Not Turning,0,Not a Cyclist,
4,40603,0,1,5,Pedestrian,22,Male,None Noted,Yes,None Noted,760,Pedestrian Failed to Yield,0,Not a Cyclist,At Intersection,Not a Cyclist,Intersection Area,Not a Cyclist,Not Applicable,Not a Cyclist,Southbound,Straight Through,Unknown,8,Not Applicable,750,Crossing Roadway – Vehicle Not Turning,0,Not a Cyclist,
10,100005,0,1,5,Pedestrian,16,Male,None Noted,None Noted,None Noted,760,Pedestrian Failed to Yield,0,Not a Cyclist,At Intersection,Not a Cyclist,Intersection Area,Not a Cyclist,Not Applicable,Not a Cyclist,Northbound,Straight Through,Unknown,8,Not Applicable,750,Crossing Roadway – Vehicle Not Turning,0,Not a Cyclist,
4,40221,0,1,5,Pedestrian,53,Female,None Noted,Yes,None Noted,760,Pedestrian Failed to Yield,0,Not a Cyclist,At Intersection,Not a Cyclist,Intersection Area,Not a Cyclist,Not Applicable,Not a Cyclist,Southbound,Straight Through,Unknown,8,Not Applicable,750,Crossing Roadway – Vehicle Not Turning,0,Not a Cyclist,