state_number,consecutive_number,vehicle_number,person_number,person_type,person_type_name,age,sex,marked_crosswalk_present,sidewalk_present,school_zone,crash_type_pedestrian,crash_type_pedestrian_name,crash_type_bicycle,crash_type_bicycle_name,crash_location_pedestrian,crash_location_bicycle,pedestrian_position,bicyclist_position,pedestrian_initial_direction_of_travel,bicyclist_initial_direction_of_travel,motorist_initial_direction_of_travel,motorist_maneuver,intersection_leg,pedestrian_scenario,pedestrian_scenario_name,crash_group_pedestrian,crash_group_pedestrian_name,crash_group_bicycle,crash_group_bicycle_name
32,320289,0,1,5,Pedestrian,58,Male,None Noted,Yes,None Noted,760,Pedestrian Failed to Yield,0,Not a Cyclist,At Intersection,Not a Cyclist,Intersection Area,Not a Cyclist,Not Applicable,Not a Cyclist,Westbound,Straight Through,Unknown,8,Not Applicable,750,Crossing Roadway – Vehicle Not Turning,0,Not a Cyclist,
29,290821,0,1,5,Pedestrian,78,Male,None Noted,None Noted,None Noted,760,Pedestrian Failed to Yield,0,Not a Cyclist,At Intersection,Not a Cyclist,Intersection Area,Not a Cyclist,Not Applicable,Not a Cyclist,Westbound,Straight Through,Unknown,8,Not Applicable,750,Crossing Roadway – Vehicle Not Turning,0,Not a Cyclist,
4,40056,0,1,5,Pedestrian,61,Male,None Noted,Yes,None Noted,760,Pedestrian Failed to Yield,0,Not a Cyclist,At Intersection,Not a Cyclist,Intersection Area,Not a Cyclist,Not Applicable,Not a Cyclist,Southbound,Straight Through,Unknown,8,Not Applicable,750,Crossing Roadway – Vehicle Not Turning,0,Not a Cyclist,
48,480014,0,1,5,Pedestrian,56,Male,Yes,Yes,None Noted,760,Pedestrian Failed to Yield,0,Not a Cyclist,At Intersection,Not a Cyclist,Intersection Area,Not a Cyclist,Not Applicable,Not a Cyclist,Southbound,Straight Through,Unknown,8,Not Applicable,750,Crossing Roadway – Vehicle Not Turning,0,Not a Cyclist,
34,340079,0,1,5,Pedestrian,43,Male,Unknown,Yes,Unknown,320,Entering/Exiting Parked or Stopped Vehicle,0,Not a Cyclist,Intersection-Related,Not a Cyclist,Paved Shoulder/Bicycle Lane/Parking Lane,Not a Cyclist,Not Applicable,Not a Cyclist,Northbound,Straight Through,Unknown,8,Not Applicable,350,Unique Midblock,0,Not a Cyclist,
12,121069,0,1,5,Pedestrian,17,Male,None Noted,None Noted,None Noted,420,Walking/Running Along Roadway With Traffic – From Front,0,Not a Cyclist,Intersection-Related,Not a Cyclist,Paved Shoulder/Bicycle Lane/Parking Lane,Not a Cyclist,Not Applicable,Not a Cyclist,Southbound,Straight Through,Unknown,8,Not Applicable,400,Walking/Running Along Roadway,0,Not a Cyclist,
12,120502,0,1,5,Pedestrian,38,Male,None Noted,None Noted,None Noted,410,Walking/Running Along Roadway With Traffic – From Behind,0,Not a Cyclist,Intersection-Related,Not a Cyclist,Paved Shoulder/Bicycle Lane/Parking Lane,Not a Cyclist,Not Applicable,Not a Cyclist,Southbound,Straight Through,Unknown,8,Not Applicable,400,Walking/Running Along Roadway,0,Not a Cyclist,
34,340344,0,2,5,Pedestrian,25,Female,Yes,Yes,Unknown,140,Vehicle-Vehicle/Object,0,Not a Cyclist,Intersection-Related,Not a Cyclist,Sidewalk/Shared-Use Path/Driveway Access,Not a Cyclist,Not Applicable,Not a Cyclist,Eastbound,Straight Through,Unknown,8,Not Applicable,100,Unusual Circumstances,0,Not a Cyclist,
36,360256,0,1,5,Pedestrian,51,Female,None Noted,Yes,None Noted,140,Vehicle-Vehicle/Object,0,Not a Cyclist,Intersection-Related,Not a Cyclist,Sidewalk/Shared-Use Path/Driveway Access,Not a Cyclist,Not Applicable,Not a Cyclist,Northbound,Straight Through,Unknown,8,Not Applicable,100,Unusual Circumstances,0,Not a Cyclist,
36,360256,0,2,5,Pedestrian,57,Male,None Noted,Yes,None Noted,140,Vehicle-Vehicle/Object,0,Not a Cyclist,Intersection-Related,Not a Cyclist,Sidewalk/Shared-Use Path/Driveway Access,Not a Cyclist,Not Applicable,Not a Cyclist,Northbound,Straight Through,Unknown,8,Not Applicable,100,Unusual Circumstances,0,Not a Cyclist,
36,360423,0,1,5,Pedestrian,29,Male,Yes,Yes,None Noted,140,Vehicle-Vehicle/Object,0,Not a Cyclist,Intersection-Related,Not a Cyclist,Sidewalk/Shared-Use Path/Driveway Access,Not a Cyclist,Not Applicable,Not a Cyclist,Eastbound,Straight Through,Unknown,8,Not Applicable,100,Unusual Circumstances,0,Not a Cyclist,
4,40650,0,1,5,Pedestrian,23,Female,Yes,Yes,None Noted,140,Vehicle-Vehicle/Object,0,Not a Cyclist,Intersection-Related,Not a Cyclist,Sidewalk/Shared-Use Path/Driveway Access,Not a Cyclist,Not Applicable,Not a Cyclist,Northbound,Straight Through,Unknown,8,Not Applicable,100,Unusual Circumstances,0,Not a Cyclist,
34,340344,0,1,5,Pedestrian,24,Female,Yes,Yes,Unknown,140,Vehicle-Vehicle/Object,0,Not a Cyclist,Intersection-Related,Not a Cyclist,Sidewalk/Shared-Use Path/Driveway Access,Not a Cyclist,Not Applicable,Not a Cyclist,Eastbound,Straight Through,Unknown,8,Not Applicable,100,Unusual Circumstances,0,Not a Cyclist,
34,340117,0,3,5,Pedestrian,16,Male,Yes,Yes,Unknown,150,Motor Vehicle Loss of Control,0,Not a Cyclist,Intersection-Related,Not a Cyclist,Sidewalk/Shared-Use Path/Driveway Access,Not a Cyclist,Not Applicable,Not a Cyclist,Northbound,Straight Through,Unknown,8,Not Applicable,100,Unusual Circumstances,0,Not a Cyclist,
32,320265,0,1,5,Pedestrian,37,Male,Yes,Yes,Unknown,140,Vehicle-Vehicle/Object,0,Not a Cyclist,Intersection-Related,Not a Cyclist,Sidewalk/Shared-Use Path/Driveway Access,Not a Cyclist,Not Applicable,Not a Cyclist,Westbound,Straight Through,Unknown,8,Not Applicable,100,Unusual Circumstances,0,Not a Cyclist,
34,340117,0,1,5,Pedestrian,15,Male,Yes,Yes,Unknown,150,Motor Vehicle Loss of Control,0,Not a Cyclist,Intersection-Related,Not a Cyclist,Sidewalk/Shared-Use Path/Driveway Access,Not a Cyclist,Not Applicable,Not a Cyclist,Northbound,Straight Through,Unknown,8,Not Applicable,100,Unusual Circumstances,0,Not a Cyclist,
34,340117,0,2,5,Pedestrian,17,Male,Yes,Yes,Unknown,150,Motor Vehicle Loss of Control,0,Not a Cyclist,Intersection-Related,Not a Cyclist,Sidewalk/Shared-Use Path/Driveway Access,Not a Cyclist,Not Applicable,Not a Cyclist,Northbound,Straight Through,Unknown,8,Not Applicable,100,Unusual Circumstances,0,Not a Cyclist,
36,360388,0,1,5,Pedestrian,21,Female,Yes,Yes,None Noted,150,Motor Vehicle Loss of Control,0,Not a Cyclist,Intersection-Related,Not a Cyclist,Sidewalk/Shared-Use Path/Driveway Access,Not a Cyclist,Not Applicable,Not a Cyclist,Westbound,Straight Through,Unknown,8,Not Applicable,100,Unusual Circumstances,0,Not a Cyclist,
42,420483,0,3,5,Pedestrian,2,Male,None Noted,Yes,None Noted,690,At Intersection – Other/Unknown,0,Not a Cyclist,Intersection-Related,Not a Cyclist,Sidewalk/Shared-Use Path/Driveway Access,Not a Cyclist,Not Applicable,Not a Cyclist,Westbound,Straight Through,Unknown,8,Not Applicable,990,Other/Unknown – Insufficient Details,0,Not a Cyclist,
42,420483,0,2,5,Pedestrian,2,Male,None Noted,Yes,None Noted,690,At Intersection – Other/Unknown,0,Not a Cyclist,Intersection-Related,Not a Cyclist,Sidewalk/Shared-Use Path/Driveway Access,Not a Cyclist,Not Applicable,Not a Cyclist,Westbound,Straight Through,Unknown,8,Not Applicable,990,Other/Unknown – Insufficient Details,0,Not a Cyclist,
42,420483,0,1,5,Pedestrian,40,Female,None Noted,Yes,None Noted,690,At Intersection – Other/Unknown,0,Not a Cyclist,Intersection-Related,Not a Cyclist,Sidewalk/Shared-Use Path/Driveway Access,Not a Cyclist,Not Applicable,Not a Cyclist,Westbound,Straight Through,Unknown,8,Not Applicable,990,Other/Unknown – Insufficient Details,0,Not a Cyclist,
29,290863,0,1,5,Pedestrian,88,Male,None Noted,Yes,None Noted,690,At Intersection – Other/Unknown,0,Not a Cyclist,Intersection-Related,Not a Cyclist,Sidewalk/Shared-Use Path/Driveway Access,Not a Cyclist,Not Applicable,Not a Cyclist,Westbound,Left Turn,Unknown,8,Not Applicable,990,Other/Unknown – Insufficient Details,0,Not a Cyclist,
36,360452,0,1,5,Pedestrian,63,Female,Yes,Yes,None Noted,690,At Intersection – Other/Unknown,0,Not a Cyclist,Intersection-Related,Not a Cyclist,Sidewalk/Shared-Use Path/Driveway Access,Not a Cyclist,Not Applicable,Not a Cyclist,Northbound,Straight Through,Unknown,8,Not Applicable,990,Other/Unknown – Insufficient Details,0,Not a Cyclist,
8,80018,0,1,5,Pedestrian,51,Male,None Noted,Yes,None Noted,690,At Intersection – Other/Unknown,0,Not a Cyclist,Intersection-Related,Not a Cyclist,Sidewalk/Shared-Use Path/Driveway Access,Not a Cyclist,Unknown Initial Direction of Travel,Not a Cyclist,Eastbound,Straight Through,Unknown,8,Not Applicable,990,Other/Unknown – Insufficient Details,0,Not a Cyclist,
34,340148,0,1,5,Pedestrian,17,Male,Yes,Yes,None Noted,690,At Intersection – Other/Unknown,0,Not a Cyclist,Intersection-Related,Not a Cyclist,Sidewalk/Shared-Use Path/Driveway Access,Not a Cyclist,Not Applicable,Not a Cyclist,Southbound,Straight Through,Unknown,8,Not Applicable,990,Other/Unknown – Insufficient Details,0,Not a Cyclist,
34,340054,0,1,5,Pedestrian,37,Female,None Noted,Yes,Unknown,690,At Intersection – Other/Unknown,0,Not a Cyclist,Intersection-Related,Not a Cyclist,Sidewalk/Shared-Use Path/Driveway Access,Not a Cyclist,Not Applicable,Not a Cyclist,Eastbound,Straight Through,Unknown,8,Not Applicable,990,Other/Unknown – Insufficient Details,0,Not a Cyclist,
34,340054,0,2,5,Pedestrian,6,Male,None Noted,Yes,None Noted,690,At Intersection – Other/Unknown,0,Not a Cyclist,Intersection-Related,Not a Cyclist,Sidewalk/Shared-Use Path/Driveway Access,Not a Cyclist,Not Applicable,Not a Cyclist,Eastbound,Straight Through,Unknown,8,Not Applicable,990,Other/Unknown – Insufficient Details,0,Not a Cyclist,
36,360438,0,1,5,Pedestrian,2,Female,None Noted,Yes,None Noted,212,Backing Vehicle – Driveway Access,0,Not a Cyclist,Intersection-Related,Not a Cyclist,Sidewalk/Shared-Use Path/Driveway Access,Not a Cyclist,Not Applicable,Not a Cyclist,Northbound,Straight Through,Unknown,8,Not Applicable,200,Backing Vehicle,0,Not a Cyclist,
12,121140,0,1,5,Pedestrian,5,Male,None Noted,Yes,None Noted,459,Walking/Running Along Roadway – Direction/Position Unknown,0,Not a Cyclist,Intersection-Related,Not a Cyclist,Sidewalk/Shared-Use Path/Driveway Access,Not a Cyclist,Not Applicable,Not a Cyclist,Westbound,Right Turn,Unknown,8,Not Applicable,400,Walking/Running Along Roadway,0,Not a Cyclist,
48,481796,0,1,5,Pedestrian,57,Male,Yes,Yes,None Noted,620,Walking in Roadway,0,Not a Cyclist,Intersection-Related,Not a Cyclist,Travel Lane,Not a Cyclist,Southbound,Not a Cyclist,Westbound,Straight Through,Nearside,2b,MOTORIST TRAVELING STRAIGHT THROUGH – CRASH OCCURRED ON NEAR (APPROACH) SIDE OF INTERSECTION Pedestrian Outside Crosswalk Area  Traveled From Motorist’s Right.,600,Pedestrian in Roadway – Circumstances Unknown,0,Not a Cyclist,
20,200299,0,1,5,Pedestrian,68,Male,None Noted,None Noted,None Noted,620,Walking in Roadway,0,Not a Cyclist,Intersection-Related,Not a Cyclist,Travel Lane,Not a Cyclist,Northbound,Not a Cyclist,Westbound,Straight Through,Nearside,2a,MOTORIST TRAVELING STRAIGHT THROUGH – CRASH OCCURRED ON NEAR (APPROACH) SIDE OF INTERSECTION Pedestrian Outside Crosswalk Area  Traveled From Motorist’s Left.,600,Pedestrian in Roadway – Circumstances Unknown,0,Not a Cyclist,
12,122962,0,1,5,Pedestrian,53,Male,None Noted,Yes,None Noted,610,Standing in Roadway,0,Not a Cyclist,Intersection-Related,Not a Cyclist,Travel Lane,Not a Cyclist,Southbound,Not a Cyclist,Westbound,Straight Through,Nearside,2b,MOTORIST TRAVELING STRAIGHT THROUGH – CRASH OCCURRED ON NEAR (APPROACH) SIDE OF INTERSECTION Pedestrian Outside Crosswalk Area  Traveled From Motorist’s Right.,600,Pedestrian in Roadway – Circumstances Unknown,0,Not a Cyclist,
5,50518,0,1,5,Pedestrian,79,Male,Unknown,Yes,Unknown,610,Standing in Roadway,0,Not a Cyclist,Intersection-Related,Not a Cyclist,Travel Lane,Not a Cyclist,Northbound,Not a Cyclist,Eastbound,Straight Through,Nearside,2b,MOTORIST TRAVELING STRAIGHT THROUGH – CRASH OCCURRED ON NEAR (APPROACH) SIDE OF INTERSECTION Pedestrian Outside Crosswalk Area  Traveled From Motorist’s Right.,600,Pedestrian in Roadway – Circumstances Unknown,0,Not a Cyclist,
13,131390,0,1,5,Pedestrian,52,Male,None Noted,Yes,None Noted,620,Walking in Roadway,0,Not a Cyclist,Intersection-Related,Not a Cyclist,Travel Lane,Not a Cyclist,Westbound,Not a Cyclist,Northbound,Straight Through,Nearside,2b,MOTORIST TRAVELING STRAIGHT THROUGH – CRASH OCCURRED ON NEAR (APPROACH) SIDE OF INTERSECTION Pedestrian Outside Crosswalk Area  Traveled From Motorist’s Right.,600,Pedestrian in Roadway – Circumstances Unknown,0,Not a Cyclist,
12,121242,0,1,5,Pedestrian,39,Male,None Noted,None Noted,None Noted,610,Standing in Roadway,0,Not a Cyclist,Intersection-Related,Not a Cyclist,Travel Lane,Not a Cyclist,Westbound,Not a Cyclist,Northbound,Straight Through,Nearside,2b,MOTORIST TRAVELING STRAIGHT THROUGH – CRASH OCCURRED ON NEAR (APPROACH) SIDE OF INTERSECTION Pedestrian Outside Crosswalk Area  Traveled From Motorist’s Right.,600,Pedestrian in Roadway – Circumstances Unknown,0,Not a Cyclist,
36,360201,0,2,5,Pedestrian,45,Female,None Noted,Yes,None Noted,610,Standing in Roadway,0,Not a Cyclist,Intersection-Related,Not a Cyclist,Travel Lane,Not a Cyclist,Unknown Initial Direction of Travel,Not a Cyclist,Eastbound,Straight Through,Nearside,2c,MOTORIST TRAVELING STRAIGHT THROUGH – CRASH OCCURRED ON NEAR (APPROACH) SIDE OF INTERSECTION Pedestrian Outside Crosswalk Area  Approach Direction Unknown.,600,Pedestrian in Roadway – Circumstances Unknown,0,Not a Cyclist,
42,420460,0,1,5,Pedestrian,29,Male,None Noted,None Noted,None Noted,313,Lying in Roadway,0,Not a Cyclist,Intersection-Related,Not a Cyclist,Travel Lane,Not a Cyclist,Unknown Initial Direction of Travel,Not a Cyclist,Northbound,Straight Through,Nearside,2c,MOTORIST TRAVELING STRAIGHT THROUGH – CRASH OCCURRED ON NEAR (APPROACH) SIDE OF INTERSECTION Pedestrian Outside Crosswalk Area  Approach Direction Unknown.,600,Pedestrian in Roadway – Circumstances Unknown,0,Not a Cyclist,
51,510143,0,1,5,Pedestrian,56,Female,None Noted,None Noted,None Noted,313,Lying in Roadway,0,Not a Cyclist,Intersection-Related,Not a Cyclist,Travel Lane,Not a Cyclist,Unknown Initial Direction of Travel,Not a Cyclist,Northbound,Straight Through,Nearside,2c,MOTORIST TRAVELING STRAIGHT THROUGH – CRASH OCCURRED ON NEAR (APPROACH) SIDE OF INTERSECTION Pedestrian Outside Crosswalk Area  Approach Direction Unknown.,600,Pedestrian in Roadway – Circumstances Unknown,0,Not a Cyclist,
36,360201,0,3,5,Pedestrian,56,Female,None Noted,Yes,None Noted,610,Standing in Roadway,0,Not a Cyclist,Intersection-Related,Not a Cyclist,Travel Lane,Not a Cyclist,Unknown Initial Direction of Travel,Not a Cyclist,Eastbound,Straight Through,Nearside,2c,MOTORIST TRAVELING STRAIGHT THROUGH – CRASH OCCURRED ON NEAR (APPROACH) SIDE OF INTERSECTION Pedestrian Outside Crosswalk Area  Approach Direction Unknown.,600,Pedestrian in Roadway – Circumstances Unknown,0,Not a Cyclist,
36,360648,0,1,5,Pedestrian,65,Female,None Noted,Yes,None Noted,620,Walking in Roadway,0,Not a Cyclist,Intersection-Related,Not a Cyclist,Travel Lane,Not a Cyclist,Unknown Initial Direction of Travel,Not a Cyclist,Northbound,Straight Through,Nearside,2c,MOTORIST TRAVELING STRAIGHT THROUGH – CRASH OCCURRED ON NEAR (APPROACH) SIDE OF INTERSECTION Pedestrian Outside Crosswalk Area  Approach Direction Unknown.,600,Pedestrian in Roadway – Circumstances Unknown,0,Not a Cyclist,
9,90063,0,1,5,Pedestrian,29,Female,None Noted,Yes,None Noted,313,Lying in Roadway,0,Not a Cyclist,Intersection-Related,Not a Cyclist,Travel Lane,Not a Cyclist,Unknown Initial Direction of Travel,Not a Cyclist,Northbound,Straight Through,Nearside,2c,MOTORIST TRAVELING STRAIGHT THROUGH – CRASH OCCURRED ON NEAR (APPROACH) SIDE OF INTERSECTION Pedestrian Outside Crosswalk Area  Approach Direction Unknown.,600,Pedestrian in Roadway – Circumstances Unknown,0,Not a Cyclist,
34,340493,0,1,5,Pedestrian,31,Male,Yes,Yes,None Noted,620,Walking in Roadway,0,Not a Cyclist,Intersection-Related,Not a Cyclist,Travel Lane,Not a Cyclist,Unknown Initial Direction of Travel,Not a Cyclist,Eastbound,Straight Through,Nearside,2c,MOTORIST TRAVELING STRAIGHT THROUGH – CRASH OCCURRED ON NEAR (APPROACH) SIDE OF INTERSECTION Pedestrian Outside Crosswalk Area  Approach Direction Unknown.,600,Pedestrian in Roadway – Circumstances Unknown,0,Not a Cyclist,
36,360201,0,1,5,Pedestrian,15,Female,None Noted,Yes,None Noted,610,Standing in Roadway,0,Not a Cyclist,Intersection-Related,Not a Cyclist,Travel Lane,Not a Cyclist,Unknown Initial Direction of Travel,Not a Cyclist,Eastbound,Straight Through,Nearside,2c,MOTORIST TRAVELING STRAIGHT THROUGH – CRASH OCCURRED ON NEAR (APPROACH) SIDE OF INTERSECTION Pedestrian Outside Crosswalk Area  Approach Direction Unknown.,600,Pedestrian in Roadway – Circumstances Unknown,0,Not a Cyclist,
48,481585,0,1,5,Pedestrian,35,Male,None Noted,None Noted,None Noted,741,Dash,0,Not a Cyclist,Intersection-Related,Not a Cyclist,Travel Lane,Not a Cyclist,Eastbound,Not a Cyclist,Southbound,Straight Through,Nearside,2b,MOTORIST TRAVELING STRAIGHT THROUGH – CRASH OCCURRED ON NEAR (APPROACH) SIDE OF INTERSECTION Pedestrian Outside Crosswalk Area  Traveled From Motorist’s Right.,740,Dash/Dart-Out,0,Not a Cyclist,
33,330112,0,1,5,Pedestrian,39,Male,None Noted,Yes,None Noted,741,Dash,0,Not a Cyclist,Intersection-Related,Not a Cyclist,Travel Lane,Not a Cyclist,Southbound,Not a Cyclist,Westbound,Straight Through,Nearside,2b,MOTORIST TRAVELING STRAIGHT THROUGH – CRASH OCCURRED ON NEAR (APPROACH) SIDE OF INTERSECTION Pedestrian Outside Crosswalk Area  Traveled From Motorist’s Right.,740,Dash/Dart-Out,0,Not a Cyclist,
21,210058,0,1,5,Pedestrian,59,Male,None Noted,None Noted,None Noted,741,Dash,0,Not a Cyclist,Intersection-Related,Not a Cyclist,Travel Lane,Not a Cyclist,Eastbound,Not a Cyclist,Southbound,Straight Through,Nearside,2b,MOTORIST TRAVELING STRAIGHT THROUGH – CRASH OCCURRED ON NEAR (APPROACH) SIDE OF INTERSECTION Pedestrian Outside Crosswalk Area  Traveled From Motorist’s Right.,740,Dash/Dart-Out,0,Not a Cyclist,
36,360184,0,1,5,Pedestrian,75,Male,None Noted,Yes,None Noted,741,Dash,0,Not a Cyclist,Intersection-Related,Not a Cyclist,Travel Lane,Not a Cyclist,Westbound,Not a Cyclist,Southbound,Straight Through,Nearside,2a,MOTORIST TRAVELING STRAIGHT THROUGH – CRASH OCCURRED ON NEAR (APPROACH) SIDE OF INTERSECTION Pedestrian Outside Crosswalk Area  Traveled From Motorist’s Left.,740,Dash/Dart-Out,0,Not a Cyclist,
9,90236,0,1,5,Pedestrian,19,Male,Yes,Yes,None Noted,741,Dash,0,Not a Cyclist,Intersection-Related,Not a Cyclist,Travel Lane,Not a Cyclist,Northbound,Not a Cyclist,Westbound,Straight Through,Nearside,2a,MOTORIST TRAVELING STRAIGHT THROUGH – CRASH OCCURRED ON NEAR (APPROACH) SIDE OF INTERSECTION Pedestrian Outside Crosswalk Area  Traveled From Motorist’s Left.,740,Dash/Dart-Out,0,Not a Cyclist,
42,421083,0,1,5,Pedestrian,17,Male,None Noted,Yes,None Noted,742,Dart-Out,0,Not a Cyclist,Intersection-Related,Not a Cyclist,Travel Lane,Not a Cyclist,Southbound,Not a Cyclist,Eastbound,Straight Through,Nearside,2a,MOTORIST TRAVELING STRAIGHT THROUGH – CRASH OCCURRED ON NEAR (APPROACH) SIDE OF INTERSECTION Pedestrian Outside Crosswalk Area  Traveled From Motorist’s Left.,740,Dash/Dart-Out,0,Not a Cyclist,
55,550031,0,1,5,Pedestrian,23,Female,None Noted,None Noted,None Noted,742,Dart-Out,0,Not a Cyclist,Intersection-Related,Not a Cyclist,Travel Lane,Not a Cyclist,Eastbound,Not a Cyclist,Northbound,Straight Through,Nearside,2a,MOTORIST TRAVELING STRAIGHT THROUGH – CRASH OCCURRED ON NEAR (APPROACH) SIDE OF INTERSECTION Pedestrian Outside Crosswalk Area  Traveled From Motorist’s Left.,740,Dash/Dart-Out,0,Not a Cyclist,
55,550126,0,1,5,Pedestrian,38,Female,Yes,Yes,None Noted,742,Dart-Out,0,Not a Cyclist,Intersection-Related,Not a Cyclist,Travel Lane,Not a Cyclist,Westbound,Not a Cyclist,Southbound,Straight Through,Nearside,2a,MOTORIST TRAVELING STRAIGHT THROUGH – CRASH OCCURRED ON NEAR (APPROACH) SIDE OF INTERSECTION Pedestrian Outside Crosswalk Area  Traveled From Motorist’s Left.,740,Dash/Dart-Out,0,Not a Cyclist,
19,190174,0,1,8,Person on Personal Conveyances,86,Male,None Noted,Unknown,None Noted,742,Dart-Out,0,Not a Cyclist,Intersection-Related,Not a Cyclist,Travel Lane,Not a Cyclist,Southbound,Not a Cyclist,Eastbound,Straight Through,Nearside,2a,MOTORIST TRAVELING STRAIGHT THROUGH – CRASH OCCURRED ON NEAR (APPROACH) SIDE OF INTERSECTION Pedestrian Outside Crosswalk Area  Traveled From Motorist’s Left.,740,Dash/Dart-Out,0,Not a Cyclist,
13,130759,0,1,5,Pedestrian,65,Male,Yes,Yes,None Noted,741,Dash,0,Not a Cyclist,Intersection-Related,Not a Cyclist,Travel Lane,Not a Cyclist,Westbound,Not a Cyclist,Southbound,Straight Through,Nearside,2a,MOTORIST TRAVELING STRAIGHT THROUGH – CRASH OCCURRED ON NEAR (APPROACH) SIDE OF INTERSECTION Pedestrian Outside Crosswalk Area  Traveled From Motorist’s Left.,740,Dash/Dart-Out,0,Not a Cyclist,
12,121310,0,1,5,Pedestrian,73,Male,None Noted,None Noted,None Noted,741,Dash,0,Not a Cyclist,Intersection-Related,Not a Cyclist,Travel Lane,Not a Cyclist,Eastbound,Not a Cyclist,Northbound,Straight Through,Nearside,2a,MOTORIST TRAVELING STRAIGHT THROUGH – CRASH OCCURRED ON NEAR (APPROACH) SIDE OF INTERSECTION Pedestrian Outside Crosswalk Area  Traveled From Motorist’s Left.,740,Dash/Dart-Out,0,Not a Cyclist,
22,220577,0,1,5,Pedestrian,69,Male,None Noted,None Noted,None Noted,741,Dash,0,Not a Cyclist,Intersection-Related,Not a Cyclist,Travel Lane,Not a Cyclist,Southbound,Not a Cyclist,Eastbound,Straight Through,Nearside,2a,MOTORIST TRAVELING STRAIGHT THROUGH – CRASH OCCURRED ON NEAR (APPROACH) SIDE OF INTERSECTION Pedestrian Outside Crosswalk Area  Traveled From Motorist’s Left.,740,Dash/Dart-Out,0,Not a Cyclist,
25,250338,0,1,5,Pedestrian,76,Male,None Noted,Yes,None Noted,741,Dash,0,Not a Cyclist,Intersection-Related,Not a Cyclist,Travel Lane,Not a Cyclist,Northbound,Not a Cyclist,Westbound,Straight Through,Nearside,2a,MOTORIST TRAVELING STRAIGHT THROUGH – CRASH OCCURRED ON NEAR (APPROACH) SIDE OF INTERSECTION Pedestrian Outside Crosswalk Area  Traveled From Motorist’s Left.,740,Dash/Dart-Out,0,Not a Cyclist,
36,360859,0,1,5,Pedestrian,51,Female,None Noted,Yes,None Noted,741,Dash,0,Not a Cyclist,Intersection-Related,Not a Cyclist,Travel Lane,Not a Cyclist,Northbound,Not a Cyclist,Westbound,Straight Through,Nearside,2a,MOTORIST TRAVELING STRAIGHT THROUGH – CRASH OCCURRED ON NEAR (APPROACH) SIDE OF INTERSECTION Pedestrian Outside Crosswalk Area  Traveled From Motorist’s Left.,740,Dash/Dart-Out,0,Not a Cyclist,
34,340248,0,1,5,Pedestrian,33,Male,Yes,Yes,None Noted,741,Dash,0,Not a Cyclist,Intersection-Related,Not a Cyclist,Travel Lane,Not a Cyclist,Westbound,Not a Cyclist,Southbound,Straight Through,Nearside,2a,MOTORIST TRAVELING STRAIGHT THROUGH – CRASH OCCURRED ON NEAR (APPROACH) SIDE OF INTERSECTION Pedestrian Outside Crosswalk Area  Traveled From Motorist’s Left.,740,Dash/Dart-Out,0,Not a Cyclist,
26,260680,0,1,5,Pedestrian,13,Female,None Noted,Yes,None Noted,741,Dash,0,Not a Cyclist,Intersection-Related,Not a Cyclist,Travel Lane,Not a Cyclist,Eastbound,Not a Cyclist,Northbound,Straight Through,Nearside,2a,MOTORIST TRAVELING STRAIGHT THROUGH – CRASH OCCURRED ON NEAR (APPROACH) SIDE OF INTERSECTION Pedestrian Outside Crosswalk Area  Traveled From Motorist’s Left.,740,Dash/Dart-Out,0,Not a Cyclist,
26,260112,0,1,5,Pedestrian,7,Female,Yes,Yes,Yes,741,Dash,0,Not a Cyclist,Intersection-Related,Not a Cyclist,Travel Lane,Not a Cyclist,Westbound,Not a Cyclist,Southbound,Straight Through,Nearside,2a,MOTORIST TRAVELING STRAIGHT THROUGH – CRASH OCCURRED ON NEAR (APPROACH) SIDE OF INTERSECTION Pedestrian Outside Crosswalk Area  Traveled From Motorist’s Left.,740,Dash/Dart-Out,0,Not a Cyclist,
45,450930,0,1,5,Pedestrian,51,Male,None Noted,Yes,None Noted,742,Dart-Out,0,Not a Cyclist,Intersection-Related,Not a Cyclist,Travel Lane,Not a Cyclist,Westbound,Not a Cyclist,Northbound,Straight Through,Nearside,2b,MOTORIST TRAVELING STRAIGHT THROUGH – CRASH OCCURRED ON NEAR (APPROACH) SIDE OF INTERSECTION Pedestrian Outside Crosswalk Area  Traveled From Motorist’s Right.,740,Dash/Dart-Out,0,Not a Cyclist,
22,220267,0,1,5,Pedestrian,58,Male,None Noted,None Noted,None Noted,741,Dash,0,Not a Cyclist,Intersection-Related,Not a Cyclist,Travel Lane,Not a Cyclist,Southbound,Not a Cyclist,Westbound,Straight Through,Nearside,2b,MOTORIST TRAVELING STRAIGHT THROUGH – CRASH OCCURRED ON NEAR (APPROACH) SIDE OF INTERSECTION Pedestrian Outside Crosswalk Area  Traveled From Motorist’s Right.,740,Dash/Dart-Out,0,Not a Cyclist,
5,50516,0,1,5,Pedestrian,63,Male,None Noted,Yes,Unknown,741,Dash,0,Not a Cyclist,Intersection-Related,Not a Cyclist,Travel Lane,Not a Cyclist,Southbound,Not a Cyclist,Westbound,Straight Through,Nearside,2b,MOTORIST TRAVELING STRAIGHT THROUGH – CRASH OCCURRED ON NEAR (APPROACH) SIDE OF INTERSECTION Pedestrian Outside Crosswalk Area  Traveled From Motorist’s Right.,740,Dash/Dart-Out,0,Not a Cyclist,
17,170934,0,1,5,Pedestrian,59,Male,None Noted,Yes,None Noted,741,Dash,0,Not a Cyclist,Intersection-Related,Not a Cyclist,Travel Lane,Not a Cyclist,Unknown Initial Direction of Travel,Not a Cyclist,Westbound,Straight Through,Nearside,2c,MOTORIST TRAVELING STRAIGHT THROUGH – CRASH OCCURRED ON NEAR (APPROACH) SIDE OF INTERSECTION Pedestrian Outside Crosswalk Area  Approach Direction Unknown.,740,Dash/Dart-Out,0,Not a Cyclist,
36,360356,0,1,5,Pedestrian,21,Male,Yes,Yes,None Noted,741,Dash,0,Not a Cyclist,Intersection-Related,Not a Cyclist,Travel Lane,Not a Cyclist,Unknown Initial Direction of Travel,Not a Cyclist,Eastbound,Straight Through,Nearside,2c,MOTORIST TRAVELING STRAIGHT THROUGH – CRASH OCCURRED ON NEAR (APPROACH) SIDE OF INTERSECTION Pedestrian Outside Crosswalk Area  Approach Direction Unknown.,740,Dash/Dart-Out,0,Not a Cyclist,
48,481577,0,1,8,Person on Personal Conveyances,65,Male,None Noted,Yes,None Noted,741,Dash,0,Not a Cyclist,Intersection-Related,Not a Cyclist,Travel Lane,Not a Cyclist,Unknown Initial Direction of Travel,Not a Cyclist,Eastbound,Straight Through,Nearside,2c,MOTORIST TRAVELING STRAIGHT THROUGH – CRASH OCCURRED ON NEAR (APPROACH) SIDE OF INTERSECTION Pedestrian Outside Crosswalk Area  Approach Direction Unknown.,740,Dash/Dart-Out,0,Not a Cyclist,
39,390276,0,1,5,Pedestrian,47,Female,None Noted,Yes,None Noted,741,Dash,0,Not a Cyclist,Intersection-Related,Not a Cyclist,Travel Lane,Not a Cyclist,Unknown Initial Direction of Travel,Not a Cyclist,Southbound,Straight Through,Nearside,2c,MOTORIST TRAVELING STRAIGHT THROUGH – CRASH OCCURRED ON NEAR (APPROACH) SIDE OF INTERSECTION Pedestrian Outside Crosswalk Area  Approach Direction Unknown.,740,Dash/Dart-Out,0,Not a Cyclist,