state_number,consecutive_number,vehicle_number,person_number,person_type,person_type_name,age,sex,marked_crosswalk_present,sidewalk_present,school_zone,crash_type_pedestrian,crash_type_pedestrian_name,crash_type_bicycle,crash_type_bicycle_name,crash_location_pedestrian,crash_location_bicycle,pedestrian_position,bicyclist_position,pedestrian_initial_direction_of_travel,bicyclist_initial_direction_of_travel,motorist_initial_direction_of_travel,motorist_maneuver,intersection_leg,pedestrian_scenario,pedestrian_scenario_name,crash_group_pedestrian,crash_group_pedestrian_name,crash_group_bicycle,crash_group_bicycle_name
34,340482,0,1,5,Pedestrian,39,Male,Yes,Yes,Unknown,741,Dash,0,Not a Cyclist,Intersection-Related,Not a Cyclist,Travel Lane,Not a Cyclist,Unknown Initial Direction of Travel,Not a Cyclist,Northbound,Straight Through,Nearside,2c,MOTORIST TRAVELING STRAIGHT THROUGH – CRASH OCCURRED ON NEAR (APPROACH) SIDE OF INTERSECTION Pedestrian Outside Crosswalk Area  Approach Direction Unknown.,740,Dash/Dart-Out,0,Not a Cyclist,
20,200176,0,1,5,Pedestrian,60,Female,None Noted,None Noted,None Noted,312,Playing in Roadway,0,Not a Cyclist,Intersection-Related,Not a Cyclist,Travel Lane,Not a Cyclist,Unknown Initial Direction of Travel,Not a Cyclist,Southbound,Straight Through,Nearside,2c,MOTORIST TRAVELING STRAIGHT THROUGH – CRASH OCCURRED ON NEAR (APPROACH) SIDE OF INTERSECTION Pedestrian Outside Crosswalk Area  Approach Direction Unknown.,310,Working or Playing in Roadway,0,Not a Cyclist,
49,490247,0,1,5,Pedestrian,25,Male,Yes,Yes,None Noted,311,Working in Roadway,0,Not a Cyclist,Intersection-Related,Not a Cyclist,Travel Lane,Not a Cyclist,Unknown Initial Direction of Travel,Not a Cyclist,Westbound,Straight Through,Nearside,2c,MOTORIST TRAVELING STRAIGHT THROUGH – CRASH OCCURRED ON NEAR (APPROACH) SIDE OF INTERSECTION Pedestrian Outside Crosswalk Area  Approach Direction Unknown.,310,Working or Playing in Roadway,0,Not a Cyclist,
26,260755,0,1,5,Pedestrian,40,Male,None Noted,Yes,None Noted,311,Working in Roadway,0,Not a Cyclist,Intersection-Related,Not a Cyclist,Travel Lane,Not a Cyclist,Unknown Initial Direction of Travel,Not a Cyclist,Eastbound,Straight Through,Nearside,2c,MOTORIST TRAVELING STRAIGHT THROUGH – CRASH OCCURRED ON NEAR (APPROACH) SIDE OF INTERSECTION Pedestrian Outside Crosswalk Area  Approach Direction Unknown.,310,Working or Playing in Roadway,0,Not a Cyclist,
27,270254,0,1,5,Pedestrian,63,Male,None Noted,None Noted,None Noted,230,Disabled Vehicle-Related,0,Not a Cyclist,Intersection-Related,Not a Cyclist,Travel Lane,Not a Cyclist,Unknown Initial Direction of Travel,Not a Cyclist,Westbound,Straight Through,Nearside,2c,MOTORIST TRAVELING STRAIGHT THROUGH – CRASH OCCURRED ON NEAR (APPROACH) SIDE OF INTERSECTION Pedestrian Outside Crosswalk Area  Approach Direction Unknown.,100,Unusual Circumstances,0,Not a Cyclist,
27,270254,0,2,5,Pedestrian,68,Male,None Noted,None Noted,None Noted,230,Disabled Vehicle-Related,0,Not a Cyclist,Intersection-Related,Not a Cyclist,Travel Lane,Not a Cyclist,Unknown Initial Direction of Travel,Not a Cyclist,Westbound,Straight Through,Nearside,2c,MOTORIST TRAVELING STRAIGHT THROUGH – CRASH OCCURRED ON NEAR (APPROACH) SIDE OF INTERSECTION Pedestrian Outside Crosswalk Area  Approach Direction Unknown.,100,Unusual Circumstances,0,Not a Cyclist,
39,390460,0,1,5,Pedestrian,54,Male,None Noted,Yes,None Noted,230,Disabled Vehicle-Related,0,Not a Cyclist,Intersection-Related,Not a Cyclist,Travel Lane,Not a Cyclist,Unknown Initial Direction of Travel,Not a Cyclist,Westbound,Straight Through,Nearside,2c,MOTORIST TRAVELING STRAIGHT THROUGH – CRASH OCCURRED ON NEAR (APPROACH) SIDE OF INTERSECTION Pedestrian Outside Crosswalk Area  Approach Direction Unknown.,100,Unusual Circumstances,0,Not a Cyclist,
21,210593,0,1,5,Pedestrian,48,Female,None Noted,None Noted,None Noted,230,Disabled Vehicle-Related,0,Not a Cyclist,Intersection-Related,Not a Cyclist,Travel Lane,Not a Cyclist,Unknown Initial Direction of Travel,Not a Cyclist,Eastbound,Straight Through,Nearside,2c,MOTORIST TRAVELING STRAIGHT THROUGH – CRASH OCCURRED ON NEAR (APPROACH) SIDE OF INTERSECTION Pedestrian Outside Crosswalk Area  Approach Direction Unknown.,100,Unusual Circumstances,0,Not a Cyclist,
36,360018,0,1,8,Person on Personal Conveyances,32,Male,Yes,Yes,None Noted,160,Pedestrian Loss of Control,0,Not a Cyclist,Intersection-Related,Not a Cyclist,Travel Lane,Not a Cyclist,Unknown Initial Direction of Travel,Not a Cyclist,Westbound,Straight Through,Nearside,2c,MOTORIST TRAVELING STRAIGHT THROUGH – CRASH OCCURRED ON NEAR (APPROACH) SIDE OF INTERSECTION Pedestrian Outside Crosswalk Area  Approach Direction Unknown.,100,Unusual Circumstances,0,Not a Cyclist,
21,210593,0,2,5,Pedestrian,51,Female,None Noted,None Noted,None Noted,230,Disabled Vehicle-Related,0,Not a Cyclist,Intersection-Related,Not a Cyclist,Travel Lane,Not a Cyclist,Unknown Initial Direction of Travel,Not a Cyclist,Eastbound,Straight Through,Nearside,2c,MOTORIST TRAVELING STRAIGHT THROUGH – CRASH OCCURRED ON NEAR (APPROACH) SIDE OF INTERSECTION Pedestrian Outside Crosswalk Area  Approach Direction Unknown.,100,Unusual Circumstances,0,Not a Cyclist,
36,360140,0,1,5,Pedestrian,44,Female,None Noted,Yes,None Noted,190,Other Unusual Circumstances,0,Not a Cyclist,Intersection-Related,Not a Cyclist,Travel Lane,Not a Cyclist,Unknown Initial Direction of Travel,Not a Cyclist,Northbound,Straight Through,Nearside,2c,MOTORIST TRAVELING STRAIGHT THROUGH – CRASH OCCURRED ON NEAR (APPROACH) SIDE OF INTERSECTION Pedestrian Outside Crosswalk Area  Approach Direction Unknown.,100,Unusual Circumstances,0,Not a Cyclist,
36,360706,0,1,5,Pedestrian,82,Male,Yes,Yes,None Noted,190,Other Unusual Circumstances,0,Not a Cyclist,Intersection-Related,Not a Cyclist,Travel Lane,Not a Cyclist,Unknown Initial Direction of Travel,Not a Cyclist,Westbound,Straight Through,Nearside,2c,MOTORIST TRAVELING STRAIGHT THROUGH – CRASH OCCURRED ON NEAR (APPROACH) SIDE OF INTERSECTION Pedestrian Outside Crosswalk Area  Approach Direction Unknown.,100,Unusual Circumstances,0,Not a Cyclist,
12,122216,0,1,5,Pedestrian,57,Male,Yes,Yes,None Noted,160,Pedestrian Loss of Control,0,Not a Cyclist,Intersection-Related,Not a Cyclist,Travel Lane,Not a Cyclist,Eastbound,Not a Cyclist,Northbound,Straight Through,Nearside,2a,MOTORIST TRAVELING STRAIGHT THROUGH – CRASH OCCURRED ON NEAR (APPROACH) SIDE OF INTERSECTION Pedestrian Outside Crosswalk Area  Traveled From Motorist’s Left.,100,Unusual Circumstances,0,Not a Cyclist,
26,260421,0,1,5,Pedestrian,66,Male,None Noted,None Noted,None Noted,690,At Intersection – Other/Unknown,0,Not a Cyclist,Intersection-Related,Not a Cyclist,Travel Lane,Not a Cyclist,Westbound,Not a Cyclist,Southbound,Straight Through,Nearside,2a,MOTORIST TRAVELING STRAIGHT THROUGH – CRASH OCCURRED ON NEAR (APPROACH) SIDE OF INTERSECTION Pedestrian Outside Crosswalk Area  Traveled From Motorist’s Left.,990,Other/Unknown – Insufficient Details,0,Not a Cyclist,
36,360016,0,1,5,Pedestrian,85,Male,None Noted,None Noted,None Noted,690,At Intersection – Other/Unknown,0,Not a Cyclist,Intersection-Related,Not a Cyclist,Travel Lane,Not a Cyclist,Northbound,Not a Cyclist,Westbound,Straight Through,Nearside,2a,MOTORIST TRAVELING STRAIGHT THROUGH – CRASH OCCURRED ON NEAR (APPROACH) SIDE OF INTERSECTION Pedestrian Outside Crosswalk Area  Traveled From Motorist’s Left.,990,Other/Unknown – Insufficient Details,0,Not a Cyclist,
1,10440,0,1,5,Pedestrian,41,Male,None Noted,None Noted,None Noted,690,At Intersection – Other/Unknown,0,Not a Cyclist,Intersection-Related,Not a Cyclist,Travel Lane,Not a Cyclist,Eastbound,Not a Cyclist,Northbound,Straight Through,Nearside,2a,MOTORIST TRAVELING STRAIGHT THROUGH – CRASH OCCURRED ON NEAR (APPROACH) SIDE OF INTERSECTION Pedestrian Outside Crosswalk Area  Traveled From Motorist’s Left.,990,Other/Unknown – Insufficient Details,0,Not a Cyclist,
22,220099,0,1,5,Pedestrian,53,Female,Yes,Yes,None Noted,690,At Intersection – Other/Unknown,0,Not a Cyclist,Intersection-Related,Not a Cyclist,Travel Lane,Not a Cyclist,Westbound,Not a Cyclist,Southbound,Straight Through,Nearside,2a,MOTORIST TRAVELING STRAIGHT THROUGH – CRASH OCCURRED ON NEAR (APPROACH) SIDE OF INTERSECTION Pedestrian Outside Crosswalk Area  Traveled From Motorist’s Left.,990,Other/Unknown – Insufficient Details,0,Not a Cyclist,
25,250271,0,1,5,Pedestrian,50,Male,Yes,Yes,None Noted,690,At Intersection – Other/Unknown,0,Not a Cyclist,Intersection-Related,Not a Cyclist,Travel Lane,Not a Cyclist,Westbound,Not a Cyclist,Northbound,Straight Through,Nearside,2b,MOTORIST TRAVELING STRAIGHT THROUGH – CRASH OCCURRED ON NEAR (APPROACH) SIDE OF INTERSECTION Pedestrian Outside Crosswalk Area  Traveled From Motorist’s Right.,990,Other/Unknown – Insufficient Details,0,Not a Cyclist,
4,40281,0,1,5,Pedestrian,67,Female,None Noted,Yes,None Noted,690,At Intersection – Other/Unknown,0,Not a Cyclist,Intersection-Related,Not a Cyclist,Travel Lane,Not a Cyclist,Unknown Initial Direction of Travel,Not a Cyclist,Northbound,Straight Through,Nearside,2c,MOTORIST TRAVELING STRAIGHT THROUGH – CRASH OCCURRED ON NEAR (APPROACH) SIDE OF INTERSECTION Pedestrian Outside Crosswalk Area  Approach Direction Unknown.,990,Other/Unknown – Insufficient Details,0,Not a Cyclist,
12,120574,0,1,5,Pedestrian,51,Male,None Noted,None Noted,None Noted,690,At Intersection – Other/Unknown,0,Not a Cyclist,Intersection-Related,Not a Cyclist,Travel Lane,Not a Cyclist,Unknown Initial Direction of Travel,Not a Cyclist,Eastbound,Straight Through,Nearside,2c,MOTORIST TRAVELING STRAIGHT THROUGH – CRASH OCCURRED ON NEAR (APPROACH) SIDE OF INTERSECTION Pedestrian Outside Crosswalk Area  Approach Direction Unknown.,990,Other/Unknown – Insufficient Details,0,Not a Cyclist,
24,240252,0,1,5,Pedestrian,26,Female,None Noted,None Noted,None Noted,710,Multiple Threat,0,Not a Cyclist,Intersection-Related,Not a Cyclist,Travel Lane,Not a Cyclist,Northbound,Not a Cyclist,Eastbound,Straight Through,Nearside,2b,MOTORIST TRAVELING STRAIGHT THROUGH – CRASH OCCURRED ON NEAR (APPROACH) SIDE OF INTERSECTION Pedestrian Outside Crosswalk Area  Traveled From Motorist’s Right.,720,Multiple Threat/Trapped,0,Not a Cyclist,
48,481908,0,1,5,Pedestrian,69,Male,Yes,Yes,None Noted,710,Multiple Threat,0,Not a Cyclist,Intersection-Related,Not a Cyclist,Travel Lane,Not a Cyclist,Eastbound,Not a Cyclist,Northbound,Straight Through,Nearside,2a,MOTORIST TRAVELING STRAIGHT THROUGH – CRASH OCCURRED ON NEAR (APPROACH) SIDE OF INTERSECTION Pedestrian Outside Crosswalk Area  Traveled From Motorist’s Left.,720,Multiple Threat/Trapped,0,Not a Cyclist,
25,250195,0,1,5,Pedestrian,49,Male,None Noted,Yes,None Noted,710,Multiple Threat,0,Not a Cyclist,Intersection-Related,Not a Cyclist,Travel Lane,Not a Cyclist,Eastbound,Not a Cyclist,Northbound,Straight Through,Nearside,2a,MOTORIST TRAVELING STRAIGHT THROUGH – CRASH OCCURRED ON NEAR (APPROACH) SIDE OF INTERSECTION Pedestrian Outside Crosswalk Area  Traveled From Motorist’s Left.,720,Multiple Threat/Trapped,0,Not a Cyclist,
48,481004,0,1,5,Pedestrian,56,Male,None Noted,None Noted,None Noted,710,Multiple Threat,0,Not a Cyclist,Intersection-Related,Not a Cyclist,Travel Lane,Not a Cyclist,Unknown Initial Direction of Travel,Not a Cyclist,Eastbound,Straight Through,Nearside,2c,MOTORIST TRAVELING STRAIGHT THROUGH – CRASH OCCURRED ON NEAR (APPROACH) SIDE OF INTERSECTION Pedestrian Outside Crosswalk Area  Approach Direction Unknown.,720,Multiple Threat/Trapped,0,Not a Cyclist,
26,260737,0,1,5,Pedestrian,31,Male,None Noted,None Noted,None Noted,710,Multiple Threat,0,Not a Cyclist,Intersection-Related,Not a Cyclist,Travel Lane,Not a Cyclist,Eastbound,Not a Cyclist,Southbound,Straight Through,Nearside,2b,MOTORIST TRAVELING STRAIGHT THROUGH – CRASH OCCURRED ON NEAR (APPROACH) SIDE OF INTERSECTION Pedestrian Outside Crosswalk Area  Traveled From Motorist’s Right.,720,Multiple Threat/Trapped,0,Not a Cyclist,
12,122501,0,1,5,Pedestrian,79,Female,None Noted,None Noted,None Noted,791,Motorist Right Turn – Parallel Paths,0,Not a Cyclist,Intersection-Related,Not a Cyclist,Travel Lane,Not a Cyclist,Southbound,Not a Cyclist,Westbound,Right Turn,Nearside,6c,MOTORIST TURNING RIGHT – CRASH OCCURRED ON NEAR (APPROACH) SIDE OF INTERSECTION Pedestrian Outside Crosswalk Area  Approach Direction Unknown.,790,Crossing Roadway – Vehicle Turning,0,Not a Cyclist,
36,360127,0,1,5,Pedestrian,64,Female,None Noted,Yes,Yes,213,Backing Vehicle – Trafficway,0,Not a Cyclist,Intersection-Related,Not a Cyclist,Travel Lane,Not a Cyclist,Northbound,Not a Cyclist,Eastbound,Straight Through,Nearside,2b,MOTORIST TRAVELING STRAIGHT THROUGH – CRASH OCCURRED ON NEAR (APPROACH) SIDE OF INTERSECTION Pedestrian Outside Crosswalk Area  Traveled From Motorist’s Right.,200,Backing Vehicle,0,Not a Cyclist,
17,170260,0,2,5,Pedestrian,39,Male,Yes,Yes,None Noted,341,Transit Bus-Related,0,Not a Cyclist,Intersection-Related,Not a Cyclist,Travel Lane,Not a Cyclist,Northbound,Not a Cyclist,Westbound,Straight Through,Nearside,2a,MOTORIST TRAVELING STRAIGHT THROUGH – CRASH OCCURRED ON NEAR (APPROACH) SIDE OF INTERSECTION Pedestrian Outside Crosswalk Area  Traveled From Motorist’s Left.,340,Bus-Related,0,Not a Cyclist,
17,170260,0,1,5,Pedestrian,42,Female,Yes,Yes,None Noted,341,Transit Bus-Related,0,Not a Cyclist,Intersection-Related,Not a Cyclist,Travel Lane,Not a Cyclist,Northbound,Not a Cyclist,Westbound,Straight Through,Nearside,2a,MOTORIST TRAVELING STRAIGHT THROUGH – CRASH OCCURRED ON NEAR (APPROACH) SIDE OF INTERSECTION Pedestrian Outside Crosswalk Area  Traveled From Motorist’s Left.,340,Bus-Related,0,Not a Cyclist,
26,260126,0,1,5,Pedestrian,21,Male,Yes,Yes,None Noted,341,Transit Bus-Related,0,Not a Cyclist,Intersection-Related,Not a Cyclist,Travel Lane,Not a Cyclist,Northbound,Not a Cyclist,Eastbound,Straight Through,Nearside,2b,MOTORIST TRAVELING STRAIGHT THROUGH – CRASH OCCURRED ON NEAR (APPROACH) SIDE OF INTERSECTION Pedestrian Outside Crosswalk Area  Traveled From Motorist’s Right.,340,Bus-Related,0,Not a Cyclist,
36,360800,0,1,5,Pedestrian,25,Male,None Noted,None Noted,None Noted,410,Walking/Running Along Roadway With Traffic – From Behind,0,Not a Cyclist,Intersection-Related,Not a Cyclist,Travel Lane,Not a Cyclist,Northbound,Not a Cyclist,Eastbound,Right Turn,Nearside,6b,MOTORIST TURNING RIGHT – CRASH OCCURRED ON NEAR (APPROACH) SIDE OF INTERSECTION Pedestrian Outside Crosswalk Area  Traveled From Motorist’s Right.,400,Walking/Running Along Roadway,0,Not a Cyclist,
53,530417,0,1,5,Pedestrian,57,Female,None Noted,None Noted,None Noted,440,Walking/Running Along Roadway Against Traffic – From Front,0,Not a Cyclist,Intersection-Related,Not a Cyclist,Travel Lane,Not a Cyclist,Unknown Initial Direction of Travel,Not a Cyclist,Eastbound,Straight Through,Nearside,2c,MOTORIST TRAVELING STRAIGHT THROUGH – CRASH OCCURRED ON NEAR (APPROACH) SIDE OF INTERSECTION Pedestrian Outside Crosswalk Area  Approach Direction Unknown.,400,Walking/Running Along Roadway,0,Not a Cyclist,
9,90213,0,1,5,Pedestrian,50,Female,None Noted,None Noted,None Noted,440,Walking/Running Along Roadway Against Traffic – From Front,0,Not a Cyclist,Intersection-Related,Not a Cyclist,Travel Lane,Not a Cyclist,Unknown Initial Direction of Travel,Not a Cyclist,Southbound,Straight Through,Nearside,2c,MOTORIST TRAVELING STRAIGHT THROUGH – CRASH OCCURRED ON NEAR (APPROACH) SIDE OF INTERSECTION Pedestrian Outside Crosswalk Area  Approach Direction Unknown.,400,Walking/Running Along Roadway,0,Not a Cyclist,
21,210063,0,1,5,Pedestrian,52,Male,None Noted,None Noted,None Noted,410,Walking/Running Along Roadway With Traffic – From Behind,0,Not a Cyclist,Intersection-Related,Not a Cyclist,Travel Lane,Not a Cyclist,Unknown Initial Direction of Travel,Not a Cyclist,Westbound,Straight Through,Nearside,2c,MOTORIST TRAVELING STRAIGHT THROUGH – CRASH OCCURRED ON NEAR (APPROACH) SIDE OF INTERSECTION Pedestrian Outside Crosswalk Area  Approach Direction Unknown.,400,Walking/Running Along Roadway,0,Not a Cyclist,
36,360462,0,1,5,Pedestrian,47,Male,None Noted,Yes,None Noted,459,Walking/Running Along Roadway – Direction/Position Unknown,0,Not a Cyclist,Intersection-Related,Not a Cyclist,Travel Lane,Not a Cyclist,Unknown Initial Direction of Travel,Not a Cyclist,Northbound,Straight Through,Nearside,2c,MOTORIST TRAVELING STRAIGHT THROUGH – CRASH OCCURRED ON NEAR (APPROACH) SIDE OF INTERSECTION Pedestrian Outside Crosswalk Area  Approach Direction Unknown.,400,Walking/Running Along Roadway,0,Not a Cyclist,
45,450419,0,1,5,Pedestrian,23,Male,None Noted,None Noted,None Noted,459,Walking/Running Along Roadway – Direction/Position Unknown,0,Not a Cyclist,Intersection-Related,Not a Cyclist,Travel Lane,Not a Cyclist,Unknown Initial Direction of Travel,Not a Cyclist,Northbound,Straight Through,Nearside,2c,MOTORIST TRAVELING STRAIGHT THROUGH – CRASH OCCURRED ON NEAR (APPROACH) SIDE OF INTERSECTION Pedestrian Outside Crosswalk Area  Approach Direction Unknown.,400,Walking/Running Along Roadway,0,Not a Cyclist,
26,260457,0,1,5,Pedestrian,32,Male,None Noted,None Noted,None Noted,459,Walking/Running Along Roadway – Direction/Position Unknown,0,Not a Cyclist,Intersection-Related,Not a Cyclist,Travel Lane,Not a Cyclist,Unknown Initial Direction of Travel,Not a Cyclist,Westbound,Straight Through,Nearside,2c,MOTORIST TRAVELING STRAIGHT THROUGH – CRASH OCCURRED ON NEAR (APPROACH) SIDE OF INTERSECTION Pedestrian Outside Crosswalk Area  Approach Direction Unknown.,400,Walking/Running Along Roadway,0,Not a Cyclist,
48,482559,0,1,5,Pedestrian,43,Male,None Noted,None Noted,None Noted,459,Walking/Running Along Roadway – Direction/Position Unknown,0,Not a Cyclist,Intersection-Related,Not a Cyclist,Travel Lane,Not a Cyclist,Unknown Initial Direction of Travel,Not a Cyclist,Southbound,Straight Through,Nearside,2c,MOTORIST TRAVELING STRAIGHT THROUGH – CRASH OCCURRED ON NEAR (APPROACH) SIDE OF INTERSECTION Pedestrian Outside Crosswalk Area  Approach Direction Unknown.,400,Walking/Running Along Roadway,0,Not a Cyclist,
22,220427,0,1,5,Pedestrian,45,Female,None Noted,None Noted,None Noted,459,Walking/Running Along Roadway – Direction/Position Unknown,0,Not a Cyclist,Intersection-Related,Not a Cyclist,Travel Lane,Not a Cyclist,Unknown Initial Direction of Travel,Not a Cyclist,Northbound,Straight Through,Nearside,2c,MOTORIST TRAVELING STRAIGHT THROUGH – CRASH OCCURRED ON NEAR (APPROACH) SIDE OF INTERSECTION Pedestrian Outside Crosswalk Area  Approach Direction Unknown.,400,Walking/Running Along Roadway,0,Not a Cyclist,
8,80459,0,1,5,Pedestrian,21,Male,None Noted,None Noted,None Noted,440,Walking/Running Along Roadway Against Traffic – From Front,0,Not a Cyclist,Intersection-Related,Not a Cyclist,Travel Lane,Not a Cyclist,Unknown Initial Direction of Travel,Not a Cyclist,Eastbound,Straight Through,Nearside,2c,MOTORIST TRAVELING STRAIGHT THROUGH – CRASH OCCURRED ON NEAR (APPROACH) SIDE OF INTERSECTION Pedestrian Outside Crosswalk Area  Approach Direction Unknown.,400,Walking/Running Along Roadway,0,Not a Cyclist,
29,290778,0,1,5,Pedestrian,69,Male,None Noted,None Noted,None Noted,410,Walking/Running Along Roadway With Traffic – From Behind,0,Not a Cyclist,Intersection-Related,Not a Cyclist,Travel Lane,Not a Cyclist,Unknown Initial Direction of Travel,Not a Cyclist,Northbound,Straight Through,Nearside,2c,MOTORIST TRAVELING STRAIGHT THROUGH – CRASH OCCURRED ON NEAR (APPROACH) SIDE OF INTERSECTION Pedestrian Outside Crosswalk Area  Approach Direction Unknown.,400,Walking/Running Along Roadway,0,Not a Cyclist,
17,170236,0,1,5,Pedestrian,37,Male,None Noted,Yes,None Noted,410,Walking/Running Along Roadway With Traffic – From Behind,0,Not a Cyclist,Intersection-Related,Not a Cyclist,Travel Lane,Not a Cyclist,Eastbound,Not a Cyclist,Southbound,Straight Through,Nearside,2b,MOTORIST TRAVELING STRAIGHT THROUGH – CRASH OCCURRED ON NEAR (APPROACH) SIDE OF INTERSECTION Pedestrian Outside Crosswalk Area  Traveled From Motorist’s Right.,400,Walking/Running Along Roadway,0,Not a Cyclist,
51,510306,0,1,5,Pedestrian,54,Male,None Noted,None Noted,None Noted,760,Pedestrian Failed to Yield,0,Not a Cyclist,Intersection-Related,Not a Cyclist,Travel Lane,Not a Cyclist,Unknown Initial Direction of Travel,Not a Cyclist,Northbound,Straight Through,Nearside,2c,MOTORIST TRAVELING STRAIGHT THROUGH – CRASH OCCURRED ON NEAR (APPROACH) SIDE OF INTERSECTION Pedestrian Outside Crosswalk Area  Approach Direction Unknown.,750,Crossing Roadway – Vehicle Not Turning,0,Not a Cyclist,
36,360951,0,1,5,Pedestrian,57,Male,None Noted,Yes,None Noted,760,Pedestrian Failed to Yield,0,Not a Cyclist,Intersection-Related,Not a Cyclist,Travel Lane,Not a Cyclist,Unknown Initial Direction of Travel,Not a Cyclist,Northbound,Straight Through,Nearside,2c,MOTORIST TRAVELING STRAIGHT THROUGH – CRASH OCCURRED ON NEAR (APPROACH) SIDE OF INTERSECTION Pedestrian Outside Crosswalk Area  Approach Direction Unknown.,750,Crossing Roadway – Vehicle Not Turning,0,Not a Cyclist,
36,360004,0,1,5,Pedestrian,52,Female,None Noted,Yes,None Noted,760,Pedestrian Failed to Yield,0,Not a Cyclist,Intersection-Related,Not a Cyclist,Travel Lane,Not a Cyclist,Unknown Initial Direction of Travel,Not a Cyclist,Southbound,Straight Through,Nearside,2c,MOTORIST TRAVELING STRAIGHT THROUGH – CRASH OCCURRED ON NEAR (APPROACH) SIDE OF INTERSECTION Pedestrian Outside Crosswalk Area  Approach Direction Unknown.,750,Crossing Roadway – Vehicle Not Turning,0,Not a Cyclist,
26,260043,0,1,5,Pedestrian,37,Male,None Noted,None Noted,None Noted,760,Pedestrian Failed to Yield,0,Not a Cyclist,Intersection-Related,Not a Cyclist,Travel Lane,Not a Cyclist,Unknown Initial Direction of Travel,Not a Cyclist,Northbound,Straight Through,Nearside,2c,MOTORIST TRAVELING STRAIGHT THROUGH – CRASH OCCURRED ON NEAR (APPROACH) SIDE OF INTERSECTION Pedestrian Outside Crosswalk Area  Approach Direction Unknown.,750,Crossing Roadway – Vehicle Not Turning,0,Not a Cyclist,
34,340529,0,1,5,Pedestrian,81,Male,Yes,Yes,Unknown,760,Pedestrian Failed to Yield,0,Not a Cyclist,Intersection-Related,Not a Cyclist,Travel Lane,Not a Cyclist,Unknown Initial Direction of Travel,Not a Cyclist,Northbound,Straight Through,Nearside,2c,MOTORIST TRAVELING STRAIGHT THROUGH – CRASH OCCURRED ON NEAR (APPROACH) SIDE OF INTERSECTION Pedestrian Outside Crosswalk Area  Approach Direction Unknown.,750,Crossing Roadway – Vehicle Not Turning,0,Not a Cyclist,
34,340384,0,1,5,Pedestrian,50,Male,Yes,None Noted,None Noted,760,Pedestrian Failed to Yield,0,Not a Cyclist,Intersection-Related,Not a Cyclist,Travel Lane,Not a Cyclist,Unknown Initial Direction of Travel,Not a Cyclist,Eastbound,Straight Through,Nearside,2c,MOTORIST TRAVELING STRAIGHT THROUGH – CRASH OCCURRED ON NEAR (APPROACH) SIDE OF INTERSECTION Pedestrian Outside Crosswalk Area  Approach Direction Unknown.,750,Crossing Roadway – Vehicle Not Turning,0,Not a Cyclist,
53,530040,0,1,5,Pedestrian,55,Male,None Noted,None Noted,None Noted,760,Pedestrian Failed to Yield,0,Not a Cyclist,Intersection-Related,Not a Cyclist,Travel Lane,Not a Cyclist,Unknown Initial Direction of Travel,Not a Cyclist,Westbound,Straight Through,Nearside,2c,MOTORIST TRAVELING STRAIGHT THROUGH – CRASH OCCURRED ON NEAR (APPROACH) SIDE OF INTERSECTION Pedestrian Outside Crosswalk Area  Approach Direction Unknown.,750,Crossing Roadway – Vehicle Not Turning,0,Not a Cyclist,
36,360848,0,1,5,Pedestrian,45,Male,Yes,Yes,None Noted,760,Pedestrian Failed to Yield,0,Not a Cyclist,Intersection-Related,Not a Cyclist,Travel Lane,Not a Cyclist,Unknown Initial Direction of Travel,Not a Cyclist,Southbound,Straight Through,Nearside,2c,MOTORIST TRAVELING STRAIGHT THROUGH – CRASH OCCURRED ON NEAR (APPROACH) SIDE OF INTERSECTION Pedestrian Outside Crosswalk Area  Approach Direction Unknown.,750,Crossing Roadway – Vehicle Not Turning,0,Not a Cyclist,
48,481147,0,1,5,Pedestrian,14,Female,None Noted,None Noted,None Noted,760,Pedestrian Failed to Yield,0,Not a Cyclist,Intersection-Related,Not a Cyclist,Travel Lane,Not a Cyclist,Unknown Initial Direction of Travel,Not a Cyclist,Southbound,Straight Through,Nearside,2c,MOTORIST TRAVELING STRAIGHT THROUGH – CRASH OCCURRED ON NEAR (APPROACH) SIDE OF INTERSECTION Pedestrian Outside Crosswalk Area  Approach Direction Unknown.,750,Crossing Roadway – Vehicle Not Turning,0,Not a Cyclist,
10,100103,0,1,5,Pedestrian,54,Female,Yes,Yes,None Noted,760,Pedestrian Failed to Yield,0,Not a Cyclist,Intersection-Related,Not a Cyclist,Travel Lane,Not a Cyclist,Unknown Initial Direction of Travel,Not a Cyclist,Westbound,Straight Through,Nearside,2c,MOTORIST TRAVELING STRAIGHT THROUGH – CRASH OCCURRED ON NEAR (APPROACH) SIDE OF INTERSECTION Pedestrian Outside Crosswalk Area  Approach Direction Unknown.,750,Crossing Roadway – Vehicle Not Turning,0,Not a Cyclist,
4,40786,0,1,5,Pedestrian,57,Male,None Noted,Yes,None Noted,760,Pedestrian Failed to Yield,0,Not a Cyclist,Intersection-Related,Not a Cyclist,Travel Lane,Not a Cyclist,Unknown Initial Direction of Travel,Not a Cyclist,Westbound,Straight Through,Nearside,2c,MOTORIST TRAVELING STRAIGHT THROUGH – CRASH OCCURRED ON NEAR (APPROACH) SIDE OF INTERSECTION Pedestrian Outside Crosswalk Area  Approach Direction Unknown.,750,Crossing Roadway – Vehicle Not Turning,0,Not a Cyclist,
13,130150,0,1,5,Pedestrian,53,Male,None Noted,None Noted,None Noted,760,Pedestrian Failed to Yield,0,Not a Cyclist,Intersection-Related,Not a Cyclist,Travel Lane,Not a Cyclist,Unknown Initial Direction of Travel,Not a Cyclist,Eastbound,Straight Through,Nearside,2c,MOTORIST TRAVELING STRAIGHT THROUGH – CRASH OCCURRED ON NEAR (APPROACH) SIDE OF INTERSECTION Pedestrian Outside Crosswalk Area  Approach Direction Unknown.,750,Crossing Roadway – Vehicle Not Turning,0,Not a Cyclist,
13,130342,0,1,5,Pedestrian,69,Male,None Noted,None Noted,None Noted,760,Pedestrian Failed to Yield,0,Not a Cyclist,Intersection-Related,Not a Cyclist,Travel Lane,Not a Cyclist,Unknown Initial Direction of Travel,Not a Cyclist,Southbound,Straight Through,Nearside,2c,MOTORIST TRAVELING STRAIGHT THROUGH – CRASH OCCURRED ON NEAR (APPROACH) SIDE OF INTERSECTION Pedestrian Outside Crosswalk Area  Approach Direction Unknown.,750,Crossing Roadway – Vehicle Not Turning,0,Not a Cyclist,
34,340157,0,1,5,Pedestrian,55,Male,None Noted,Unknown,None Noted,760,Pedestrian Failed to Yield,0,Not a Cyclist,Intersection-Related,Not a Cyclist,Travel Lane,Not a Cyclist,Unknown Initial Direction of Travel,Not a Cyclist,Southbound,Straight Through,Nearside,2c,MOTORIST TRAVELING STRAIGHT THROUGH – CRASH OCCURRED ON NEAR (APPROACH) SIDE OF INTERSECTION Pedestrian Outside Crosswalk Area  Approach Direction Unknown.,750,Crossing Roadway – Vehicle Not Turning,0,Not a Cyclist,