state_number,consecutive_number,vehicle_number,person_number,person_type,person_type_name,age,sex,marked_crosswalk_present,sidewalk_present,school_zone,crash_type_pedestrian,crash_type_pedestrian_name,crash_type_bicycle,crash_type_bicycle_name,crash_location_pedestrian,crash_location_bicycle,pedestrian_position,bicyclist_position,pedestrian_initial_direction_of_travel,bicyclist_initial_direction_of_travel,motorist_initial_direction_of_travel,motorist_maneuver,intersection_leg,pedestrian_scenario,pedestrian_scenario_name,crash_group_pedestrian,crash_group_pedestrian_name,crash_group_bicycle,crash_group_bicycle_name
48,480493,0,1,5,Pedestrian,63,Male,Unknown,Unknown,None Noted,690,At Intersection – Other/Unknown,0,Not a Cyclist,At Intersection,Not a Cyclist,Crosswalk Area,Not a Cyclist,Eastbound,Not a Cyclist,Northbound,Straight Through,Nearside,1a,MOTORIST TRAVELING STRAIGHT THROUGH – CRASH OCCURRED ON NEAR (APPROACH) SIDE OF INTERSECTION Pedestrian Within Crosswalk Area  Traveled From Motorist’s Left.,990,Other/Unknown – Insufficient Details,0,Not a Cyclist,
26,260999,0,1,5,Pedestrian,51,Male,None Noted,Yes,None Noted,690,At Intersection – Other/Unknown,0,Not a Cyclist,At Intersection,Not a Cyclist,Crosswalk Area,Not a Cyclist,Unknown Initial Direction of Travel,Not a Cyclist,Westbound,Straight Through,Nearside,1c,MOTORIST TRAVELING STRAIGHT THROUGH – CRASH OCCURRED ON NEAR (APPROACH) SIDE OF INTERSECTION Pedestrian Within Crosswalk Area  Approach Direction Unknown.,990,Other/Unknown – Insufficient Details,0,Not a Cyclist,
36,360129,0,1,5,Pedestrian,49,Male,None Noted,Yes,None Noted,690,At Intersection – Other/Unknown,0,Not a Cyclist,At Intersection,Not a Cyclist,Crosswalk Area,Not a Cyclist,Unknown Initial Direction of Travel,Not a Cyclist,Northbound,Straight Through,Nearside,1c,MOTORIST TRAVELING STRAIGHT THROUGH – CRASH OCCURRED ON NEAR (APPROACH) SIDE OF INTERSECTION Pedestrian Within Crosswalk Area  Approach Direction Unknown.,990,Other/Unknown – Insufficient Details,0,Not a Cyclist,
12,120597,0,1,5,Pedestrian,82,Male,Yes,Yes,None Noted,690,At Intersection – Other/Unknown,0,Not a Cyclist,At Intersection,Not a Cyclist,Crosswalk Area,Not a Cyclist,Unknown Initial Direction of Travel,Not a Cyclist,Eastbound,Straight Through,Nearside,1c,MOTORIST TRAVELING STRAIGHT THROUGH – CRASH OCCURRED ON NEAR (APPROACH) SIDE OF INTERSECTION Pedestrian Within Crosswalk Area  Approach Direction Unknown.,990,Other/Unknown – Insufficient Details,0,Not a Cyclist,
48,481015,0,1,5,Pedestrian,54,Male,Yes,Yes,None Noted,690,At Intersection – Other/Unknown,0,Not a Cyclist,At Intersection,Not a Cyclist,Crosswalk Area,Not a Cyclist,Northbound,Not a Cyclist,Eastbound,Straight Through,Nearside,1b,MOTORIST TRAVELING STRAIGHT THROUGH – CRASH OCCURRED ON NEAR (APPROACH) SIDE OF INTERSECTION Pedestrian Within Crosswalk Area  Traveled From Motorist’s Right.,990,Other/Unknown – Insufficient Details,0,Not a Cyclist,
12,121012,0,1,5,Pedestrian,76,Female,Yes,Yes,None Noted,690,At Intersection – Other/Unknown,0,Not a Cyclist,At Intersection,Not a Cyclist,Crosswalk Area,Not a Cyclist,Southbound,Not a Cyclist,Westbound,Straight Through,Nearside,1b,MOTORIST TRAVELING STRAIGHT THROUGH – CRASH OCCURRED ON NEAR (APPROACH) SIDE OF INTERSECTION Pedestrian Within Crosswalk Area  Traveled From Motorist’s Right.,990,Other/Unknown – Insufficient Details,0,Not a Cyclist,
21,210751,0,1,5,Pedestrian,67,Male,Yes,Yes,None Noted,690,At Intersection – Other/Unknown,0,Not a Cyclist,At Intersection,Not a Cyclist,Crosswalk Area,Not a Cyclist,Northbound,Not a Cyclist,Eastbound,Straight Through,Nearside,1b,MOTORIST TRAVELING STRAIGHT THROUGH – CRASH OCCURRED ON NEAR (APPROACH) SIDE OF INTERSECTION Pedestrian Within Crosswalk Area  Traveled From Motorist’s Right.,990,Other/Unknown – Insufficient Details,0,Not a Cyclist,
12,122997,0,1,5,Pedestrian,13,Male,Yes,Yes,None Noted,690,At Intersection – Other/Unknown,0,Not a Cyclist,At Intersection,Not a Cyclist,Crosswalk Area,Not a Cyclist,Eastbound,Not a Cyclist,Southbound,Straight Through,Nearside,1b,MOTORIST TRAVELING STRAIGHT THROUGH – CRASH OCCURRED ON NEAR (APPROACH) SIDE OF INTERSECTION Pedestrian Within Crosswalk Area  Traveled From Motorist’s Right.,990,Other/Unknown – Insufficient Details,0,Not a Cyclist,
25,250218,0,2,5,Pedestrian,70,Male,Yes,None Noted,None Noted,690,At Intersection – Other/Unknown,0,Not a Cyclist,At Intersection,Not a Cyclist,Crosswalk Area,Not a Cyclist,Eastbound,Not a Cyclist,Southbound,Straight Through,Nearside,1b,MOTORIST TRAVELING STRAIGHT THROUGH – CRASH OCCURRED ON NEAR (APPROACH) SIDE OF INTERSECTION Pedestrian Within Crosswalk Area  Traveled From Motorist’s Right.,990,Other/Unknown – Insufficient Details,0,Not a Cyclist,
40,400547,0,1,5,Pedestrian,75,Male,None Noted,Yes,None Noted,690,At Intersection – Other/Unknown,0,Not a Cyclist,At Intersection,Not a Cyclist,Crosswalk Area,Not a Cyclist,Northbound,Not a Cyclist,Eastbound,Straight Through,Nearside,1b,MOTORIST TRAVELING STRAIGHT THROUGH – CRASH OCCURRED ON NEAR (APPROACH) SIDE OF INTERSECTION Pedestrian Within Crosswalk Area  Traveled From Motorist’s Right.,990,Other/Unknown – Insufficient Details,0,Not a Cyclist,
26,260840,0,1,5,Pedestrian,40,Female,None Noted,None Noted,None Noted,690,At Intersection – Other/Unknown,0,Not a Cyclist,At Intersection,Not a Cyclist,Crosswalk Area,Not a Cyclist,Northbound,Not a Cyclist,Eastbound,Straight Through,Nearside,1b,MOTORIST TRAVELING STRAIGHT THROUGH – CRASH OCCURRED ON NEAR (APPROACH) SIDE OF INTERSECTION Pedestrian Within Crosswalk Area  Traveled From Motorist’s Right.,990,Other/Unknown – Insufficient Details,0,Not a Cyclist,
25,250211,0,1,5,Pedestrian,72,Male,None Noted,Yes,None Noted,690,At Intersection – Other/Unknown,0,Not a Cyclist,At Intersection,Not a Cyclist,Crosswalk Area,Not a Cyclist,Eastbound,Not a Cyclist,Southbound,Straight Through,Nearside,1b,MOTORIST TRAVELING STRAIGHT THROUGH – CRASH OCCURRED ON NEAR (APPROACH) SIDE OF INTERSECTION Pedestrian Within Crosswalk Area  Traveled From Motorist’s Right.,990,Other/Unknown – Insufficient Details,0,Not a Cyclist,
25,250218,0,1,5,Pedestrian,65,Male,Yes,Yes,None Noted,690,At Intersection – Other/Unknown,0,Not a Cyclist,At Intersection,Not a Cyclist,Crosswalk Area,Not a Cyclist,Eastbound,Not a Cyclist,Southbound,Straight Through,Nearside,1b,MOTORIST TRAVELING STRAIGHT THROUGH – CRASH OCCURRED ON NEAR (APPROACH) SIDE OF INTERSECTION Pedestrian Within Crosswalk Area  Traveled From Motorist’s Right.,990,Other/Unknown – Insufficient Details,0,Not a Cyclist,
53,530206,0,1,5,Pedestrian,68,Female,Yes,None Noted,None Noted,710,Multiple Threat,0,Not a Cyclist,At Intersection,Not a Cyclist,Crosswalk Area,Not a Cyclist,Northbound,Not a Cyclist,Westbound,Straight Through,Nearside,1a,MOTORIST TRAVELING STRAIGHT THROUGH – CRASH OCCURRED ON NEAR (APPROACH) SIDE OF INTERSECTION Pedestrian Within Crosswalk Area  Traveled From Motorist’s Left.,720,Multiple Threat/Trapped,0,Not a Cyclist,
26,260894,0,1,8,Person on Personal Conveyances,60,Male,None Noted,Yes,None Noted,730,Trapped,0,Not a Cyclist,At Intersection,Not a Cyclist,Crosswalk Area,Not a Cyclist,Westbound,Not a Cyclist,Southbound,Straight Through,Nearside,1a,MOTORIST TRAVELING STRAIGHT THROUGH – CRASH OCCURRED ON NEAR (APPROACH) SIDE OF INTERSECTION Pedestrian Within Crosswalk Area  Traveled From Motorist’s Left.,720,Multiple Threat/Trapped,0,Not a Cyclist,
12,122886,0,1,5,Pedestrian,79,Female,None Noted,None Noted,None Noted,795,Motorist Right Turn – Perpendicular Paths,0,Not a Cyclist,At Intersection,Not a Cyclist,Crosswalk Area,Not a Cyclist,Northbound,Not a Cyclist,Westbound,Right Turn,Nearside,5a,MOTORIST TURNING RIGHT – CRASH OCCURRED ON NEAR (APPROACH) SIDE OF INTERSECTION Pedestrian Within Crosswalk Area  Traveled From Motorist’s Left.,790,Crossing Roadway – Vehicle Turning,0,Not a Cyclist,
12,122909,0,1,8,Person on Personal Conveyances,69,Female,None Noted,None Noted,None Noted,795,Motorist Right Turn – Perpendicular Paths,0,Not a Cyclist,At Intersection,Not a Cyclist,Crosswalk Area,Not a Cyclist,Northbound,Not a Cyclist,Westbound,Right Turn,Nearside,5a,MOTORIST TURNING RIGHT – CRASH OCCURRED ON NEAR (APPROACH) SIDE OF INTERSECTION Pedestrian Within Crosswalk Area  Traveled From Motorist’s Left.,790,Crossing Roadway – Vehicle Turning,0,Not a Cyclist,
49,490231,0,1,8,Person on Personal Conveyances,65,Female,Yes,Yes,None Noted,781,Motorist Left Turn – Parallel Paths,0,Not a Cyclist,At Intersection,Not a Cyclist,Crosswalk Area,Not a Cyclist,Westbound,Not a Cyclist,Southbound,Left Turn,Nearside,9a,MOTORIST TURNING LEFT – CRASH OCCURRED ON NEAR (APPROACH) SIDE OF INTERSECTION Pedestrian Within Crosswalk Area  Traveled From Motorist’s Left.,790,Crossing Roadway – Vehicle Turning,0,Not a Cyclist,
51,510695,0,1,5,Pedestrian,89,Female,None Noted,Yes,None Noted,781,Motorist Left Turn – Parallel Paths,0,Not a Cyclist,At Intersection,Not a Cyclist,Crosswalk Area,Not a Cyclist,Westbound,Not a Cyclist,Southbound,Left Turn,Nearside,9a,MOTORIST TURNING LEFT – CRASH OCCURRED ON NEAR (APPROACH) SIDE OF INTERSECTION Pedestrian Within Crosswalk Area  Traveled From Motorist’s Left.,790,Crossing Roadway – Vehicle Turning,0,Not a Cyclist,
34,340114,0,1,5,Pedestrian,77,Female,Yes,Yes,Unknown,782,Motorist Left Turn – Perpendicular Paths,0,Not a Cyclist,At Intersection,Not a Cyclist,Crosswalk Area,Not a Cyclist,Eastbound,Not a Cyclist,Southbound,Left Turn,Nearside,9b,MOTORIST TURNING LEFT – CRASH OCCURRED ON NEAR (APPROACH) SIDE OF INTERSECTION Pedestrian Within Crosswalk Area  Traveled From Motorist’s Right.,790,Crossing Roadway – Vehicle Turning,0,Not a Cyclist,
32,320025,0,1,5,Pedestrian,86,Female,Yes,Yes,None Noted,782,Motorist Left Turn – Perpendicular Paths,0,Not a Cyclist,At Intersection,Not a Cyclist,Crosswalk Area,Not a Cyclist,Southbound,Not a Cyclist,Westbound,Left Turn,Nearside,9b,MOTORIST TURNING LEFT – CRASH OCCURRED ON NEAR (APPROACH) SIDE OF INTERSECTION Pedestrian Within Crosswalk Area  Traveled From Motorist’s Right.,790,Crossing Roadway – Vehicle Turning,0,Not a Cyclist,
32,320036,0,1,5,Pedestrian,52,Male,Yes,Yes,None Noted,782,Motorist Left Turn – Perpendicular Paths,0,Not a Cyclist,At Intersection,Not a Cyclist,Crosswalk Area,Not a Cyclist,Westbound,Not a Cyclist,Northbound,Left Turn,Nearside,9b,MOTORIST TURNING LEFT – CRASH OCCURRED ON NEAR (APPROACH) SIDE OF INTERSECTION Pedestrian Within Crosswalk Area  Traveled From Motorist’s Right.,790,Crossing Roadway – Vehicle Turning,0,Not a Cyclist,
16,160218,0,1,5,Pedestrian,51,Male,None Noted,Yes,Unknown,782,Motorist Left Turn – Perpendicular Paths,0,Not a Cyclist,At Intersection,Not a Cyclist,Crosswalk Area,Not a Cyclist,Southbound,Not a Cyclist,Westbound,Left Turn,Nearside,9b,MOTORIST TURNING LEFT – CRASH OCCURRED ON NEAR (APPROACH) SIDE OF INTERSECTION Pedestrian Within Crosswalk Area  Traveled From Motorist’s Right.,790,Crossing Roadway – Vehicle Turning,0,Not a Cyclist,
12,122993,0,1,5,Pedestrian,68,Female,Yes,None Noted,None Noted,782,Motorist Left Turn – Perpendicular Paths,0,Not a Cyclist,At Intersection,Not a Cyclist,Crosswalk Area,Not a Cyclist,Southbound,Not a Cyclist,Westbound,Left Turn,Nearside,9b,MOTORIST TURNING LEFT – CRASH OCCURRED ON NEAR (APPROACH) SIDE OF INTERSECTION Pedestrian Within Crosswalk Area  Traveled From Motorist’s Right.,790,Crossing Roadway – Vehicle Turning,0,Not a Cyclist,
13,130028,0,1,5,Pedestrian,70,Female,Yes,None Noted,None Noted,781,Motorist Left Turn – Parallel Paths,0,Not a Cyclist,At Intersection,Not a Cyclist,Crosswalk Area,Not a Cyclist,Unknown Initial Direction of Travel,Not a Cyclist,Southbound,Left Turn,Nearside,9c,MOTORIST TURNING LEFT – CRASH OCCURRED ON NEAR (APPROACH) SIDE OF INTERSECTION Pedestrian Within Crosswalk Area  Approach Direction Unknown.,790,Crossing Roadway – Vehicle Turning,0,Not a Cyclist,
34,340197,0,1,5,Pedestrian,93,Female,Yes,Yes,None Noted,782,Motorist Left Turn – Perpendicular Paths,0,Not a Cyclist,At Intersection,Not a Cyclist,Crosswalk Area,Not a Cyclist,Unknown Initial Direction of Travel,Not a Cyclist,Eastbound,Left Turn,Nearside,9c,MOTORIST TURNING LEFT – CRASH OCCURRED ON NEAR (APPROACH) SIDE OF INTERSECTION Pedestrian Within Crosswalk Area  Approach Direction Unknown.,790,Crossing Roadway – Vehicle Turning,0,Not a Cyclist,
48,482952,0,1,5,Pedestrian,73,Female,Yes,Yes,None Noted,799,Motorist Turn/Merge – Other/Unknown,0,Not a Cyclist,At Intersection,Not a Cyclist,Crosswalk Area,Not a Cyclist,Unknown Initial Direction of Travel,Not a Cyclist,Westbound,Right Turn,Nearside,5c,MOTORIST TURNING RIGHT – CRASH OCCURRED ON NEAR (APPROACH) SIDE OF INTERSECTION Pedestrian Within Crosswalk Area  Approach Direction Unknown.,790,Crossing Roadway – Vehicle Turning,0,Not a Cyclist,
36,360297,0,1,5,Pedestrian,76,Female,Yes,Yes,None Noted,795,Motorist Right Turn – Perpendicular Paths,0,Not a Cyclist,At Intersection,Not a Cyclist,Crosswalk Area,Not a Cyclist,Unknown Initial Direction of Travel,Not a Cyclist,Westbound,Right Turn,Nearside,5c,MOTORIST TURNING RIGHT – CRASH OCCURRED ON NEAR (APPROACH) SIDE OF INTERSECTION Pedestrian Within Crosswalk Area  Approach Direction Unknown.,790,Crossing Roadway – Vehicle Turning,0,Not a Cyclist,
51,510727,0,1,5,Pedestrian,49,Female,Yes,Yes,None Noted,791,Motorist Right Turn – Parallel Paths,0,Not a Cyclist,At Intersection,Not a Cyclist,Crosswalk Area,Not a Cyclist,Unknown Initial Direction of Travel,Not a Cyclist,Southbound,Right Turn,Nearside,5c,MOTORIST TURNING RIGHT – CRASH OCCURRED ON NEAR (APPROACH) SIDE OF INTERSECTION Pedestrian Within Crosswalk Area  Approach Direction Unknown.,790,Crossing Roadway – Vehicle Turning,0,Not a Cyclist,
36,360285,0,1,5,Pedestrian,50,Female,Yes,Yes,None Noted,782,Motorist Left Turn – Perpendicular Paths,0,Not a Cyclist,At Intersection,Not a Cyclist,Crosswalk Area,Not a Cyclist,Unknown Initial Direction of Travel,Not a Cyclist,Southbound,Left Turn,Nearside,9c,MOTORIST TURNING LEFT – CRASH OCCURRED ON NEAR (APPROACH) SIDE OF INTERSECTION Pedestrian Within Crosswalk Area  Approach Direction Unknown.,790,Crossing Roadway – Vehicle Turning,0,Not a Cyclist,
36,360894,0,1,5,Pedestrian,39,Female,Yes,Yes,None Noted,795,Motorist Right Turn – Perpendicular Paths,0,Not a Cyclist,At Intersection,Not a Cyclist,Crosswalk Area,Not a Cyclist,Westbound,Not a Cyclist,Northbound,Right Turn,Nearside,5b,MOTORIST TURNING RIGHT – CRASH OCCURRED ON NEAR (APPROACH) SIDE OF INTERSECTION Pedestrian Within Crosswalk Area  Traveled From Motorist’s Right.,790,Crossing Roadway – Vehicle Turning,0,Not a Cyclist,
8,80486,0,1,5,Pedestrian,77,Male,None Noted,None Noted,None Noted,795,Motorist Right Turn – Perpendicular Paths,0,Not a Cyclist,At Intersection,Not a Cyclist,Crosswalk Area,Not a Cyclist,Southbound,Not a Cyclist,Westbound,Right Turn,Nearside,5b,MOTORIST TURNING RIGHT – CRASH OCCURRED ON NEAR (APPROACH) SIDE OF INTERSECTION Pedestrian Within Crosswalk Area  Traveled From Motorist’s Right.,790,Crossing Roadway – Vehicle Turning,0,Not a Cyclist,
12,121250,0,1,5,Pedestrian,63,Male,Yes,Yes,None Noted,795,Motorist Right Turn – Perpendicular Paths,0,Not a Cyclist,At Intersection,Not a Cyclist,Crosswalk Area,Not a Cyclist,Northbound,Not a Cyclist,Eastbound,Right Turn,Nearside,5b,MOTORIST TURNING RIGHT – CRASH OCCURRED ON NEAR (APPROACH) SIDE OF INTERSECTION Pedestrian Within Crosswalk Area  Traveled From Motorist’s Right.,790,Crossing Roadway – Vehicle Turning,0,Not a Cyclist,
36,360572,0,1,5,Pedestrian,78,Female,Yes,Yes,None Noted,795,Motorist Right Turn – Perpendicular Paths,0,Not a Cyclist,At Intersection,Not a Cyclist,Crosswalk Area,Not a Cyclist,Northbound,Not a Cyclist,Eastbound,Right Turn,Nearside,5b,MOTORIST TURNING RIGHT – CRASH OCCURRED ON NEAR (APPROACH) SIDE OF INTERSECTION Pedestrian Within Crosswalk Area  Traveled From Motorist’s Right.,790,Crossing Roadway – Vehicle Turning,0,Not a Cyclist,
36,360013,0,1,5,Pedestrian,58,Female,Yes,Yes,None Noted,795,Motorist Right Turn – Perpendicular Paths,0,Not a Cyclist,At Intersection,Not a Cyclist,Crosswalk Area,Not a Cyclist,Southbound,Not a Cyclist,Westbound,Right Turn,Nearside,5b,MOTORIST TURNING RIGHT – CRASH OCCURRED ON NEAR (APPROACH) SIDE OF INTERSECTION Pedestrian Within Crosswalk Area  Traveled From Motorist’s Right.,790,Crossing Roadway – Vehicle Turning,0,Not a Cyclist,
48,480774,0,1,5,Pedestrian,57,Female,Yes,Yes,None Noted,795,Motorist Right Turn – Perpendicular Paths,0,Not a Cyclist,At Intersection,Not a Cyclist,Crosswalk Area,Not a Cyclist,Northbound,Not a Cyclist,Eastbound,Right Turn,Nearside,5b,MOTORIST TURNING RIGHT – CRASH OCCURRED ON NEAR (APPROACH) SIDE OF INTERSECTION Pedestrian Within Crosswalk Area  Traveled From Motorist’s Right.,790,Crossing Roadway – Vehicle Turning,0,Not a Cyclist,
4,40628,0,1,5,Pedestrian,66,Male,Yes,Yes,None Noted,794,Motorist Right Turn on Red – Perpendicular Paths,0,Not a Cyclist,At Intersection,Not a Cyclist,Crosswalk Area,Not a Cyclist,Southbound,Not a Cyclist,Westbound,Right Turn,Nearside,5b,MOTORIST TURNING RIGHT – CRASH OCCURRED ON NEAR (APPROACH) SIDE OF INTERSECTION Pedestrian Within Crosswalk Area  Traveled From Motorist’s Right.,790,Crossing Roadway – Vehicle Turning,0,Not a Cyclist,
15,150089,0,1,5,Pedestrian,64,Male,Yes,Yes,None Noted,794,Motorist Right Turn on Red – Perpendicular Paths,0,Not a Cyclist,At Intersection,Not a Cyclist,Crosswalk Area,Not a Cyclist,Northbound,Not a Cyclist,Eastbound,Right Turn,Nearside,5b,MOTORIST TURNING RIGHT – CRASH OCCURRED ON NEAR (APPROACH) SIDE OF INTERSECTION Pedestrian Within Crosswalk Area  Traveled From Motorist’s Right.,790,Crossing Roadway – Vehicle Turning,0,Not a Cyclist,
17,170354,0,1,5,Pedestrian,79,Female,Yes,Yes,None Noted,794,Motorist Right Turn on Red – Perpendicular Paths,0,Not a Cyclist,At Intersection,Not a Cyclist,Crosswalk Area,Not a Cyclist,Eastbound,Not a Cyclist,Southbound,Right Turn,Nearside,5b,MOTORIST TURNING RIGHT – CRASH OCCURRED ON NEAR (APPROACH) SIDE OF INTERSECTION Pedestrian Within Crosswalk Area  Traveled From Motorist’s Right.,790,Crossing Roadway – Vehicle Turning,0,Not a Cyclist,
26,260714,0,1,5,Pedestrian,89,Male,Yes,None Noted,None Noted,794,Motorist Right Turn on Red – Perpendicular Paths,0,Not a Cyclist,At Intersection,Not a Cyclist,Crosswalk Area,Not a Cyclist,Northbound,Not a Cyclist,Eastbound,Right Turn,Nearside,5b,MOTORIST TURNING RIGHT – CRASH OCCURRED ON NEAR (APPROACH) SIDE OF INTERSECTION Pedestrian Within Crosswalk Area  Traveled From Motorist’s Right.,790,Crossing Roadway – Vehicle Turning,0,Not a Cyclist,
36,360245,0,1,5,Pedestrian,86,Male,Yes,Yes,None Noted,213,Backing Vehicle – Trafficway,0,Not a Cyclist,At Intersection,Not a Cyclist,Crosswalk Area,Not a Cyclist,Eastbound,Not a Cyclist,Southbound,Straight Through,Nearside,1b,MOTORIST TRAVELING STRAIGHT THROUGH – CRASH OCCURRED ON NEAR (APPROACH) SIDE OF INTERSECTION Pedestrian Within Crosswalk Area  Traveled From Motorist’s Right.,200,Backing Vehicle,0,Not a Cyclist,
48,482560,0,1,5,Pedestrian,32,Female,None Noted,Yes,None Noted,341,Transit Bus-Related,0,Not a Cyclist,At Intersection,Not a Cyclist,Crosswalk Area,Not a Cyclist,Northbound,Not a Cyclist,Eastbound,Straight Through,Nearside,1b,MOTORIST TRAVELING STRAIGHT THROUGH – CRASH OCCURRED ON NEAR (APPROACH) SIDE OF INTERSECTION Pedestrian Within Crosswalk Area  Traveled From Motorist’s Right.,340,Bus-Related,0,Not a Cyclist,
41,410171,0,1,5,Pedestrian,57,Female,None Noted,Yes,None Noted,341,Transit Bus-Related,0,Not a Cyclist,At Intersection,Not a Cyclist,Crosswalk Area,Not a Cyclist,Northbound,Not a Cyclist,Eastbound,Straight Through,Nearside,1b,MOTORIST TRAVELING STRAIGHT THROUGH – CRASH OCCURRED ON NEAR (APPROACH) SIDE OF INTERSECTION Pedestrian Within Crosswalk Area  Traveled From Motorist’s Right.,340,Bus-Related,0,Not a Cyclist,
8,80022,0,1,5,Pedestrian,53,Male,None Noted,None Noted,None Noted,459,Walking/Running Along Roadway – Direction/Position Unknown,0,Not a Cyclist,At Intersection,Not a Cyclist,Crosswalk Area,Not a Cyclist,Unknown Initial Direction of Travel,Not a Cyclist,Northbound,Straight Through,Nearside,1c,MOTORIST TRAVELING STRAIGHT THROUGH – CRASH OCCURRED ON NEAR (APPROACH) SIDE OF INTERSECTION Pedestrian Within Crosswalk Area  Approach Direction Unknown.,400,Walking/Running Along Roadway,0,Not a Cyclist,
26,260872,0,1,5,Pedestrian,61,Male,None Noted,None Noted,None Noted,760,Pedestrian Failed to Yield,0,Not a Cyclist,At Intersection,Not a Cyclist,Crosswalk Area,Not a Cyclist,Southbound,Not a Cyclist,Westbound,Straight Through,Nearside,1b,MOTORIST TRAVELING STRAIGHT THROUGH – CRASH OCCURRED ON NEAR (APPROACH) SIDE OF INTERSECTION Pedestrian Within Crosswalk Area  Traveled From Motorist’s Right.,750,Crossing Roadway – Vehicle Not Turning,0,Not a Cyclist,
36,360579,0,1,5,Pedestrian,67,Male,Yes,Yes,None Noted,760,Pedestrian Failed to Yield,0,Not a Cyclist,At Intersection,Not a Cyclist,Crosswalk Area,Not a Cyclist,Westbound,Not a Cyclist,Northbound,Straight Through,Nearside,1b,MOTORIST TRAVELING STRAIGHT THROUGH – CRASH OCCURRED ON NEAR (APPROACH) SIDE OF INTERSECTION Pedestrian Within Crosswalk Area  Traveled From Motorist’s Right.,750,Crossing Roadway – Vehicle Not Turning,0,Not a Cyclist,
36,360976,0,1,5,Pedestrian,32,Male,None Noted,Yes,None Noted,760,Pedestrian Failed to Yield,0,Not a Cyclist,At Intersection,Not a Cyclist,Crosswalk Area,Not a Cyclist,Southbound,Not a Cyclist,Westbound,Straight Through,Nearside,1b,MOTORIST TRAVELING STRAIGHT THROUGH – CRASH OCCURRED ON NEAR (APPROACH) SIDE OF INTERSECTION Pedestrian Within Crosswalk Area  Traveled From Motorist’s Right.,750,Crossing Roadway – Vehicle Not Turning,0,Not a Cyclist,
36,360355,0,1,5,Pedestrian,16,Female,Yes,None Noted,None Noted,760,Pedestrian Failed to Yield,0,Not a Cyclist,At Intersection,Not a Cyclist,Crosswalk Area,Not a Cyclist,Westbound,Not a Cyclist,Northbound,Straight Through,Nearside,1b,MOTORIST TRAVELING STRAIGHT THROUGH – CRASH OCCURRED ON NEAR (APPROACH) SIDE OF INTERSECTION Pedestrian Within Crosswalk Area  Traveled From Motorist’s Right.,750,Crossing Roadway – Vehicle Not Turning,0,Not a Cyclist,
36,360357,0,1,5,Pedestrian,81,Female,Yes,Yes,None Noted,760,Pedestrian Failed to Yield,0,Not a Cyclist,At Intersection,Not a Cyclist,Crosswalk Area,Not a Cyclist,Southbound,Not a Cyclist,Westbound,Straight Through,Nearside,1b,MOTORIST TRAVELING STRAIGHT THROUGH – CRASH OCCURRED ON NEAR (APPROACH) SIDE OF INTERSECTION Pedestrian Within Crosswalk Area  Traveled From Motorist’s Right.,750,Crossing Roadway – Vehicle Not Turning,0,Not a Cyclist,
36,360055,0,1,5,Pedestrian,12,Female,None Noted,Yes,Yes,760,Pedestrian Failed to Yield,0,Not a Cyclist,At Intersection,Not a Cyclist,Crosswalk Area,Not a Cyclist,Eastbound,Not a Cyclist,Southbound,Straight Through,Nearside,1b,MOTORIST TRAVELING STRAIGHT THROUGH – CRASH OCCURRED ON NEAR (APPROACH) SIDE OF INTERSECTION Pedestrian Within Crosswalk Area  Traveled From Motorist’s Right.,750,Crossing Roadway – Vehicle Not Turning,0,Not a Cyclist,
36,360369,0,1,5,Pedestrian,67,Female,Yes,Yes,None Noted,760,Pedestrian Failed to Yield,0,Not a Cyclist,At Intersection,Not a Cyclist,Crosswalk Area,Not a Cyclist,Westbound,Not a Cyclist,Northbound,Straight Through,Nearside,1b,MOTORIST TRAVELING STRAIGHT THROUGH – CRASH OCCURRED ON NEAR (APPROACH) SIDE OF INTERSECTION Pedestrian Within Crosswalk Area  Traveled From Motorist’s Right.,750,Crossing Roadway – Vehicle Not Turning,0,Not a Cyclist,
36,360494,0,1,5,Pedestrian,86,Male,Yes,Yes,None Noted,760,Pedestrian Failed to Yield,0,Not a Cyclist,At Intersection,Not a Cyclist,Crosswalk Area,Not a Cyclist,Southbound,Not a Cyclist,Westbound,Straight Through,Nearside,1b,MOTORIST TRAVELING STRAIGHT THROUGH – CRASH OCCURRED ON NEAR (APPROACH) SIDE OF INTERSECTION Pedestrian Within Crosswalk Area  Traveled From Motorist’s Right.,750,Crossing Roadway – Vehicle Not Turning,0,Not a Cyclist,
24,240170,0,1,5,Pedestrian,67,Male,Yes,None Noted,None Noted,760,Pedestrian Failed to Yield,0,Not a Cyclist,At Intersection,Not a Cyclist,Crosswalk Area,Not a Cyclist,Eastbound,Not a Cyclist,Southbound,Straight Through,Nearside,1b,MOTORIST TRAVELING STRAIGHT THROUGH – CRASH OCCURRED ON NEAR (APPROACH) SIDE OF INTERSECTION Pedestrian Within Crosswalk Area  Traveled From Motorist’s Right.,750,Crossing Roadway – Vehicle Not Turning,0,Not a Cyclist,
26,260881,0,1,5,Pedestrian,61,Female,None Noted,None Noted,None Noted,760,Pedestrian Failed to Yield,0,Not a Cyclist,At Intersection,Not a Cyclist,Crosswalk Area,Not a Cyclist,Westbound,Not a Cyclist,Northbound,Straight Through,Nearside,1b,MOTORIST TRAVELING STRAIGHT THROUGH – CRASH OCCURRED ON NEAR (APPROACH) SIDE OF INTERSECTION Pedestrian Within Crosswalk Area  Traveled From Motorist’s Right.,750,Crossing Roadway – Vehicle Not Turning,0,Not a Cyclist,
36,360739,0,1,5,Pedestrian,70,Male,Yes,Yes,None Noted,760,Pedestrian Failed to Yield,0,Not a Cyclist,At Intersection,Not a Cyclist,Crosswalk Area,Not a Cyclist,Eastbound,Not a Cyclist,Southbound,Straight Through,Nearside,1b,MOTORIST TRAVELING STRAIGHT THROUGH – CRASH OCCURRED ON NEAR (APPROACH) SIDE OF INTERSECTION Pedestrian Within Crosswalk Area  Traveled From Motorist’s Right.,750,Crossing Roadway – Vehicle Not Turning,0,Not a Cyclist,
49,490007,0,2,5,Pedestrian,17,Female,Yes,Yes,None Noted,770,Motorist Failed to Yield,0,Not a Cyclist,At Intersection,Not a Cyclist,Crosswalk Area,Not a Cyclist,Westbound,Not a Cyclist,Northbound,Straight Through,Nearside,1b,MOTORIST TRAVELING STRAIGHT THROUGH – CRASH OCCURRED ON NEAR (APPROACH) SIDE OF INTERSECTION Pedestrian Within Crosswalk Area  Traveled From Motorist’s Right.,750,Crossing Roadway – Vehicle Not Turning,0,Not a Cyclist,
26,260788,0,1,5,Pedestrian,18,Male,None Noted,None Noted,None Noted,760,Pedestrian Failed to Yield,0,Not a Cyclist,At Intersection,Not a Cyclist,Crosswalk Area,Not a Cyclist,Westbound,Not a Cyclist,Northbound,Straight Through,Nearside,1b,MOTORIST TRAVELING STRAIGHT THROUGH – CRASH OCCURRED ON NEAR (APPROACH) SIDE OF INTERSECTION Pedestrian Within Crosswalk Area  Traveled From Motorist’s Right.,750,Crossing Roadway – Vehicle Not Turning,0,Not a Cyclist,
32,320190,0,1,5,Pedestrian,60,Male,Yes,Yes,None Noted,760,Pedestrian Failed to Yield,0,Not a Cyclist,At Intersection,Not a Cyclist,Crosswalk Area,Not a Cyclist,Westbound,Not a Cyclist,Northbound,Straight Through,Nearside,1b,MOTORIST TRAVELING STRAIGHT THROUGH – CRASH OCCURRED ON NEAR (APPROACH) SIDE OF INTERSECTION Pedestrian Within Crosswalk Area  Traveled From Motorist’s Right.,750,Crossing Roadway – Vehicle Not Turning,0,Not a Cyclist,