state_number,consecutive_number,vehicle_number,person_number,person_type,person_type_name,age,sex,marked_crosswalk_present,sidewalk_present,school_zone,crash_type_pedestrian,crash_type_pedestrian_name,crash_type_bicycle,crash_type_bicycle_name,crash_location_pedestrian,crash_location_bicycle,pedestrian_position,bicyclist_position,pedestrian_initial_direction_of_travel,bicyclist_initial_direction_of_travel,motorist_initial_direction_of_travel,motorist_maneuver,intersection_leg,pedestrian_scenario,pedestrian_scenario_name,crash_group_pedestrian,crash_group_pedestrian_name,crash_group_bicycle,crash_group_bicycle_name
41,410310,0,1,5,Pedestrian,56,Male,None Noted,Yes,None Noted,770,Motorist Failed to Yield,0,Not a Cyclist,At Intersection,Not a Cyclist,Crosswalk Area,Not a Cyclist,Westbound,Not a Cyclist,Southbound,Straight Through,Nearside,1a,MOTORIST TRAVELING STRAIGHT THROUGH – CRASH OCCURRED ON NEAR (APPROACH) SIDE OF INTERSECTION Pedestrian Within Crosswalk Area  Traveled From Motorist’s Left.,750,Crossing Roadway – Vehicle Not Turning,0,Not a Cyclist,
41,410413,0,1,5,Pedestrian,75,Male,Yes,Yes,None Noted,770,Motorist Failed to Yield,0,Not a Cyclist,At Intersection,Not a Cyclist,Crosswalk Area,Not a Cyclist,Southbound,Not a Cyclist,Eastbound,Straight Through,Nearside,1a,MOTORIST TRAVELING STRAIGHT THROUGH – CRASH OCCURRED ON NEAR (APPROACH) SIDE OF INTERSECTION Pedestrian Within Crosswalk Area  Traveled From Motorist’s Left.,750,Crossing Roadway – Vehicle Not Turning,0,Not a Cyclist,
47,470108,0,1,5,Pedestrian,77,Male,Yes,Yes,None Noted,770,Motorist Failed to Yield,0,Not a Cyclist,At Intersection,Not a Cyclist,Crosswalk Area,Not a Cyclist,Westbound,Not a Cyclist,Southbound,Straight Through,Nearside,1a,MOTORIST TRAVELING STRAIGHT THROUGH – CRASH OCCURRED ON NEAR (APPROACH) SIDE OF INTERSECTION Pedestrian Within Crosswalk Area  Traveled From Motorist’s Left.,750,Crossing Roadway – Vehicle Not Turning,0,Not a Cyclist,
42,420823,0,2,5,Pedestrian,27,Female,Yes,Yes,None Noted,770,Motorist Failed to Yield,0,Not a Cyclist,At Intersection,Not a Cyclist,Crosswalk Area,Not a Cyclist,Northbound,Not a Cyclist,Westbound,Straight Through,Nearside,1a,MOTORIST TRAVELING STRAIGHT THROUGH – CRASH OCCURRED ON NEAR (APPROACH) SIDE OF INTERSECTION Pedestrian Within Crosswalk Area  Traveled From Motorist’s Left.,750,Crossing Roadway – Vehicle Not Turning,0,Not a Cyclist,
10,100061,0,1,5,Pedestrian,28,Male,Yes,None Noted,None Noted,760,Pedestrian Failed to Yield,0,Not a Cyclist,At Intersection,Not a Cyclist,Crosswalk Area,Not a Cyclist,Northbound,Not a Cyclist,Westbound,Straight Through,Nearside,1a,MOTORIST TRAVELING STRAIGHT THROUGH – CRASH OCCURRED ON NEAR (APPROACH) SIDE OF INTERSECTION Pedestrian Within Crosswalk Area  Traveled From Motorist’s Left.,750,Crossing Roadway – Vehicle Not Turning,0,Not a Cyclist,
4,40173,0,1,5,Pedestrian,49,Male,Yes,Yes,None Noted,760,Pedestrian Failed to Yield,0,Not a Cyclist,At Intersection,Not a Cyclist,Crosswalk Area,Not a Cyclist,Eastbound,Not a Cyclist,Northbound,Straight Through,Nearside,1a,MOTORIST TRAVELING STRAIGHT THROUGH – CRASH OCCURRED ON NEAR (APPROACH) SIDE OF INTERSECTION Pedestrian Within Crosswalk Area  Traveled From Motorist’s Left.,750,Crossing Roadway – Vehicle Not Turning,0,Not a Cyclist,
8,80138,0,1,5,Pedestrian,48,Female,None Noted,Yes,None Noted,610,Standing in Roadway,0,Not a Cyclist,At Intersection,Not a Cyclist,Intersection Area,Not a Cyclist,Westbound,Not a Cyclist,Southbound,Straight Through,Nearside,2a,MOTORIST TRAVELING STRAIGHT THROUGH – CRASH OCCURRED ON NEAR (APPROACH) SIDE OF INTERSECTION Pedestrian Outside Crosswalk Area  Traveled From Motorist’s Left.,600,Pedestrian in Roadway – Circumstances Unknown,0,Not a Cyclist,
17,170379,0,1,5,Pedestrian,82,Male,None Noted,Yes,None Noted,620,Walking in Roadway,0,Not a Cyclist,At Intersection,Not a Cyclist,Intersection Area,Not a Cyclist,Southbound,Not a Cyclist,Eastbound,Straight Through,Nearside,2a,MOTORIST TRAVELING STRAIGHT THROUGH – CRASH OCCURRED ON NEAR (APPROACH) SIDE OF INTERSECTION Pedestrian Outside Crosswalk Area  Traveled From Motorist’s Left.,600,Pedestrian in Roadway – Circumstances Unknown,0,Not a Cyclist,
24,240147,0,1,5,Pedestrian,28,Male,None Noted,None Noted,None Noted,610,Standing in Roadway,0,Not a Cyclist,At Intersection,Not a Cyclist,Intersection Area,Not a Cyclist,Southbound,Not a Cyclist,Westbound,Straight Through,Nearside,2b,MOTORIST TRAVELING STRAIGHT THROUGH – CRASH OCCURRED ON NEAR (APPROACH) SIDE OF INTERSECTION Pedestrian Outside Crosswalk Area  Traveled From Motorist’s Right.,600,Pedestrian in Roadway – Circumstances Unknown,0,Not a Cyclist,
45,450777,0,1,5,Pedestrian,68,Male,None Noted,Yes,None Noted,620,Walking in Roadway,0,Not a Cyclist,At Intersection,Not a Cyclist,Intersection Area,Not a Cyclist,Eastbound,Not a Cyclist,Southbound,Straight Through,Nearside,2b,MOTORIST TRAVELING STRAIGHT THROUGH – CRASH OCCURRED ON NEAR (APPROACH) SIDE OF INTERSECTION Pedestrian Outside Crosswalk Area  Traveled From Motorist’s Right.,600,Pedestrian in Roadway – Circumstances Unknown,0,Not a Cyclist,
37,371103,0,1,5,Pedestrian,57,Male,None Noted,None Noted,None Noted,741,Dash,0,Not a Cyclist,At Intersection,Not a Cyclist,Intersection Area,Not a Cyclist,Eastbound,Not a Cyclist,Southbound,Straight Through,Nearside,2b,MOTORIST TRAVELING STRAIGHT THROUGH – CRASH OCCURRED ON NEAR (APPROACH) SIDE OF INTERSECTION Pedestrian Outside Crosswalk Area  Traveled From Motorist’s Right.,740,Dash/Dart-Out,0,Not a Cyclist,
25,250035,0,1,5,Pedestrian,18,Female,None Noted,Yes,None Noted,742,Dart-Out,0,Not a Cyclist,At Intersection,Not a Cyclist,Intersection Area,Not a Cyclist,Southbound,Not a Cyclist,Westbound,Straight Through,Nearside,2b,MOTORIST TRAVELING STRAIGHT THROUGH – CRASH OCCURRED ON NEAR (APPROACH) SIDE OF INTERSECTION Pedestrian Outside Crosswalk Area  Traveled From Motorist’s Right.,740,Dash/Dart-Out,0,Not a Cyclist,
4,40641,0,1,5,Pedestrian,52,Male,Yes,Yes,None Noted,741,Dash,0,Not a Cyclist,At Intersection,Not a Cyclist,Intersection Area,Not a Cyclist,Northbound,Not a Cyclist,Eastbound,Straight Through,Nearside,2b,MOTORIST TRAVELING STRAIGHT THROUGH – CRASH OCCURRED ON NEAR (APPROACH) SIDE OF INTERSECTION Pedestrian Outside Crosswalk Area  Traveled From Motorist’s Right.,740,Dash/Dart-Out,0,Not a Cyclist,
22,220359,0,1,5,Pedestrian,32,Female,None Noted,None Noted,None Noted,741,Dash,0,Not a Cyclist,At Intersection,Not a Cyclist,Intersection Area,Not a Cyclist,Southbound,Not a Cyclist,Eastbound,Straight Through,Nearside,2a,MOTORIST TRAVELING STRAIGHT THROUGH – CRASH OCCURRED ON NEAR (APPROACH) SIDE OF INTERSECTION Pedestrian Outside Crosswalk Area  Traveled From Motorist’s Left.,740,Dash/Dart-Out,0,Not a Cyclist,
1,10825,0,1,5,Pedestrian,46,Male,None Noted,None Noted,None Noted,741,Dash,0,Not a Cyclist,At Intersection,Not a Cyclist,Intersection Area,Not a Cyclist,Eastbound,Not a Cyclist,Northbound,Straight Through,Nearside,2a,MOTORIST TRAVELING STRAIGHT THROUGH – CRASH OCCURRED ON NEAR (APPROACH) SIDE OF INTERSECTION Pedestrian Outside Crosswalk Area  Traveled From Motorist’s Left.,740,Dash/Dart-Out,0,Not a Cyclist,
12,120607,0,1,8,Person on Personal Conveyances,16,Male,None Noted,None Noted,None Noted,742,Dart-Out,0,Not a Cyclist,At Intersection,Not a Cyclist,Intersection Area,Not a Cyclist,Northbound,Not a Cyclist,Eastbound,Straight Through,Nearside,2b,MOTORIST TRAVELING STRAIGHT THROUGH – CRASH OCCURRED ON NEAR (APPROACH) SIDE OF INTERSECTION Pedestrian Outside Crosswalk Area  Traveled From Motorist’s Right.,740,Dash/Dart-Out,0,Not a Cyclist,
37,370184,0,1,5,Pedestrian,32,Female,None Noted,None Noted,None Noted,741,Dash,0,Not a Cyclist,At Intersection,Not a Cyclist,Intersection Area,Not a Cyclist,Eastbound,Not a Cyclist,Northbound,Straight Through,Nearside,2a,MOTORIST TRAVELING STRAIGHT THROUGH – CRASH OCCURRED ON NEAR (APPROACH) SIDE OF INTERSECTION Pedestrian Outside Crosswalk Area  Traveled From Motorist’s Left.,740,Dash/Dart-Out,0,Not a Cyclist,
17,171066,0,1,5,Pedestrian,42,Male,None Noted,Yes,None Noted,741,Dash,0,Not a Cyclist,At Intersection,Not a Cyclist,Intersection Area,Not a Cyclist,Westbound,Not a Cyclist,Northbound,Straight Through,Nearside,2b,MOTORIST TRAVELING STRAIGHT THROUGH – CRASH OCCURRED ON NEAR (APPROACH) SIDE OF INTERSECTION Pedestrian Outside Crosswalk Area  Traveled From Motorist’s Right.,740,Dash/Dart-Out,0,Not a Cyclist,
22,220234,0,1,5,Pedestrian,998,Female,None Noted,None Noted,None Noted,741,Dash,0,Not a Cyclist,At Intersection,Not a Cyclist,Intersection Area,Not a Cyclist,Unknown Initial Direction of Travel,Not a Cyclist,Northbound,Straight Through,Nearside,2c,MOTORIST TRAVELING STRAIGHT THROUGH – CRASH OCCURRED ON NEAR (APPROACH) SIDE OF INTERSECTION Pedestrian Outside Crosswalk Area  Approach Direction Unknown.,740,Dash/Dart-Out,0,Not a Cyclist,
19,190296,0,1,5,Pedestrian,12,Male,None Noted,Yes,None Noted,741,Dash,0,Not a Cyclist,At Intersection,Not a Cyclist,Intersection Area,Not a Cyclist,Unknown Initial Direction of Travel,Not a Cyclist,Eastbound,Straight Through,Nearside,2c,MOTORIST TRAVELING STRAIGHT THROUGH – CRASH OCCURRED ON NEAR (APPROACH) SIDE OF INTERSECTION Pedestrian Outside Crosswalk Area  Approach Direction Unknown.,740,Dash/Dart-Out,0,Not a Cyclist,
19,190308,0,1,5,Pedestrian,26,Male,None Noted,Yes,None Noted,741,Dash,0,Not a Cyclist,At Intersection,Not a Cyclist,Intersection Area,Not a Cyclist,Unknown Initial Direction of Travel,Not a Cyclist,Westbound,Straight Through,Nearside,2c,MOTORIST TRAVELING STRAIGHT THROUGH – CRASH OCCURRED ON NEAR (APPROACH) SIDE OF INTERSECTION Pedestrian Outside Crosswalk Area  Approach Direction Unknown.,740,Dash/Dart-Out,0,Not a Cyclist,
36,360678,0,1,5,Pedestrian,34,Male,None Noted,Yes,None Noted,741,Dash,0,Not a Cyclist,At Intersection,Not a Cyclist,Intersection Area,Not a Cyclist,Unknown Initial Direction of Travel,Not a Cyclist,Southbound,Straight Through,Nearside,2c,MOTORIST TRAVELING STRAIGHT THROUGH – CRASH OCCURRED ON NEAR (APPROACH) SIDE OF INTERSECTION Pedestrian Outside Crosswalk Area  Approach Direction Unknown.,740,Dash/Dart-Out,0,Not a Cyclist,
37,371087,0,1,5,Pedestrian,43,Female,None Noted,None Noted,None Noted,741,Dash,0,Not a Cyclist,At Intersection,Not a Cyclist,Intersection Area,Not a Cyclist,Unknown Initial Direction of Travel,Not a Cyclist,Westbound,Straight Through,Nearside,2c,MOTORIST TRAVELING STRAIGHT THROUGH – CRASH OCCURRED ON NEAR (APPROACH) SIDE OF INTERSECTION Pedestrian Outside Crosswalk Area  Approach Direction Unknown.,740,Dash/Dart-Out,0,Not a Cyclist,
36,360654,0,1,5,Pedestrian,35,Male,None Noted,Yes,None Noted,312,Playing in Roadway,0,Not a Cyclist,At Intersection,Not a Cyclist,Intersection Area,Not a Cyclist,Westbound,Not a Cyclist,Southbound,Straight Through,Nearside,2a,MOTORIST TRAVELING STRAIGHT THROUGH – CRASH OCCURRED ON NEAR (APPROACH) SIDE OF INTERSECTION Pedestrian Outside Crosswalk Area  Traveled From Motorist’s Left.,310,Working or Playing in Roadway,0,Not a Cyclist,
48,481306,0,1,5,Pedestrian,15,Male,None Noted,None Noted,None Noted,312,Playing in Roadway,0,Not a Cyclist,At Intersection,Not a Cyclist,Intersection Area,Not a Cyclist,Northbound,Not a Cyclist,Westbound,Straight Through,Nearside,2a,MOTORIST TRAVELING STRAIGHT THROUGH – CRASH OCCURRED ON NEAR (APPROACH) SIDE OF INTERSECTION Pedestrian Outside Crosswalk Area  Traveled From Motorist’s Left.,310,Working or Playing in Roadway,0,Not a Cyclist,
17,170925,0,1,5,Pedestrian,54,Male,Yes,Yes,None Noted,160,Pedestrian Loss of Control,0,Not a Cyclist,At Intersection,Not a Cyclist,Intersection Area,Not a Cyclist,Unknown Initial Direction of Travel,Not a Cyclist,Northbound,Right Turn,Nearside,6c,MOTORIST TURNING RIGHT – CRASH OCCURRED ON NEAR (APPROACH) SIDE OF INTERSECTION Pedestrian Outside Crosswalk Area  Approach Direction Unknown.,100,Unusual Circumstances,0,Not a Cyclist,
42,420811,0,1,8,Person on Personal Conveyances,17,Male,None Noted,None Noted,None Noted,250,Play Vehicle-Related,0,Not a Cyclist,At Intersection,Not a Cyclist,Intersection Area,Not a Cyclist,Unknown Initial Direction of Travel,Not a Cyclist,Northbound,Straight Through,Nearside,2c,MOTORIST TRAVELING STRAIGHT THROUGH – CRASH OCCURRED ON NEAR (APPROACH) SIDE OF INTERSECTION Pedestrian Outside Crosswalk Area  Approach Direction Unknown.,100,Unusual Circumstances,0,Not a Cyclist,
36,360195,0,1,8,Person on Personal Conveyances,18,Male,Yes,Yes,None Noted,250,Play Vehicle-Related,0,Not a Cyclist,At Intersection,Not a Cyclist,Intersection Area,Not a Cyclist,Southbound,Not a Cyclist,Westbound,Straight Through,Nearside,2b,MOTORIST TRAVELING STRAIGHT THROUGH – CRASH OCCURRED ON NEAR (APPROACH) SIDE OF INTERSECTION Pedestrian Outside Crosswalk Area  Traveled From Motorist’s Right.,100,Unusual Circumstances,0,Not a Cyclist,
17,170811,0,1,5,Pedestrian,44,Male,None Noted,None Noted,None Noted,120,Dispute-Related,0,Not a Cyclist,At Intersection,Not a Cyclist,Intersection Area,Not a Cyclist,Eastbound,Not a Cyclist,Southbound,Straight Through,Nearside,2b,MOTORIST TRAVELING STRAIGHT THROUGH – CRASH OCCURRED ON NEAR (APPROACH) SIDE OF INTERSECTION Pedestrian Outside Crosswalk Area  Traveled From Motorist’s Right.,100,Unusual Circumstances,0,Not a Cyclist,
45,450079,0,1,5,Pedestrian,76,Male,None Noted,Yes,None Noted,690,At Intersection – Other/Unknown,0,Not a Cyclist,At Intersection,Not a Cyclist,Intersection Area,Not a Cyclist,Eastbound,Not a Cyclist,Northbound,Straight Through,Nearside,2a,MOTORIST TRAVELING STRAIGHT THROUGH – CRASH OCCURRED ON NEAR (APPROACH) SIDE OF INTERSECTION Pedestrian Outside Crosswalk Area  Traveled From Motorist’s Left.,990,Other/Unknown – Insufficient Details,0,Not a Cyclist,
42,420822,0,1,5,Pedestrian,999,Female,None Noted,Yes,None Noted,690,At Intersection – Other/Unknown,0,Not a Cyclist,At Intersection,Not a Cyclist,Intersection Area,Not a Cyclist,Northbound,Not a Cyclist,Westbound,Straight Through,Nearside,2a,MOTORIST TRAVELING STRAIGHT THROUGH – CRASH OCCURRED ON NEAR (APPROACH) SIDE OF INTERSECTION Pedestrian Outside Crosswalk Area  Traveled From Motorist’s Left.,990,Other/Unknown – Insufficient Details,0,Not a Cyclist,
12,120511,0,1,5,Pedestrian,63,Male,None Noted,None Noted,None Noted,690,At Intersection – Other/Unknown,0,Not a Cyclist,At Intersection,Not a Cyclist,Intersection Area,Not a Cyclist,Southbound,Not a Cyclist,Eastbound,Straight Through,Nearside,2a,MOTORIST TRAVELING STRAIGHT THROUGH – CRASH OCCURRED ON NEAR (APPROACH) SIDE OF INTERSECTION Pedestrian Outside Crosswalk Area  Traveled From Motorist’s Left.,990,Other/Unknown – Insufficient Details,0,Not a Cyclist,
12,122820,0,1,5,Pedestrian,50,Male,None Noted,None Noted,None Noted,690,At Intersection – Other/Unknown,0,Not a Cyclist,At Intersection,Not a Cyclist,Intersection Area,Not a Cyclist,Westbound,Not a Cyclist,Southbound,Straight Through,Nearside,2a,MOTORIST TRAVELING STRAIGHT THROUGH – CRASH OCCURRED ON NEAR (APPROACH) SIDE OF INTERSECTION Pedestrian Outside Crosswalk Area  Traveled From Motorist’s Left.,990,Other/Unknown – Insufficient Details,0,Not a Cyclist,
42,420532,0,1,8,Person on Personal Conveyances,26,Male,None Noted,Yes,None Noted,690,At Intersection – Other/Unknown,0,Not a Cyclist,At Intersection,Not a Cyclist,Intersection Area,Not a Cyclist,Westbound,Not a Cyclist,Northbound,Straight Through,Nearside,2b,MOTORIST TRAVELING STRAIGHT THROUGH – CRASH OCCURRED ON NEAR (APPROACH) SIDE OF INTERSECTION Pedestrian Outside Crosswalk Area  Traveled From Motorist’s Right.,990,Other/Unknown – Insufficient Details,0,Not a Cyclist,
34,340081,0,1,5,Pedestrian,75,Female,None Noted,None Noted,Unknown,690,At Intersection – Other/Unknown,0,Not a Cyclist,At Intersection,Not a Cyclist,Intersection Area,Not a Cyclist,Southbound,Not a Cyclist,Westbound,Straight Through,Nearside,2b,MOTORIST TRAVELING STRAIGHT THROUGH – CRASH OCCURRED ON NEAR (APPROACH) SIDE OF INTERSECTION Pedestrian Outside Crosswalk Area  Traveled From Motorist’s Right.,990,Other/Unknown – Insufficient Details,0,Not a Cyclist,
47,470174,0,1,5,Pedestrian,78,Male,None Noted,Yes,None Noted,690,At Intersection – Other/Unknown,0,Not a Cyclist,At Intersection,Not a Cyclist,Intersection Area,Not a Cyclist,Northbound,Not a Cyclist,Eastbound,Straight Through,Nearside,2b,MOTORIST TRAVELING STRAIGHT THROUGH – CRASH OCCURRED ON NEAR (APPROACH) SIDE OF INTERSECTION Pedestrian Outside Crosswalk Area  Traveled From Motorist’s Right.,990,Other/Unknown – Insufficient Details,0,Not a Cyclist,
12,120521,0,1,5,Pedestrian,54,Male,None Noted,None Noted,None Noted,690,At Intersection – Other/Unknown,0,Not a Cyclist,At Intersection,Not a Cyclist,Intersection Area,Not a Cyclist,Eastbound,Not a Cyclist,Southbound,Straight Through,Nearside,2b,MOTORIST TRAVELING STRAIGHT THROUGH – CRASH OCCURRED ON NEAR (APPROACH) SIDE OF INTERSECTION Pedestrian Outside Crosswalk Area  Traveled From Motorist’s Right.,990,Other/Unknown – Insufficient Details,0,Not a Cyclist,
12,120576,0,1,5,Pedestrian,78,Male,None Noted,None Noted,None Noted,690,At Intersection – Other/Unknown,0,Not a Cyclist,At Intersection,Not a Cyclist,Intersection Area,Not a Cyclist,Westbound,Not a Cyclist,Northbound,Straight Through,Nearside,2b,MOTORIST TRAVELING STRAIGHT THROUGH – CRASH OCCURRED ON NEAR (APPROACH) SIDE OF INTERSECTION Pedestrian Outside Crosswalk Area  Traveled From Motorist’s Right.,990,Other/Unknown – Insufficient Details,0,Not a Cyclist,
29,290131,0,1,5,Pedestrian,65,Male,None Noted,Yes,None Noted,690,At Intersection – Other/Unknown,0,Not a Cyclist,At Intersection,Not a Cyclist,Intersection Area,Not a Cyclist,Southbound,Not a Cyclist,Westbound,Straight Through,Nearside,2b,MOTORIST TRAVELING STRAIGHT THROUGH – CRASH OCCURRED ON NEAR (APPROACH) SIDE OF INTERSECTION Pedestrian Outside Crosswalk Area  Traveled From Motorist’s Right.,990,Other/Unknown – Insufficient Details,0,Not a Cyclist,
40,400126,0,1,5,Pedestrian,45,Male,None Noted,None Noted,None Noted,690,At Intersection – Other/Unknown,0,Not a Cyclist,At Intersection,Not a Cyclist,Intersection Area,Not a Cyclist,Unknown Initial Direction of Travel,Not a Cyclist,Southbound,Straight Through,Nearside,2c,MOTORIST TRAVELING STRAIGHT THROUGH – CRASH OCCURRED ON NEAR (APPROACH) SIDE OF INTERSECTION Pedestrian Outside Crosswalk Area  Approach Direction Unknown.,990,Other/Unknown – Insufficient Details,0,Not a Cyclist,
45,450437,0,1,5,Pedestrian,47,Male,None Noted,Yes,None Noted,213,Backing Vehicle – Trafficway,0,Not a Cyclist,At Intersection,Not a Cyclist,Intersection Area,Not a Cyclist,Unknown Initial Direction of Travel,Not a Cyclist,Southbound,Straight Through,Nearside,2c,MOTORIST TRAVELING STRAIGHT THROUGH – CRASH OCCURRED ON NEAR (APPROACH) SIDE OF INTERSECTION Pedestrian Outside Crosswalk Area  Approach Direction Unknown.,200,Backing Vehicle,0,Not a Cyclist,
17,170347,0,1,5,Pedestrian,17,Male,Yes,Yes,None Noted,341,Transit Bus-Related,0,Not a Cyclist,At Intersection,Not a Cyclist,Intersection Area,Not a Cyclist,Northbound,Not a Cyclist,Eastbound,Straight Through,Nearside,2b,MOTORIST TRAVELING STRAIGHT THROUGH – CRASH OCCURRED ON NEAR (APPROACH) SIDE OF INTERSECTION Pedestrian Outside Crosswalk Area  Traveled From Motorist’s Right.,340,Bus-Related,0,Not a Cyclist,
44,440017,0,1,5,Pedestrian,18,Male,None Noted,None Noted,None Noted,410,Walking/Running Along Roadway With Traffic – From Behind,0,Not a Cyclist,At Intersection,Not a Cyclist,Intersection Area,Not a Cyclist,Northbound,Not a Cyclist,Eastbound,Straight Through,Nearside,2b,MOTORIST TRAVELING STRAIGHT THROUGH – CRASH OCCURRED ON NEAR (APPROACH) SIDE OF INTERSECTION Pedestrian Outside Crosswalk Area  Traveled From Motorist’s Right.,400,Walking/Running Along Roadway,0,Not a Cyclist,
8,80376,0,1,8,Person on Personal Conveyances,79,Male,None Noted,None Noted,None Noted,440,Walking/Running Along Roadway Against Traffic – From Front,0,Not a Cyclist,At Intersection,Not a Cyclist,Intersection Area,Not a Cyclist,Unknown Initial Direction of Travel,Not a Cyclist,Eastbound,Straight Through,Nearside,2c,MOTORIST TRAVELING STRAIGHT THROUGH – CRASH OCCURRED ON NEAR (APPROACH) SIDE OF INTERSECTION Pedestrian Outside Crosswalk Area  Approach Direction Unknown.,400,Walking/Running Along Roadway,0,Not a Cyclist,
24,240082,0,1,5,Pedestrian,65,Male,None Noted,None Noted,None Noted,459,Walking/Running Along Roadway – Direction/Position Unknown,0,Not a Cyclist,At Intersection,Not a Cyclist,Intersection Area,Not a Cyclist,Unknown Initial Direction of Travel,Not a Cyclist,Northbound,Straight Through,Nearside,2c,MOTORIST TRAVELING STRAIGHT THROUGH – CRASH OCCURRED ON NEAR (APPROACH) SIDE OF INTERSECTION Pedestrian Outside Crosswalk Area  Approach Direction Unknown.,400,Walking/Running Along Roadway,0,Not a Cyclist,
36,360019,0,1,5,Pedestrian,49,Male,Yes,Yes,None Noted,760,Pedestrian Failed to Yield,0,Not a Cyclist,At Intersection,Not a Cyclist,Intersection Area,Not a Cyclist,Unknown Initial Direction of Travel,Not a Cyclist,Eastbound,Straight Through,Nearside,2c,MOTORIST TRAVELING STRAIGHT THROUGH – CRASH OCCURRED ON NEAR (APPROACH) SIDE OF INTERSECTION Pedestrian Outside Crosswalk Area  Approach Direction Unknown.,750,Crossing Roadway – Vehicle Not Turning,0,Not a Cyclist,
40,400128,0,1,5,Pedestrian,56,Female,None Noted,None Noted,None Noted,760,Pedestrian Failed to Yield,0,Not a Cyclist,At Intersection,Not a Cyclist,Intersection Area,Not a Cyclist,Unknown Initial Direction of Travel,Not a Cyclist,Eastbound,Straight Through,Nearside,2c,MOTORIST TRAVELING STRAIGHT THROUGH – CRASH OCCURRED ON NEAR (APPROACH) SIDE OF INTERSECTION Pedestrian Outside Crosswalk Area  Approach Direction Unknown.,750,Crossing Roadway – Vehicle Not Turning,0,Not a Cyclist,
45,450873,0,1,5,Pedestrian,56,Female,None Noted,Yes,None Noted,760,Pedestrian Failed to Yield,0,Not a Cyclist,At Intersection,Not a Cyclist,Intersection Area,Not a Cyclist,Unknown Initial Direction of Travel,Not a Cyclist,Westbound,Straight Through,Nearside,2c,MOTORIST TRAVELING STRAIGHT THROUGH – CRASH OCCURRED ON NEAR (APPROACH) SIDE OF INTERSECTION Pedestrian Outside Crosswalk Area  Approach Direction Unknown.,750,Crossing Roadway – Vehicle Not Turning,0,Not a Cyclist,
12,123045,0,1,5,Pedestrian,60,Male,None Noted,None Noted,None Noted,760,Pedestrian Failed to Yield,0,Not a Cyclist,At Intersection,Not a Cyclist,Intersection Area,Not a Cyclist,Unknown Initial Direction of Travel,Not a Cyclist,Westbound,Straight Through,Nearside,2c,MOTORIST TRAVELING STRAIGHT THROUGH – CRASH OCCURRED ON NEAR (APPROACH) SIDE OF INTERSECTION Pedestrian Outside Crosswalk Area  Approach Direction Unknown.,750,Crossing Roadway – Vehicle Not Turning,0,Not a Cyclist,
20,200095,0,1,5,Pedestrian,60,Male,None Noted,None Noted,None Noted,770,Motorist Failed to Yield,0,Not a Cyclist,At Intersection,Not a Cyclist,Intersection Area,Not a Cyclist,Unknown Initial Direction of Travel,Not a Cyclist,Southbound,Straight Through,Nearside,2c,MOTORIST TRAVELING STRAIGHT THROUGH – CRASH OCCURRED ON NEAR (APPROACH) SIDE OF INTERSECTION Pedestrian Outside Crosswalk Area  Approach Direction Unknown.,750,Crossing Roadway – Vehicle Not Turning,0,Not a Cyclist,
12,122431,0,1,5,Pedestrian,17,Female,None Noted,None Noted,None Noted,760,Pedestrian Failed to Yield,0,Not a Cyclist,At Intersection,Not a Cyclist,Intersection Area,Not a Cyclist,Northbound,Not a Cyclist,Eastbound,Straight Through,Nearside,2b,MOTORIST TRAVELING STRAIGHT THROUGH – CRASH OCCURRED ON NEAR (APPROACH) SIDE OF INTERSECTION Pedestrian Outside Crosswalk Area  Traveled From Motorist’s Right.,750,Crossing Roadway – Vehicle Not Turning,0,Not a Cyclist,
24,240430,0,1,5,Pedestrian,81,Female,None Noted,None Noted,None Noted,770,Motorist Failed to Yield,0,Not a Cyclist,At Intersection,Not a Cyclist,Intersection Area,Not a Cyclist,Southbound,Not a Cyclist,Westbound,Straight Through,Nearside,2b,MOTORIST TRAVELING STRAIGHT THROUGH – CRASH OCCURRED ON NEAR (APPROACH) SIDE OF INTERSECTION Pedestrian Outside Crosswalk Area  Traveled From Motorist’s Right.,750,Crossing Roadway – Vehicle Not Turning,0,Not a Cyclist,
42,420749,0,2,5,Pedestrian,18,Female,None Noted,None Noted,None Noted,770,Motorist Failed to Yield,0,Not a Cyclist,At Intersection,Not a Cyclist,Intersection Area,Not a Cyclist,Northbound,Not a Cyclist,Eastbound,Straight Through,Nearside,2b,MOTORIST TRAVELING STRAIGHT THROUGH – CRASH OCCURRED ON NEAR (APPROACH) SIDE OF INTERSECTION Pedestrian Outside Crosswalk Area  Traveled From Motorist’s Right.,750,Crossing Roadway – Vehicle Not Turning,0,Not a Cyclist,
42,420749,0,1,5,Pedestrian,37,Female,None Noted,None Noted,None Noted,770,Motorist Failed to Yield,0,Not a Cyclist,At Intersection,Not a Cyclist,Intersection Area,Not a Cyclist,Northbound,Not a Cyclist,Eastbound,Straight Through,Nearside,2b,MOTORIST TRAVELING STRAIGHT THROUGH – CRASH OCCURRED ON NEAR (APPROACH) SIDE OF INTERSECTION Pedestrian Outside Crosswalk Area  Traveled From Motorist’s Right.,750,Crossing Roadway – Vehicle Not Turning,0,Not a Cyclist,
12,121266,0,1,5,Pedestrian,69,Male,None Noted,None Noted,None Noted,770,Motorist Failed to Yield,0,Not a Cyclist,At Intersection,Not a Cyclist,Intersection Area,Not a Cyclist,Westbound,Not a Cyclist,Northbound,Straight Through,Nearside,2b,MOTORIST TRAVELING STRAIGHT THROUGH – CRASH OCCURRED ON NEAR (APPROACH) SIDE OF INTERSECTION Pedestrian Outside Crosswalk Area  Traveled From Motorist’s Right.,750,Crossing Roadway – Vehicle Not Turning,0,Not a Cyclist,
42,420998,0,1,5,Pedestrian,77,Female,None Noted,Yes,None Noted,760,Pedestrian Failed to Yield,0,Not a Cyclist,At Intersection,Not a Cyclist,Intersection Area,Not a Cyclist,Eastbound,Not a Cyclist,Southbound,Straight Through,Nearside,2b,MOTORIST TRAVELING STRAIGHT THROUGH – CRASH OCCURRED ON NEAR (APPROACH) SIDE OF INTERSECTION Pedestrian Outside Crosswalk Area  Traveled From Motorist’s Right.,750,Crossing Roadway – Vehicle Not Turning,0,Not a Cyclist,
42,420965,0,1,5,Pedestrian,56,Male,None Noted,Yes,Yes,760,Pedestrian Failed to Yield,0,Not a Cyclist,At Intersection,Not a Cyclist,Intersection Area,Not a Cyclist,Southbound,Not a Cyclist,Westbound,Straight Through,Nearside,2b,MOTORIST TRAVELING STRAIGHT THROUGH – CRASH OCCURRED ON NEAR (APPROACH) SIDE OF INTERSECTION Pedestrian Outside Crosswalk Area  Traveled From Motorist’s Right.,750,Crossing Roadway – Vehicle Not Turning,0,Not a Cyclist,
45,450056,0,1,5,Pedestrian,58,Female,None Noted,None Noted,None Noted,760,Pedestrian Failed to Yield,0,Not a Cyclist,At Intersection,Not a Cyclist,Intersection Area,Not a Cyclist,Southbound,Not a Cyclist,Westbound,Straight Through,Nearside,2b,MOTORIST TRAVELING STRAIGHT THROUGH – CRASH OCCURRED ON NEAR (APPROACH) SIDE OF INTERSECTION Pedestrian Outside Crosswalk Area  Traveled From Motorist’s Right.,750,Crossing Roadway – Vehicle Not Turning,0,Not a Cyclist,