state_number,consecutive_number,vehicle_number,person_number,person_type,person_type_name,age,sex,marked_crosswalk_present,sidewalk_present,school_zone,crash_type_pedestrian,crash_type_pedestrian_name,crash_type_bicycle,crash_type_bicycle_name,crash_location_pedestrian,crash_location_bicycle,pedestrian_position,bicyclist_position,pedestrian_initial_direction_of_travel,bicyclist_initial_direction_of_travel,motorist_initial_direction_of_travel,motorist_maneuver,intersection_leg,pedestrian_scenario,pedestrian_scenario_name,crash_group_pedestrian,crash_group_pedestrian_name,crash_group_bicycle,crash_group_bicycle_name
51,510321,0,1,5,Pedestrian,31,Male,Yes,None Noted,None Noted,760,Pedestrian Failed to Yield,0,Not a Cyclist,At Intersection,Not a Cyclist,Intersection Area,Not a Cyclist,Southbound,Not a Cyclist,Westbound,Straight Through,Nearside,2b,MOTORIST TRAVELING STRAIGHT THROUGH – CRASH OCCURRED ON NEAR (APPROACH) SIDE OF INTERSECTION Pedestrian Outside Crosswalk Area  Traveled From Motorist’s Right.,750,Crossing Roadway – Vehicle Not Turning,0,Not a Cyclist,
5,50509,0,1,5,Pedestrian,63,Female,Unknown,Yes,Unknown,760,Pedestrian Failed to Yield,0,Not a Cyclist,At Intersection,Not a Cyclist,Intersection Area,Not a Cyclist,Southbound,Not a Cyclist,Westbound,Straight Through,Nearside,2b,MOTORIST TRAVELING STRAIGHT THROUGH – CRASH OCCURRED ON NEAR (APPROACH) SIDE OF INTERSECTION Pedestrian Outside Crosswalk Area  Traveled From Motorist’s Right.,750,Crossing Roadway – Vehicle Not Turning,0,Not a Cyclist,
22,220343,0,1,5,Pedestrian,26,Male,None Noted,None Noted,None Noted,760,Pedestrian Failed to Yield,0,Not a Cyclist,At Intersection,Not a Cyclist,Intersection Area,Not a Cyclist,Southbound,Not a Cyclist,Westbound,Straight Through,Nearside,2b,MOTORIST TRAVELING STRAIGHT THROUGH – CRASH OCCURRED ON NEAR (APPROACH) SIDE OF INTERSECTION Pedestrian Outside Crosswalk Area  Traveled From Motorist’s Right.,750,Crossing Roadway – Vehicle Not Turning,0,Not a Cyclist,
18,180804,0,1,5,Pedestrian,75,Male,Yes,None Noted,None Noted,760,Pedestrian Failed to Yield,0,Not a Cyclist,At Intersection,Not a Cyclist,Intersection Area,Not a Cyclist,Southbound,Not a Cyclist,Westbound,Straight Through,Nearside,2b,MOTORIST TRAVELING STRAIGHT THROUGH – CRASH OCCURRED ON NEAR (APPROACH) SIDE OF INTERSECTION Pedestrian Outside Crosswalk Area  Traveled From Motorist’s Right.,750,Crossing Roadway – Vehicle Not Turning,0,Not a Cyclist,
12,120493,0,1,5,Pedestrian,63,Female,Yes,None Noted,None Noted,760,Pedestrian Failed to Yield,0,Not a Cyclist,At Intersection,Not a Cyclist,Intersection Area,Not a Cyclist,Southbound,Not a Cyclist,Eastbound,Straight Through,Nearside,2a,MOTORIST TRAVELING STRAIGHT THROUGH – CRASH OCCURRED ON NEAR (APPROACH) SIDE OF INTERSECTION Pedestrian Outside Crosswalk Area  Traveled From Motorist’s Left.,750,Crossing Roadway – Vehicle Not Turning,0,Not a Cyclist,
35,350306,0,1,8,Person on Personal Conveyances,77,Male,Yes,Yes,None Noted,760,Pedestrian Failed to Yield,0,Not a Cyclist,At Intersection,Not a Cyclist,Intersection Area,Not a Cyclist,Northbound,Not a Cyclist,Westbound,Straight Through,Nearside,2a,MOTORIST TRAVELING STRAIGHT THROUGH – CRASH OCCURRED ON NEAR (APPROACH) SIDE OF INTERSECTION Pedestrian Outside Crosswalk Area  Traveled From Motorist’s Left.,750,Crossing Roadway – Vehicle Not Turning,0,Not a Cyclist,
35,350264,0,1,5,Pedestrian,52,Female,Yes,Yes,None Noted,760,Pedestrian Failed to Yield,0,Not a Cyclist,At Intersection,Not a Cyclist,Intersection Area,Not a Cyclist,Eastbound,Not a Cyclist,Northbound,Straight Through,Nearside,2a,MOTORIST TRAVELING STRAIGHT THROUGH – CRASH OCCURRED ON NEAR (APPROACH) SIDE OF INTERSECTION Pedestrian Outside Crosswalk Area  Traveled From Motorist’s Left.,750,Crossing Roadway – Vehicle Not Turning,0,Not a Cyclist,
32,320162,0,1,5,Pedestrian,43,Male,Yes,Yes,Unknown,760,Pedestrian Failed to Yield,0,Not a Cyclist,At Intersection,Not a Cyclist,Intersection Area,Not a Cyclist,Eastbound,Not a Cyclist,Northbound,Straight Through,Nearside,2a,MOTORIST TRAVELING STRAIGHT THROUGH – CRASH OCCURRED ON NEAR (APPROACH) SIDE OF INTERSECTION Pedestrian Outside Crosswalk Area  Traveled From Motorist’s Left.,750,Crossing Roadway – Vehicle Not Turning,0,Not a Cyclist,
28,280502,0,1,5,Pedestrian,23,Female,None Noted,None Noted,None Noted,760,Pedestrian Failed to Yield,0,Not a Cyclist,At Intersection,Not a Cyclist,Intersection Area,Not a Cyclist,Eastbound,Not a Cyclist,Northbound,Straight Through,Nearside,2a,MOTORIST TRAVELING STRAIGHT THROUGH – CRASH OCCURRED ON NEAR (APPROACH) SIDE OF INTERSECTION Pedestrian Outside Crosswalk Area  Traveled From Motorist’s Left.,750,Crossing Roadway – Vehicle Not Turning,0,Not a Cyclist,
51,510710,0,1,5,Pedestrian,69,Male,None Noted,None Noted,None Noted,760,Pedestrian Failed to Yield,0,Not a Cyclist,At Intersection,Not a Cyclist,Intersection Area,Not a Cyclist,Southbound,Not a Cyclist,Eastbound,Straight Through,Nearside,2a,MOTORIST TRAVELING STRAIGHT THROUGH – CRASH OCCURRED ON NEAR (APPROACH) SIDE OF INTERSECTION Pedestrian Outside Crosswalk Area  Traveled From Motorist’s Left.,750,Crossing Roadway – Vehicle Not Turning,0,Not a Cyclist,
51,510608,0,1,5,Pedestrian,72,Male,None Noted,None Noted,None Noted,760,Pedestrian Failed to Yield,0,Not a Cyclist,At Intersection,Not a Cyclist,Intersection Area,Not a Cyclist,Eastbound,Not a Cyclist,Northbound,Straight Through,Nearside,2a,MOTORIST TRAVELING STRAIGHT THROUGH – CRASH OCCURRED ON NEAR (APPROACH) SIDE OF INTERSECTION Pedestrian Outside Crosswalk Area  Traveled From Motorist’s Left.,750,Crossing Roadway – Vehicle Not Turning,0,Not a Cyclist,
45,450010,0,1,5,Pedestrian,53,Male,None Noted,Yes,None Noted,760,Pedestrian Failed to Yield,0,Not a Cyclist,At Intersection,Not a Cyclist,Intersection Area,Not a Cyclist,Southbound,Not a Cyclist,Eastbound,Straight Through,Nearside,2a,MOTORIST TRAVELING STRAIGHT THROUGH – CRASH OCCURRED ON NEAR (APPROACH) SIDE OF INTERSECTION Pedestrian Outside Crosswalk Area  Traveled From Motorist’s Left.,750,Crossing Roadway – Vehicle Not Turning,0,Not a Cyclist,
51,510283,0,1,5,Pedestrian,26,Male,Yes,None Noted,None Noted,760,Pedestrian Failed to Yield,0,Not a Cyclist,At Intersection,Not a Cyclist,Intersection Area,Not a Cyclist,Southbound,Not a Cyclist,Eastbound,Straight Through,Nearside,2a,MOTORIST TRAVELING STRAIGHT THROUGH – CRASH OCCURRED ON NEAR (APPROACH) SIDE OF INTERSECTION Pedestrian Outside Crosswalk Area  Traveled From Motorist’s Left.,750,Crossing Roadway – Vehicle Not Turning,0,Not a Cyclist,
45,450303,0,1,5,Pedestrian,70,Male,None Noted,None Noted,None Noted,760,Pedestrian Failed to Yield,0,Not a Cyclist,At Intersection,Not a Cyclist,Intersection Area,Not a Cyclist,Northbound,Not a Cyclist,Westbound,Straight Through,Nearside,2a,MOTORIST TRAVELING STRAIGHT THROUGH – CRASH OCCURRED ON NEAR (APPROACH) SIDE OF INTERSECTION Pedestrian Outside Crosswalk Area  Traveled From Motorist’s Left.,750,Crossing Roadway – Vehicle Not Turning,0,Not a Cyclist,
36,360404,0,1,8,Person on Personal Conveyances,14,Male,None Noted,None Noted,None Noted,760,Pedestrian Failed to Yield,0,Not a Cyclist,At Intersection,Not a Cyclist,Intersection Area,Not a Cyclist,Northbound,Not a Cyclist,Westbound,Straight Through,Nearside,2a,MOTORIST TRAVELING STRAIGHT THROUGH – CRASH OCCURRED ON NEAR (APPROACH) SIDE OF INTERSECTION Pedestrian Outside Crosswalk Area  Traveled From Motorist’s Left.,750,Crossing Roadway – Vehicle Not Turning,0,Not a Cyclist,
45,450806,0,1,8,Person on Personal Conveyances,30,Male,None Noted,None Noted,None Noted,760,Pedestrian Failed to Yield,0,Not a Cyclist,At Intersection,Not a Cyclist,Intersection Area,Not a Cyclist,Westbound,Not a Cyclist,Northbound,Straight Through,Nearside,2b,MOTORIST TRAVELING STRAIGHT THROUGH – CRASH OCCURRED ON NEAR (APPROACH) SIDE OF INTERSECTION Pedestrian Outside Crosswalk Area  Traveled From Motorist’s Right.,750,Crossing Roadway – Vehicle Not Turning,0,Not a Cyclist,
13,131315,0,1,8,Person on Personal Conveyances,63,Male,Yes,None Noted,None Noted,760,Pedestrian Failed to Yield,0,Not a Cyclist,At Intersection,Not a Cyclist,Intersection Area,Not a Cyclist,Northbound,Not a Cyclist,Westbound,Straight Through,Nearside,2a,MOTORIST TRAVELING STRAIGHT THROUGH – CRASH OCCURRED ON NEAR (APPROACH) SIDE OF INTERSECTION Pedestrian Outside Crosswalk Area  Traveled From Motorist’s Left.,750,Crossing Roadway – Vehicle Not Turning,0,Not a Cyclist,
12,122736,0,1,5,Pedestrian,66,Female,None Noted,Yes,None Noted,760,Pedestrian Failed to Yield,0,Not a Cyclist,At Intersection,Not a Cyclist,Intersection Area,Not a Cyclist,Westbound,Not a Cyclist,Southbound,Straight Through,Nearside,2a,MOTORIST TRAVELING STRAIGHT THROUGH – CRASH OCCURRED ON NEAR (APPROACH) SIDE OF INTERSECTION Pedestrian Outside Crosswalk Area  Traveled From Motorist’s Left.,750,Crossing Roadway – Vehicle Not Turning,0,Not a Cyclist,
12,120608,0,1,5,Pedestrian,998,Not Reported,None Noted,None Noted,None Noted,760,Pedestrian Failed to Yield,0,Not a Cyclist,At Intersection,Not a Cyclist,Intersection Area,Not a Cyclist,Northbound,Not a Cyclist,Westbound,Straight Through,Nearside,2a,MOTORIST TRAVELING STRAIGHT THROUGH – CRASH OCCURRED ON NEAR (APPROACH) SIDE OF INTERSECTION Pedestrian Outside Crosswalk Area  Traveled From Motorist’s Left.,750,Crossing Roadway – Vehicle Not Turning,0,Not a Cyclist,
45,450165,0,1,5,Pedestrian,52,Male,None Noted,None Noted,None Noted,760,Pedestrian Failed to Yield,0,Not a Cyclist,At Intersection,Not a Cyclist,Intersection Area,Not a Cyclist,Eastbound,Not a Cyclist,Northbound,Straight Through,Nearside,2a,MOTORIST TRAVELING STRAIGHT THROUGH – CRASH OCCURRED ON NEAR (APPROACH) SIDE OF INTERSECTION Pedestrian Outside Crosswalk Area  Traveled From Motorist’s Left.,750,Crossing Roadway – Vehicle Not Turning,0,Not a Cyclist,
36,360318,0,1,5,Pedestrian,55,Male,None Noted,Yes,None Noted,760,Pedestrian Failed to Yield,0,Not a Cyclist,At Intersection,Not a Cyclist,Intersection Area,Not a Cyclist,Eastbound,Not a Cyclist,Northbound,Straight Through,Nearside,2a,MOTORIST TRAVELING STRAIGHT THROUGH – CRASH OCCURRED ON NEAR (APPROACH) SIDE OF INTERSECTION Pedestrian Outside Crosswalk Area  Traveled From Motorist’s Left.,750,Crossing Roadway – Vehicle Not Turning,0,Not a Cyclist,
39,390686,0,1,5,Pedestrian,49,Male,None Noted,None Noted,None Noted,760,Pedestrian Failed to Yield,0,Not a Cyclist,At Intersection,Not a Cyclist,Intersection Area,Not a Cyclist,Eastbound,Not a Cyclist,Northbound,Straight Through,Nearside,2a,MOTORIST TRAVELING STRAIGHT THROUGH – CRASH OCCURRED ON NEAR (APPROACH) SIDE OF INTERSECTION Pedestrian Outside Crosswalk Area  Traveled From Motorist’s Left.,750,Crossing Roadway – Vehicle Not Turning,0,Not a Cyclist,
4,40531,0,1,8,Person on Personal Conveyances,78,Male,None Noted,Yes,None Noted,760,Pedestrian Failed to Yield,0,Not a Cyclist,At Intersection,Not a Cyclist,Intersection Area,Not a Cyclist,Northbound,Not a Cyclist,Westbound,Straight Through,Nearside,2a,MOTORIST TRAVELING STRAIGHT THROUGH – CRASH OCCURRED ON NEAR (APPROACH) SIDE OF INTERSECTION Pedestrian Outside Crosswalk Area  Traveled From Motorist’s Left.,750,Crossing Roadway – Vehicle Not Turning,0,Not a Cyclist,
42,420169,0,1,5,Pedestrian,76,Male,None Noted,Yes,None Noted,770,Motorist Failed to Yield,0,Not a Cyclist,At Intersection,Not a Cyclist,Intersection Area,Not a Cyclist,Southbound,Not a Cyclist,Westbound,Right Turn,Nearside,6b,MOTORIST TURNING RIGHT – CRASH OCCURRED ON NEAR (APPROACH) SIDE OF INTERSECTION Pedestrian Outside Crosswalk Area  Traveled From Motorist’s Right.,750,Crossing Roadway – Vehicle Not Turning,0,Not a Cyclist,
49,490062,0,1,5,Pedestrian,41,Male,None Noted,Yes,None Noted,760,Pedestrian Failed to Yield,0,Not a Cyclist,At Intersection,Not a Cyclist,Intersection Area,Not a Cyclist,Southbound,Not a Cyclist,Westbound,Straight Through,Nearside,2b,MOTORIST TRAVELING STRAIGHT THROUGH – CRASH OCCURRED ON NEAR (APPROACH) SIDE OF INTERSECTION Pedestrian Outside Crosswalk Area  Traveled From Motorist’s Right.,750,Crossing Roadway – Vehicle Not Turning,0,Not a Cyclist,
27,270012,0,1,5,Pedestrian,89,Male,None Noted,Yes,None Noted,760,Pedestrian Failed to Yield,0,Not a Cyclist,At Intersection,Not a Cyclist,Intersection Area,Not a Cyclist,Eastbound,Not a Cyclist,Southbound,Straight Through,Nearside,2b,MOTORIST TRAVELING STRAIGHT THROUGH – CRASH OCCURRED ON NEAR (APPROACH) SIDE OF INTERSECTION Pedestrian Outside Crosswalk Area  Traveled From Motorist’s Right.,750,Crossing Roadway – Vehicle Not Turning,0,Not a Cyclist,
42,420770,0,1,5,Pedestrian,54,Male,None Noted,None Noted,None Noted,760,Pedestrian Failed to Yield,0,Not a Cyclist,At Intersection,Not a Cyclist,Intersection Area,Not a Cyclist,Westbound,Not a Cyclist,Northbound,Straight Through,Nearside,2b,MOTORIST TRAVELING STRAIGHT THROUGH – CRASH OCCURRED ON NEAR (APPROACH) SIDE OF INTERSECTION Pedestrian Outside Crosswalk Area  Traveled From Motorist’s Right.,750,Crossing Roadway – Vehicle Not Turning,0,Not a Cyclist,
8,80093,0,1,5,Pedestrian,26,Male,None Noted,None Noted,None Noted,760,Pedestrian Failed to Yield,0,Not a Cyclist,At Intersection,Not a Cyclist,Intersection Area,Not a Cyclist,Northbound,Not a Cyclist,Eastbound,Straight Through,Nearside,2b,MOTORIST TRAVELING STRAIGHT THROUGH – CRASH OCCURRED ON NEAR (APPROACH) SIDE OF INTERSECTION Pedestrian Outside Crosswalk Area  Traveled From Motorist’s Right.,750,Crossing Roadway – Vehicle Not Turning,0,Not a Cyclist,
47,470396,0,1,5,Pedestrian,62,Male,Yes,Yes,None Noted,760,Pedestrian Failed to Yield,0,Not a Cyclist,At Intersection,Not a Cyclist,Intersection Area,Not a Cyclist,Northbound,Not a Cyclist,Eastbound,Straight Through,Nearside,2b,MOTORIST TRAVELING STRAIGHT THROUGH – CRASH OCCURRED ON NEAR (APPROACH) SIDE OF INTERSECTION Pedestrian Outside Crosswalk Area  Traveled From Motorist’s Right.,750,Crossing Roadway – Vehicle Not Turning,0,Not a Cyclist,
47,470953,0,1,5,Pedestrian,39,Male,None Noted,None Noted,None Noted,760,Pedestrian Failed to Yield,0,Not a Cyclist,At Intersection,Not a Cyclist,Intersection Area,Not a Cyclist,Southbound,Not a Cyclist,Westbound,Straight Through,Nearside,2b,MOTORIST TRAVELING STRAIGHT THROUGH – CRASH OCCURRED ON NEAR (APPROACH) SIDE OF INTERSECTION Pedestrian Outside Crosswalk Area  Traveled From Motorist’s Right.,750,Crossing Roadway – Vehicle Not Turning,0,Not a Cyclist,
37,370220,0,1,5,Pedestrian,51,Male,None Noted,None Noted,None Noted,760,Pedestrian Failed to Yield,0,Not a Cyclist,At Intersection,Not a Cyclist,Intersection Area,Not a Cyclist,Southbound,Not a Cyclist,Westbound,Straight Through,Nearside,2b,MOTORIST TRAVELING STRAIGHT THROUGH – CRASH OCCURRED ON NEAR (APPROACH) SIDE OF INTERSECTION Pedestrian Outside Crosswalk Area  Traveled From Motorist’s Right.,750,Crossing Roadway – Vehicle Not Turning,0,Not a Cyclist,
12,121832,0,1,5,Pedestrian,56,Female,None Noted,None Noted,None Noted,760,Pedestrian Failed to Yield,0,Not a Cyclist,At Intersection,Not a Cyclist,Intersection Area,Not a Cyclist,Northbound,Not a Cyclist,Eastbound,Straight Through,Nearside,2b,MOTORIST TRAVELING STRAIGHT THROUGH – CRASH OCCURRED ON NEAR (APPROACH) SIDE OF INTERSECTION Pedestrian Outside Crosswalk Area  Traveled From Motorist’s Right.,750,Crossing Roadway – Vehicle Not Turning,0,Not a Cyclist,
48,480392,0,1,5,Pedestrian,54,Male,None Noted,None Noted,None Noted,760,Pedestrian Failed to Yield,0,Not a Cyclist,At Intersection,Not a Cyclist,Intersection Area,Not a Cyclist,Westbound,Not a Cyclist,Northbound,Straight Through,Nearside,2b,MOTORIST TRAVELING STRAIGHT THROUGH – CRASH OCCURRED ON NEAR (APPROACH) SIDE OF INTERSECTION Pedestrian Outside Crosswalk Area  Traveled From Motorist’s Right.,750,Crossing Roadway – Vehicle Not Turning,0,Not a Cyclist,
12,120451,0,1,8,Person on Personal Conveyances,82,Male,None Noted,None Noted,None Noted,760,Pedestrian Failed to Yield,0,Not a Cyclist,At Intersection,Not a Cyclist,Intersection Area,Not a Cyclist,Northbound,Not a Cyclist,Eastbound,Straight Through,Nearside,2b,MOTORIST TRAVELING STRAIGHT THROUGH – CRASH OCCURRED ON NEAR (APPROACH) SIDE OF INTERSECTION Pedestrian Outside Crosswalk Area  Traveled From Motorist’s Right.,750,Crossing Roadway – Vehicle Not Turning,0,Not a Cyclist,
36,360585,0,1,5,Pedestrian,61,Male,None Noted,Yes,None Noted,760,Pedestrian Failed to Yield,0,Not a Cyclist,At Intersection,Not a Cyclist,Intersection Area,Not a Cyclist,Westbound,Not a Cyclist,Northbound,Straight Through,Nearside,2b,MOTORIST TRAVELING STRAIGHT THROUGH – CRASH OCCURRED ON NEAR (APPROACH) SIDE OF INTERSECTION Pedestrian Outside Crosswalk Area  Traveled From Motorist’s Right.,750,Crossing Roadway – Vehicle Not Turning,0,Not a Cyclist,
37,370044,0,1,5,Pedestrian,28,Female,None Noted,Yes,None Noted,760,Pedestrian Failed to Yield,0,Not a Cyclist,At Intersection,Not a Cyclist,Intersection Area,Not a Cyclist,Southbound,Not a Cyclist,Westbound,Straight Through,Nearside,2b,MOTORIST TRAVELING STRAIGHT THROUGH – CRASH OCCURRED ON NEAR (APPROACH) SIDE OF INTERSECTION Pedestrian Outside Crosswalk Area  Traveled From Motorist’s Right.,750,Crossing Roadway – Vehicle Not Turning,0,Not a Cyclist,
40,400254,0,1,5,Pedestrian,30,Male,None Noted,Yes,None Noted,760,Pedestrian Failed to Yield,0,Not a Cyclist,At Intersection,Not a Cyclist,Intersection Area,Not a Cyclist,Eastbound,Not a Cyclist,Southbound,Straight Through,Nearside,2b,MOTORIST TRAVELING STRAIGHT THROUGH – CRASH OCCURRED ON NEAR (APPROACH) SIDE OF INTERSECTION Pedestrian Outside Crosswalk Area  Traveled From Motorist’s Right.,750,Crossing Roadway – Vehicle Not Turning,0,Not a Cyclist,
12,121247,0,1,5,Pedestrian,34,Male,None Noted,None Noted,None Noted,760,Pedestrian Failed to Yield,0,Not a Cyclist,At Intersection,Not a Cyclist,Intersection Area,Not a Cyclist,Northbound,Not a Cyclist,Westbound,Straight Through,Nearside,2a,MOTORIST TRAVELING STRAIGHT THROUGH – CRASH OCCURRED ON NEAR (APPROACH) SIDE OF INTERSECTION Pedestrian Outside Crosswalk Area  Traveled From Motorist’s Left.,750,Crossing Roadway – Vehicle Not Turning,0,Not a Cyclist,
51,510723,0,1,5,Pedestrian,65,Male,None Noted,None Noted,None Noted,760,Pedestrian Failed to Yield,0,Not a Cyclist,At Intersection,Not a Cyclist,Intersection Area,Not a Cyclist,Westbound,Not a Cyclist,Southbound,Straight Through,Nearside,2a,MOTORIST TRAVELING STRAIGHT THROUGH – CRASH OCCURRED ON NEAR (APPROACH) SIDE OF INTERSECTION Pedestrian Outside Crosswalk Area  Traveled From Motorist’s Left.,750,Crossing Roadway – Vehicle Not Turning,0,Not a Cyclist,
48,482097,0,1,5,Pedestrian,72,Male,None Noted,None Noted,None Noted,760,Pedestrian Failed to Yield,0,Not a Cyclist,At Intersection,Not a Cyclist,Intersection Area,Not a Cyclist,Westbound,Not a Cyclist,Southbound,Straight Through,Nearside,2a,MOTORIST TRAVELING STRAIGHT THROUGH – CRASH OCCURRED ON NEAR (APPROACH) SIDE OF INTERSECTION Pedestrian Outside Crosswalk Area  Traveled From Motorist’s Left.,750,Crossing Roadway – Vehicle Not Turning,0,Not a Cyclist,
24,240160,0,1,5,Pedestrian,52,Male,None Noted,None Noted,None Noted,760,Pedestrian Failed to Yield,0,Not a Cyclist,At Intersection,Not a Cyclist,Intersection Area,Not a Cyclist,Westbound,Not a Cyclist,Southbound,Straight Through,Nearside,2a,MOTORIST TRAVELING STRAIGHT THROUGH – CRASH OCCURRED ON NEAR (APPROACH) SIDE OF INTERSECTION Pedestrian Outside Crosswalk Area  Traveled From Motorist’s Left.,750,Crossing Roadway – Vehicle Not Turning,0,Not a Cyclist,
1,10317,0,1,5,Pedestrian,72,Male,None Noted,None Noted,None Noted,760,Pedestrian Failed to Yield,0,Not a Cyclist,At Intersection,Not a Cyclist,Intersection Area,Not a Cyclist,Eastbound,Not a Cyclist,Northbound,Straight Through,Nearside,2a,MOTORIST TRAVELING STRAIGHT THROUGH – CRASH OCCURRED ON NEAR (APPROACH) SIDE OF INTERSECTION Pedestrian Outside Crosswalk Area  Traveled From Motorist’s Left.,750,Crossing Roadway – Vehicle Not Turning,0,Not a Cyclist,
4,40114,0,1,5,Pedestrian,36,Female,None Noted,Yes,None Noted,760,Pedestrian Failed to Yield,0,Not a Cyclist,At Intersection,Not a Cyclist,Intersection Area,Not a Cyclist,Westbound,Not a Cyclist,Southbound,Straight Through,Nearside,2a,MOTORIST TRAVELING STRAIGHT THROUGH – CRASH OCCURRED ON NEAR (APPROACH) SIDE OF INTERSECTION Pedestrian Outside Crosswalk Area  Traveled From Motorist’s Left.,750,Crossing Roadway – Vehicle Not Turning,0,Not a Cyclist,
12,120749,0,1,5,Pedestrian,35,Male,None Noted,None Noted,None Noted,760,Pedestrian Failed to Yield,0,Not a Cyclist,At Intersection,Not a Cyclist,Intersection Area,Not a Cyclist,Southbound,Not a Cyclist,Eastbound,Straight Through,Nearside,2a,MOTORIST TRAVELING STRAIGHT THROUGH – CRASH OCCURRED ON NEAR (APPROACH) SIDE OF INTERSECTION Pedestrian Outside Crosswalk Area  Traveled From Motorist’s Left.,750,Crossing Roadway – Vehicle Not Turning,0,Not a Cyclist,
8,80503,0,1,5,Pedestrian,60,Male,None Noted,Yes,None Noted,760,Pedestrian Failed to Yield,0,Not a Cyclist,At Intersection,Not a Cyclist,Intersection Area,Not a Cyclist,Northbound,Not a Cyclist,Westbound,Straight Through,Nearside,2a,MOTORIST TRAVELING STRAIGHT THROUGH – CRASH OCCURRED ON NEAR (APPROACH) SIDE OF INTERSECTION Pedestrian Outside Crosswalk Area  Traveled From Motorist’s Left.,750,Crossing Roadway – Vehicle Not Turning,0,Not a Cyclist,
4,40062,0,1,5,Pedestrian,39,Male,None Noted,Yes,None Noted,410,Walking/Running Along Roadway With Traffic – From Behind,0,Not a Cyclist,Intersection-Related,Not a Cyclist,Paved Shoulder/Bicycle Lane/Parking Lane,Not a Cyclist,Unknown Initial Direction of Travel,Not a Cyclist,Northbound,Right Turn,Nearside,6c,MOTORIST TURNING RIGHT – CRASH OCCURRED ON NEAR (APPROACH) SIDE OF INTERSECTION Pedestrian Outside Crosswalk Area  Approach Direction Unknown.,400,Walking/Running Along Roadway,0,Not a Cyclist,
4,40770,0,1,5,Pedestrian,78,Male,Yes,Yes,None Noted,760,Pedestrian Failed to Yield,0,Not a Cyclist,Intersection-Related,Not a Cyclist,Paved Shoulder/Bicycle Lane/Parking Lane,Not a Cyclist,Northbound,Not a Cyclist,Westbound,Straight Through,Nearside,2a,MOTORIST TRAVELING STRAIGHT THROUGH – CRASH OCCURRED ON NEAR (APPROACH) SIDE OF INTERSECTION Pedestrian Outside Crosswalk Area  Traveled From Motorist’s Left.,750,Crossing Roadway – Vehicle Not Turning,0,Not a Cyclist,
4,40234,0,1,5,Pedestrian,71,Male,None Noted,Yes,None Noted,150,Motor Vehicle Loss of Control,0,Not a Cyclist,Intersection-Related,Not a Cyclist,Sidewalk/Shared-Use Path/Driveway Access,Not a Cyclist,Unknown Initial Direction of Travel,Not a Cyclist,Southbound,Straight Through,Nearside,2c,MOTORIST TRAVELING STRAIGHT THROUGH – CRASH OCCURRED ON NEAR (APPROACH) SIDE OF INTERSECTION Pedestrian Outside Crosswalk Area  Approach Direction Unknown.,100,Unusual Circumstances,0,Not a Cyclist,
17,170978,0,1,5,Pedestrian,59,Male,Yes,Yes,None Noted,160,Pedestrian Loss of Control,0,Not a Cyclist,Intersection-Related,Not a Cyclist,Sidewalk/Shared-Use Path/Driveway Access,Not a Cyclist,Southbound,Not a Cyclist,Westbound,Straight Through,Nearside,2b,MOTORIST TRAVELING STRAIGHT THROUGH – CRASH OCCURRED ON NEAR (APPROACH) SIDE OF INTERSECTION Pedestrian Outside Crosswalk Area  Traveled From Motorist’s Right.,100,Unusual Circumstances,0,Not a Cyclist,
48,482820,0,1,5,Pedestrian,28,Female,None Noted,None Noted,None Noted,313,Lying in Roadway,0,Not a Cyclist,Not At Intersection,Not a Cyclist,Travel Lane,Not a Cyclist,Not Applicable,Not a Cyclist,Not Applicable,Not Applicable,Not Applicable,8,Not Applicable,600,Pedestrian in Roadway – Circumstances Unknown,0,Not a Cyclist,
51,510666,0,1,5,Pedestrian,37,Male,None Noted,None Noted,None Noted,313,Lying in Roadway,0,Not a Cyclist,Not At Intersection,Not a Cyclist,Travel Lane,Not a Cyclist,Not Applicable,Not a Cyclist,Not Applicable,Not Applicable,Not Applicable,8,Not Applicable,600,Pedestrian in Roadway – Circumstances Unknown,0,Not a Cyclist,
53,530421,0,1,5,Pedestrian,25,Male,None Noted,None Noted,None Noted,313,Lying in Roadway,0,Not a Cyclist,Not At Intersection,Not a Cyclist,Travel Lane,Not a Cyclist,Not Applicable,Not a Cyclist,Not Applicable,Not Applicable,Not Applicable,8,Not Applicable,600,Pedestrian in Roadway – Circumstances Unknown,0,Not a Cyclist,
54,540139,0,1,5,Pedestrian,35,Male,None Noted,None Noted,None Noted,313,Lying in Roadway,0,Not a Cyclist,Not At Intersection,Not a Cyclist,Travel Lane,Not a Cyclist,Not Applicable,Not a Cyclist,Not Applicable,Not Applicable,Not Applicable,8,Not Applicable,600,Pedestrian in Roadway – Circumstances Unknown,0,Not a Cyclist,
50,500013,0,1,5,Pedestrian,31,Male,None Noted,None Noted,None Noted,313,Lying in Roadway,0,Not a Cyclist,Not At Intersection,Not a Cyclist,Travel Lane,Not a Cyclist,Not Applicable,Not a Cyclist,Not Applicable,Not Applicable,Not Applicable,8,Not Applicable,600,Pedestrian in Roadway – Circumstances Unknown,0,Not a Cyclist,
55,550029,0,1,5,Pedestrian,21,Male,None Noted,None Noted,None Noted,313,Lying in Roadway,0,Not a Cyclist,Not At Intersection,Not a Cyclist,Travel Lane,Not a Cyclist,Not Applicable,Not a Cyclist,Not Applicable,Not Applicable,Not Applicable,8,Not Applicable,600,Pedestrian in Roadway – Circumstances Unknown,0,Not a Cyclist,
55,550474,0,1,5,Pedestrian,41,Male,None Noted,None Noted,None Noted,313,Lying in Roadway,0,Not a Cyclist,Not At Intersection,Not a Cyclist,Travel Lane,Not a Cyclist,Not Applicable,Not a Cyclist,Not Applicable,Not Applicable,Not Applicable,8,Not Applicable,600,Pedestrian in Roadway – Circumstances Unknown,0,Not a Cyclist,
48,482661,0,1,5,Pedestrian,35,Male,None Noted,None Noted,None Noted,313,Lying in Roadway,0,Not a Cyclist,Not At Intersection,Not a Cyclist,Travel Lane,Not a Cyclist,Not Applicable,Not a Cyclist,Not Applicable,Not Applicable,Not Applicable,8,Not Applicable,600,Pedestrian in Roadway – Circumstances Unknown,0,Not a Cyclist,
48,482443,0,1,5,Pedestrian,36,Male,None Noted,None Noted,None Noted,313,Lying in Roadway,0,Not a Cyclist,Not At Intersection,Not a Cyclist,Travel Lane,Not a Cyclist,Not Applicable,Not a Cyclist,Not Applicable,Not Applicable,Not Applicable,8,Not Applicable,600,Pedestrian in Roadway – Circumstances Unknown,0,Not a Cyclist,
12,122704,0,1,5,Pedestrian,24,Female,None Noted,None Noted,None Noted,620,Walking in Roadway,0,Not a Cyclist,Not At Intersection,Not a Cyclist,Travel Lane,Not a Cyclist,Not Applicable,Not a Cyclist,Not Applicable,Not Applicable,Not Applicable,8,Not Applicable,600,Pedestrian in Roadway – Circumstances Unknown,0,Not a Cyclist,