state_number,consecutive_number,vehicle_number,person_number,person_type,person_type_name,age,sex,marked_crosswalk_present,sidewalk_present,school_zone,crash_type_pedestrian,crash_type_pedestrian_name,crash_type_bicycle,crash_type_bicycle_name,crash_location_pedestrian,crash_location_bicycle,pedestrian_position,bicyclist_position,pedestrian_initial_direction_of_travel,bicyclist_initial_direction_of_travel,motorist_initial_direction_of_travel,motorist_maneuver,intersection_leg,pedestrian_scenario,pedestrian_scenario_name,crash_group_pedestrian,crash_group_pedestrian_name,crash_group_bicycle,crash_group_bicycle_name
42,420588,0,1,5,Pedestrian,29,Male,None Noted,None Noted,None Noted,140,Vehicle-Vehicle/Object,0,Not a Cyclist,Not At Intersection,Not a Cyclist,Travel Lane,Not a Cyclist,Not Applicable,Not a Cyclist,Not Applicable,Not Applicable,Not Applicable,8,Not Applicable,100,Unusual Circumstances,0,Not a Cyclist,
51,510068,0,1,5,Pedestrian,18,Male,None Noted,None Noted,None Noted,140,Vehicle-Vehicle/Object,0,Not a Cyclist,Not At Intersection,Not a Cyclist,Travel Lane,Not a Cyclist,Not Applicable,Not a Cyclist,Not Applicable,Not Applicable,Not Applicable,8,Not Applicable,100,Unusual Circumstances,0,Not a Cyclist,
48,480731,0,1,5,Pedestrian,42,Male,None Noted,None Noted,None Noted,140,Vehicle-Vehicle/Object,0,Not a Cyclist,Not At Intersection,Not a Cyclist,Travel Lane,Not a Cyclist,Not Applicable,Not a Cyclist,Not Applicable,Not Applicable,Not Applicable,8,Not Applicable,100,Unusual Circumstances,0,Not a Cyclist,
5,50185,0,1,5,Pedestrian,37,Male,None Noted,None Noted,None Noted,240,Emergency Vehicle-Related,0,Not a Cyclist,Not At Intersection,Not a Cyclist,Travel Lane,Not a Cyclist,Not Applicable,Not a Cyclist,Not Applicable,Not Applicable,Not Applicable,8,Not Applicable,100,Unusual Circumstances,0,Not a Cyclist,
36,360946,0,1,5,Pedestrian,64,Male,None Noted,Yes,None Noted,240,Emergency Vehicle-Related,0,Not a Cyclist,Not At Intersection,Not a Cyclist,Travel Lane,Not a Cyclist,Not Applicable,Not a Cyclist,Not Applicable,Not Applicable,Not Applicable,8,Not Applicable,100,Unusual Circumstances,0,Not a Cyclist,
48,482516,0,1,5,Pedestrian,50,Male,None Noted,None Noted,None Noted,140,Vehicle-Vehicle/Object,0,Not a Cyclist,Not At Intersection,Not a Cyclist,Travel Lane,Not a Cyclist,Not Applicable,Not a Cyclist,Not Applicable,Not Applicable,Not Applicable,8,Not Applicable,100,Unusual Circumstances,0,Not a Cyclist,
48,483133,0,1,5,Pedestrian,27,Female,None Noted,None Noted,None Noted,140,Vehicle-Vehicle/Object,0,Not a Cyclist,Not At Intersection,Not a Cyclist,Travel Lane,Not a Cyclist,Not Applicable,Not a Cyclist,Not Applicable,Not Applicable,Not Applicable,8,Not Applicable,100,Unusual Circumstances,0,Not a Cyclist,
48,481417,0,2,5,Pedestrian,33,Male,None Noted,None Noted,None Noted,140,Vehicle-Vehicle/Object,0,Not a Cyclist,Not At Intersection,Not a Cyclist,Travel Lane,Not a Cyclist,Not Applicable,Not a Cyclist,Not Applicable,Not Applicable,Not Applicable,8,Not Applicable,100,Unusual Circumstances,0,Not a Cyclist,
48,483025,0,1,5,Pedestrian,52,Male,None Noted,None Noted,None Noted,140,Vehicle-Vehicle/Object,0,Not a Cyclist,Not At Intersection,Not a Cyclist,Travel Lane,Not a Cyclist,Not Applicable,Not a Cyclist,Not Applicable,Not Applicable,Not Applicable,8,Not Applicable,100,Unusual Circumstances,0,Not a Cyclist,
36,360183,0,1,5,Pedestrian,43,Male,None Noted,None Noted,None Noted,140,Vehicle-Vehicle/Object,0,Not a Cyclist,Not At Intersection,Not a Cyclist,Travel Lane,Not a Cyclist,Not Applicable,Not a Cyclist,Not Applicable,Not Applicable,Not Applicable,8,Not Applicable,100,Unusual Circumstances,0,Not a Cyclist,
32,320112,0,1,5,Pedestrian,61,Male,None Noted,Yes,None Noted,140,Vehicle-Vehicle/Object,0,Not a Cyclist,Not At Intersection,Not a Cyclist,Travel Lane,Not a Cyclist,Not Applicable,Not a Cyclist,Not Applicable,Not Applicable,Not Applicable,8,Not Applicable,100,Unusual Circumstances,0,Not a Cyclist,
48,480947,0,1,5,Pedestrian,26,Male,None Noted,None Noted,None Noted,140,Vehicle-Vehicle/Object,0,Not a Cyclist,Not At Intersection,Not a Cyclist,Travel Lane,Not a Cyclist,Not Applicable,Not a Cyclist,Not Applicable,Not Applicable,Not Applicable,8,Not Applicable,100,Unusual Circumstances,0,Not a Cyclist,
36,360271,0,2,5,Pedestrian,18,Female,None Noted,None Noted,None Noted,140,Vehicle-Vehicle/Object,0,Not a Cyclist,Not At Intersection,Not a Cyclist,Travel Lane,Not a Cyclist,Not Applicable,Not a Cyclist,Not Applicable,Not Applicable,Not Applicable,8,Not Applicable,100,Unusual Circumstances,0,Not a Cyclist,
48,481982,0,1,5,Pedestrian,19,Male,None Noted,None Noted,None Noted,140,Vehicle-Vehicle/Object,0,Not a Cyclist,Not At Intersection,Not a Cyclist,Travel Lane,Not a Cyclist,Not Applicable,Not a Cyclist,Not Applicable,Not Applicable,Not Applicable,8,Not Applicable,100,Unusual Circumstances,0,Not a Cyclist,
12,121618,0,1,5,Pedestrian,33,Male,None Noted,None Noted,None Noted,150,Motor Vehicle Loss of Control,0,Not a Cyclist,Not At Intersection,Not a Cyclist,Travel Lane,Not a Cyclist,Not Applicable,Not a Cyclist,Not Applicable,Not Applicable,Not Applicable,8,Not Applicable,100,Unusual Circumstances,0,Not a Cyclist,
24,240353,0,1,5,Pedestrian,23,Female,None Noted,None Noted,None Noted,150,Motor Vehicle Loss of Control,0,Not a Cyclist,Not At Intersection,Not a Cyclist,Travel Lane,Not a Cyclist,Not Applicable,Not a Cyclist,Not Applicable,Not Applicable,Not Applicable,8,Not Applicable,100,Unusual Circumstances,0,Not a Cyclist,
48,481676,0,1,5,Pedestrian,43,Male,None Noted,None Noted,None Noted,140,Vehicle-Vehicle/Object,0,Not a Cyclist,Not At Intersection,Not a Cyclist,Travel Lane,Not a Cyclist,Not Applicable,Not a Cyclist,Not Applicable,Not Applicable,Not Applicable,8,Not Applicable,100,Unusual Circumstances,0,Not a Cyclist,
48,481759,0,1,5,Pedestrian,35,Male,None Noted,None Noted,None Noted,140,Vehicle-Vehicle/Object,0,Not a Cyclist,Not At Intersection,Not a Cyclist,Travel Lane,Not a Cyclist,Not Applicable,Not a Cyclist,Not Applicable,Not Applicable,Not Applicable,8,Not Applicable,100,Unusual Circumstances,0,Not a Cyclist,
35,350067,0,2,5,Pedestrian,54,Male,None Noted,None Noted,None Noted,140,Vehicle-Vehicle/Object,0,Not a Cyclist,Not At Intersection,Not a Cyclist,Travel Lane,Not a Cyclist,Not Applicable,Not a Cyclist,Not Applicable,Not Applicable,Not Applicable,8,Not Applicable,100,Unusual Circumstances,0,Not a Cyclist,
48,480575,0,1,5,Pedestrian,64,Male,None Noted,None Noted,None Noted,150,Motor Vehicle Loss of Control,0,Not a Cyclist,Not At Intersection,Not a Cyclist,Travel Lane,Not a Cyclist,Not Applicable,Not a Cyclist,Not Applicable,Not Applicable,Not Applicable,8,Not Applicable,100,Unusual Circumstances,0,Not a Cyclist,
1,10290,0,1,8,Person on Personal Conveyances,20,Male,None Noted,None Noted,None Noted,250,Play Vehicle-Related,0,Not a Cyclist,Not At Intersection,Not a Cyclist,Travel Lane,Not a Cyclist,Not Applicable,Not a Cyclist,Not Applicable,Not Applicable,Not Applicable,8,Not Applicable,100,Unusual Circumstances,0,Not a Cyclist,
29,290076,0,1,5,Pedestrian,37,Male,None Noted,None Noted,None Noted,140,Vehicle-Vehicle/Object,0,Not a Cyclist,Not At Intersection,Not a Cyclist,Travel Lane,Not a Cyclist,Not Applicable,Not a Cyclist,Not Applicable,Not Applicable,Not Applicable,8,Not Applicable,100,Unusual Circumstances,0,Not a Cyclist,
29,290243,0,1,5,Pedestrian,34,Male,None Noted,None Noted,None Noted,140,Vehicle-Vehicle/Object,0,Not a Cyclist,Not At Intersection,Not a Cyclist,Travel Lane,Not a Cyclist,Not Applicable,Not a Cyclist,Not Applicable,Not Applicable,Not Applicable,8,Not Applicable,100,Unusual Circumstances,0,Not a Cyclist,
26,260949,0,1,5,Pedestrian,20,Male,None Noted,None Noted,None Noted,140,Vehicle-Vehicle/Object,0,Not a Cyclist,Not At Intersection,Not a Cyclist,Travel Lane,Not a Cyclist,Not Applicable,Not a Cyclist,Not Applicable,Not Applicable,Not Applicable,8,Not Applicable,100,Unusual Circumstances,0,Not a Cyclist,
4,40315,0,1,5,Pedestrian,56,Male,None Noted,None Noted,None Noted,150,Motor Vehicle Loss of Control,0,Not a Cyclist,Not At Intersection,Not a Cyclist,Travel Lane,Not a Cyclist,Not Applicable,Not a Cyclist,Not Applicable,Not Applicable,Not Applicable,8,Not Applicable,100,Unusual Circumstances,0,Not a Cyclist,
30,300169,0,1,5,Pedestrian,58,Male,None Noted,None Noted,None Noted,190,Other Unusual Circumstances,0,Not a Cyclist,Not At Intersection,Not a Cyclist,Travel Lane,Not a Cyclist,Not Applicable,Not a Cyclist,Not Applicable,Not Applicable,Not Applicable,8,Not Applicable,100,Unusual Circumstances,0,Not a Cyclist,
27,270265,0,1,5,Pedestrian,61,Male,None Noted,Yes,None Noted,190,Other Unusual Circumstances,0,Not a Cyclist,Not At Intersection,Not a Cyclist,Travel Lane,Not a Cyclist,Not Applicable,Not a Cyclist,Not Applicable,Not Applicable,Not Applicable,8,Not Applicable,100,Unusual Circumstances,0,Not a Cyclist,
38,380062,0,1,5,Pedestrian,50,Female,None Noted,None Noted,None Noted,190,Other Unusual Circumstances,0,Not a Cyclist,Not At Intersection,Not a Cyclist,Travel Lane,Not a Cyclist,Not Applicable,Not a Cyclist,Not Applicable,Not Applicable,Not Applicable,8,Not Applicable,100,Unusual Circumstances,0,Not a Cyclist,
17,170573,0,2,5,Pedestrian,38,Female,None Noted,None Noted,None Noted,190,Other Unusual Circumstances,0,Not a Cyclist,Not At Intersection,Not a Cyclist,Travel Lane,Not a Cyclist,Not Applicable,Not a Cyclist,Not Applicable,Not Applicable,Not Applicable,8,Not Applicable,100,Unusual Circumstances,0,Not a Cyclist,
4,40315,0,2,5,Pedestrian,58,Female,None Noted,None Noted,None Noted,190,Other Unusual Circumstances,0,Not a Cyclist,Not At Intersection,Not a Cyclist,Travel Lane,Not a Cyclist,Not Applicable,Not a Cyclist,Not Applicable,Not Applicable,Not Applicable,8,Not Applicable,100,Unusual Circumstances,0,Not a Cyclist,
48,483059,0,1,5,Pedestrian,43,Female,None Noted,None Noted,None Noted,230,Disabled Vehicle-Related,0,Not a Cyclist,Not At Intersection,Not a Cyclist,Travel Lane,Not a Cyclist,Not Applicable,Not a Cyclist,Not Applicable,Not Applicable,Not Applicable,8,Not Applicable,100,Unusual Circumstances,0,Not a Cyclist,
48,481824,0,1,5,Pedestrian,23,Female,None Noted,None Noted,None Noted,230,Disabled Vehicle-Related,0,Not a Cyclist,Not At Intersection,Not a Cyclist,Travel Lane,Not a Cyclist,Not Applicable,Not a Cyclist,Not Applicable,Not Applicable,Not Applicable,8,Not Applicable,100,Unusual Circumstances,0,Not a Cyclist,
48,483307,0,1,5,Pedestrian,20,Male,None Noted,None Noted,None Noted,230,Disabled Vehicle-Related,0,Not a Cyclist,Not At Intersection,Not a Cyclist,Travel Lane,Not a Cyclist,Not Applicable,Not a Cyclist,Not Applicable,Not Applicable,Not Applicable,8,Not Applicable,100,Unusual Circumstances,0,Not a Cyclist,
48,480784,0,1,5,Pedestrian,18,Male,None Noted,None Noted,None Noted,230,Disabled Vehicle-Related,0,Not a Cyclist,Not At Intersection,Not a Cyclist,Travel Lane,Not a Cyclist,Not Applicable,Not a Cyclist,Not Applicable,Not Applicable,Not Applicable,8,Not Applicable,100,Unusual Circumstances,0,Not a Cyclist,
48,483491,0,2,5,Pedestrian,15,Female,None Noted,None Noted,None Noted,230,Disabled Vehicle-Related,0,Not a Cyclist,Not At Intersection,Not a Cyclist,Travel Lane,Not a Cyclist,Not Applicable,Not a Cyclist,Not Applicable,Not Applicable,Not Applicable,8,Not Applicable,100,Unusual Circumstances,0,Not a Cyclist,
48,483491,0,1,5,Pedestrian,37,Female,None Noted,None Noted,None Noted,230,Disabled Vehicle-Related,0,Not a Cyclist,Not At Intersection,Not a Cyclist,Travel Lane,Not a Cyclist,Not Applicable,Not a Cyclist,Not Applicable,Not Applicable,Not Applicable,8,Not Applicable,100,Unusual Circumstances,0,Not a Cyclist,
48,480094,0,1,5,Pedestrian,26,Male,None Noted,None Noted,None Noted,230,Disabled Vehicle-Related,0,Not a Cyclist,Not At Intersection,Not a Cyclist,Travel Lane,Not a Cyclist,Not Applicable,Not a Cyclist,Not Applicable,Not Applicable,Not Applicable,8,Not Applicable,100,Unusual Circumstances,0,Not a Cyclist,
22,220037,0,1,5,Pedestrian,51,Male,None Noted,None Noted,None Noted,230,Disabled Vehicle-Related,0,Not a Cyclist,Not At Intersection,Not a Cyclist,Travel Lane,Not a Cyclist,Not Applicable,Not a Cyclist,Not Applicable,Not Applicable,Not Applicable,8,Not Applicable,100,Unusual Circumstances,0,Not a Cyclist,
5,50089,0,1,5,Pedestrian,56,Male,None Noted,None Noted,None Noted,230,Disabled Vehicle-Related,0,Not a Cyclist,Not At Intersection,Not a Cyclist,Travel Lane,Not a Cyclist,Not Applicable,Not a Cyclist,Not Applicable,Not Applicable,Not Applicable,8,Not Applicable,100,Unusual Circumstances,0,Not a Cyclist,
17,170915,0,1,5,Pedestrian,50,Male,None Noted,None Noted,None Noted,230,Disabled Vehicle-Related,0,Not a Cyclist,Not At Intersection,Not a Cyclist,Travel Lane,Not a Cyclist,Not Applicable,Not a Cyclist,Not Applicable,Not Applicable,Not Applicable,8,Not Applicable,100,Unusual Circumstances,0,Not a Cyclist,
12,120437,0,1,5,Pedestrian,29,Female,None Noted,None Noted,None Noted,230,Disabled Vehicle-Related,0,Not a Cyclist,Not At Intersection,Not a Cyclist,Travel Lane,Not a Cyclist,Not Applicable,Not a Cyclist,Not Applicable,Not Applicable,Not Applicable,8,Not Applicable,100,Unusual Circumstances,0,Not a Cyclist,
9,90056,0,1,5,Pedestrian,34,Male,None Noted,Yes,None Noted,230,Disabled Vehicle-Related,0,Not a Cyclist,Not At Intersection,Not a Cyclist,Travel Lane,Not a Cyclist,Not Applicable,Not a Cyclist,Not Applicable,Not Applicable,Not Applicable,8,Not Applicable,100,Unusual Circumstances,0,Not a Cyclist,
1,10109,0,1,5,Pedestrian,56,Male,None Noted,None Noted,None Noted,230,Disabled Vehicle-Related,0,Not a Cyclist,Not At Intersection,Not a Cyclist,Travel Lane,Not a Cyclist,Not Applicable,Not a Cyclist,Not Applicable,Not Applicable,Not Applicable,8,Not Applicable,100,Unusual Circumstances,0,Not a Cyclist,
1,10777,0,1,5,Pedestrian,25,Male,None Noted,None Noted,None Noted,230,Disabled Vehicle-Related,0,Not a Cyclist,Not At Intersection,Not a Cyclist,Travel Lane,Not a Cyclist,Not Applicable,Not a Cyclist,Not Applicable,Not Applicable,Not Applicable,8,Not Applicable,100,Unusual Circumstances,0,Not a Cyclist,
48,481099,0,2,5,Pedestrian,17,Female,None Noted,None Noted,None Noted,230,Disabled Vehicle-Related,0,Not a Cyclist,Not At Intersection,Not a Cyclist,Travel Lane,Not a Cyclist,Not Applicable,Not a Cyclist,Not Applicable,Not Applicable,Not Applicable,8,Not Applicable,100,Unusual Circumstances,0,Not a Cyclist,
48,481099,0,1,5,Pedestrian,34,Male,None Noted,None Noted,None Noted,230,Disabled Vehicle-Related,0,Not a Cyclist,Not At Intersection,Not a Cyclist,Travel Lane,Not a Cyclist,Not Applicable,Not a Cyclist,Not Applicable,Not Applicable,Not Applicable,8,Not Applicable,100,Unusual Circumstances,0,Not a Cyclist,
48,481096,0,1,5,Pedestrian,50,Male,None Noted,None Noted,None Noted,230,Disabled Vehicle-Related,0,Not a Cyclist,Not At Intersection,Not a Cyclist,Travel Lane,Not a Cyclist,Not Applicable,Not a Cyclist,Not Applicable,Not Applicable,Not Applicable,8,Not Applicable,100,Unusual Circumstances,0,Not a Cyclist,
22,220393,0,1,5,Pedestrian,28,Male,None Noted,None Noted,None Noted,230,Disabled Vehicle-Related,0,Not a Cyclist,Not At Intersection,Not a Cyclist,Travel Lane,Not a Cyclist,Not Applicable,Not a Cyclist,Not Applicable,Not Applicable,Not Applicable,8,Not Applicable,100,Unusual Circumstances,0,Not a Cyclist,
28,280377,0,1,5,Pedestrian,19,Male,None Noted,None Noted,None Noted,230,Disabled Vehicle-Related,0,Not a Cyclist,Not At Intersection,Not a Cyclist,Travel Lane,Not a Cyclist,Not Applicable,Not a Cyclist,Not Applicable,Not Applicable,Not Applicable,8,Not Applicable,100,Unusual Circumstances,0,Not a Cyclist,
4,40560,0,1,5,Pedestrian,19,Male,None Noted,None Noted,None Noted,230,Disabled Vehicle-Related,0,Not a Cyclist,Not At Intersection,Not a Cyclist,Travel Lane,Not a Cyclist,Not Applicable,Not a Cyclist,Not Applicable,Not Applicable,Not Applicable,8,Not Applicable,100,Unusual Circumstances,0,Not a Cyclist,
4,40732,0,1,5,Pedestrian,74,Female,None Noted,None Noted,None Noted,230,Disabled Vehicle-Related,0,Not a Cyclist,Not At Intersection,Not a Cyclist,Travel Lane,Not a Cyclist,Not Applicable,Not a Cyclist,Not Applicable,Not Applicable,Not Applicable,8,Not Applicable,100,Unusual Circumstances,0,Not a Cyclist,
4,40710,0,1,5,Pedestrian,81,Male,None Noted,None Noted,None Noted,230,Disabled Vehicle-Related,0,Not a Cyclist,Not At Intersection,Not a Cyclist,Travel Lane,Not a Cyclist,Not Applicable,Not a Cyclist,Not Applicable,Not Applicable,Not Applicable,8,Not Applicable,100,Unusual Circumstances,0,Not a Cyclist,
5,50443,0,1,5,Pedestrian,71,Male,None Noted,None Noted,None Noted,230,Disabled Vehicle-Related,0,Not a Cyclist,Not At Intersection,Not a Cyclist,Travel Lane,Not a Cyclist,Not Applicable,Not a Cyclist,Not Applicable,Not Applicable,Not Applicable,8,Not Applicable,100,Unusual Circumstances,0,Not a Cyclist,
5,50436,0,1,5,Pedestrian,36,Male,None Noted,None Noted,None Noted,230,Disabled Vehicle-Related,0,Not a Cyclist,Not At Intersection,Not a Cyclist,Travel Lane,Not a Cyclist,Not Applicable,Not a Cyclist,Not Applicable,Not Applicable,Not Applicable,8,Not Applicable,100,Unusual Circumstances,0,Not a Cyclist,
22,220370,0,1,5,Pedestrian,31,Female,None Noted,None Noted,None Noted,230,Disabled Vehicle-Related,0,Not a Cyclist,Not At Intersection,Not a Cyclist,Travel Lane,Not a Cyclist,Not Applicable,Not a Cyclist,Not Applicable,Not Applicable,Not Applicable,8,Not Applicable,100,Unusual Circumstances,0,Not a Cyclist,
4,40695,0,3,5,Pedestrian,28,Female,None Noted,None Noted,None Noted,230,Disabled Vehicle-Related,0,Not a Cyclist,Not At Intersection,Not a Cyclist,Travel Lane,Not a Cyclist,Not Applicable,Not a Cyclist,Not Applicable,Not Applicable,Not Applicable,8,Not Applicable,100,Unusual Circumstances,0,Not a Cyclist,
42,420636,0,1,5,Pedestrian,58,Male,None Noted,None Noted,None Noted,230,Disabled Vehicle-Related,0,Not a Cyclist,Not At Intersection,Not a Cyclist,Travel Lane,Not a Cyclist,Not Applicable,Not a Cyclist,Not Applicable,Not Applicable,Not Applicable,8,Not Applicable,100,Unusual Circumstances,0,Not a Cyclist,
48,481257,0,1,5,Pedestrian,52,Male,None Noted,None Noted,None Noted,230,Disabled Vehicle-Related,0,Not a Cyclist,Not At Intersection,Not a Cyclist,Travel Lane,Not a Cyclist,Not Applicable,Not a Cyclist,Not Applicable,Not Applicable,Not Applicable,8,Not Applicable,100,Unusual Circumstances,0,Not a Cyclist,
48,481168,0,1,5,Pedestrian,40,Female,None Noted,None Noted,None Noted,230,Disabled Vehicle-Related,0,Not a Cyclist,Not At Intersection,Not a Cyclist,Travel Lane,Not a Cyclist,Not Applicable,Not a Cyclist,Not Applicable,Not Applicable,Not Applicable,8,Not Applicable,100,Unusual Circumstances,0,Not a Cyclist,
42,420636,0,3,5,Pedestrian,28,Male,None Noted,None Noted,None Noted,230,Disabled Vehicle-Related,0,Not a Cyclist,Not At Intersection,Not a Cyclist,Travel Lane,Not a Cyclist,Not Applicable,Not a Cyclist,Not Applicable,Not Applicable,Not Applicable,8,Not Applicable,100,Unusual Circumstances,0,Not a Cyclist,
48,480127,0,1,5,Pedestrian,53,Female,None Noted,None Noted,None Noted,230,Disabled Vehicle-Related,0,Not a Cyclist,Not At Intersection,Not a Cyclist,Travel Lane,Not a Cyclist,Not Applicable,Not a Cyclist,Not Applicable,Not Applicable,Not Applicable,8,Not Applicable,100,Unusual Circumstances,0,Not a Cyclist,
48,480025,0,1,5,Pedestrian,46,Male,None Noted,None Noted,None Noted,230,Disabled Vehicle-Related,0,Not a Cyclist,Not At Intersection,Not a Cyclist,Travel Lane,Not a Cyclist,Not Applicable,Not a Cyclist,Not Applicable,Not Applicable,Not Applicable,8,Not Applicable,100,Unusual Circumstances,0,Not a Cyclist,
48,480198,0,1,5,Pedestrian,62,Female,None Noted,None Noted,None Noted,230,Disabled Vehicle-Related,0,Not a Cyclist,Not At Intersection,Not a Cyclist,Travel Lane,Not a Cyclist,Not Applicable,Not a Cyclist,Not Applicable,Not Applicable,Not Applicable,8,Not Applicable,100,Unusual Circumstances,0,Not a Cyclist,
47,470937,0,1,5,Pedestrian,67,Male,None Noted,None Noted,None Noted,230,Disabled Vehicle-Related,0,Not a Cyclist,Not At Intersection,Not a Cyclist,Travel Lane,Not a Cyclist,Not Applicable,Not a Cyclist,Not Applicable,Not Applicable,Not Applicable,8,Not Applicable,100,Unusual Circumstances,0,Not a Cyclist,
47,470937,0,2,5,Pedestrian,18,Male,None Noted,None Noted,None Noted,230,Disabled Vehicle-Related,0,Not a Cyclist,Not At Intersection,Not a Cyclist,Travel Lane,Not a Cyclist,Not Applicable,Not a Cyclist,Not Applicable,Not Applicable,Not Applicable,8,Not Applicable,100,Unusual Circumstances,0,Not a Cyclist,
42,420636,0,2,5,Pedestrian,25,Male,None Noted,None Noted,None Noted,230,Disabled Vehicle-Related,0,Not a Cyclist,Not At Intersection,Not a Cyclist,Travel Lane,Not a Cyclist,Not Applicable,Not a Cyclist,Not Applicable,Not Applicable,Not Applicable,8,Not Applicable,100,Unusual Circumstances,0,Not a Cyclist,
42,420203,0,3,5,Pedestrian,22,Male,None Noted,None Noted,None Noted,230,Disabled Vehicle-Related,0,Not a Cyclist,Not At Intersection,Not a Cyclist,Travel Lane,Not a Cyclist,Not Applicable,Not a Cyclist,Not Applicable,Not Applicable,Not Applicable,8,Not Applicable,100,Unusual Circumstances,0,Not a Cyclist,
42,420203,0,2,5,Pedestrian,22,Male,None Noted,None Noted,None Noted,230,Disabled Vehicle-Related,0,Not a Cyclist,Not At Intersection,Not a Cyclist,Travel Lane,Not a Cyclist,Not Applicable,Not a Cyclist,Not Applicable,Not Applicable,Not Applicable,8,Not Applicable,100,Unusual Circumstances,0,Not a Cyclist,
42,420203,0,1,5,Pedestrian,23,Male,None Noted,None Noted,None Noted,230,Disabled Vehicle-Related,0,Not a Cyclist,Not At Intersection,Not a Cyclist,Travel Lane,Not a Cyclist,Not Applicable,Not a Cyclist,Not Applicable,Not Applicable,Not Applicable,8,Not Applicable,100,Unusual Circumstances,0,Not a Cyclist,
42,420172,0,1,5,Pedestrian,23,Male,None Noted,None Noted,None Noted,230,Disabled Vehicle-Related,0,Not a Cyclist,Not At Intersection,Not a Cyclist,Travel Lane,Not a Cyclist,Not Applicable,Not a Cyclist,Not Applicable,Not Applicable,Not Applicable,8,Not Applicable,100,Unusual Circumstances,0,Not a Cyclist,
47,470025,0,1,5,Pedestrian,19,Female,None Noted,None Noted,None Noted,230,Disabled Vehicle-Related,0,Not a Cyclist,Not At Intersection,Not a Cyclist,Travel Lane,Not a Cyclist,Not Applicable,Not a Cyclist,Not Applicable,Not Applicable,Not Applicable,8,Not Applicable,100,Unusual Circumstances,0,Not a Cyclist,
48,480095,0,1,5,Pedestrian,44,Male,None Noted,None Noted,None Noted,230,Disabled Vehicle-Related,0,Not a Cyclist,Not At Intersection,Not a Cyclist,Travel Lane,Not a Cyclist,Not Applicable,Not a Cyclist,Not Applicable,Not Applicable,Not Applicable,8,Not Applicable,100,Unusual Circumstances,0,Not a Cyclist,
5,50470,0,1,5,Pedestrian,55,Male,None Noted,None Noted,None Noted,230,Disabled Vehicle-Related,0,Not a Cyclist,Not At Intersection,Not a Cyclist,Travel Lane,Not a Cyclist,Not Applicable,Not a Cyclist,Not Applicable,Not Applicable,Not Applicable,8,Not Applicable,100,Unusual Circumstances,0,Not a Cyclist,
1,10695,0,1,5,Pedestrian,40,Male,None Noted,None Noted,None Noted,230,Disabled Vehicle-Related,0,Not a Cyclist,Not At Intersection,Not a Cyclist,Travel Lane,Not a Cyclist,Not Applicable,Not a Cyclist,Not Applicable,Not Applicable,Not Applicable,8,Not Applicable,100,Unusual Circumstances,0,Not a Cyclist,
1,10612,0,1,5,Pedestrian,60,Male,None Noted,None Noted,None Noted,230,Disabled Vehicle-Related,0,Not a Cyclist,Not At Intersection,Not a Cyclist,Travel Lane,Not a Cyclist,Not Applicable,Not a Cyclist,Not Applicable,Not Applicable,Not Applicable,8,Not Applicable,100,Unusual Circumstances,0,Not a Cyclist,
12,121499,0,1,5,Pedestrian,51,Male,None Noted,None Noted,None Noted,230,Disabled Vehicle-Related,0,Not a Cyclist,Not At Intersection,Not a Cyclist,Travel Lane,Not a Cyclist,Not Applicable,Not a Cyclist,Not Applicable,Not Applicable,Not Applicable,8,Not Applicable,100,Unusual Circumstances,0,Not a Cyclist,
12,120519,0,1,5,Pedestrian,51,Male,None Noted,Yes,None Noted,230,Disabled Vehicle-Related,0,Not a Cyclist,Not At Intersection,Not a Cyclist,Travel Lane,Not a Cyclist,Not Applicable,Not a Cyclist,Not Applicable,Not Applicable,Not Applicable,8,Not Applicable,100,Unusual Circumstances,0,Not a Cyclist,
1,10593,0,1,5,Pedestrian,60,Male,None Noted,None Noted,None Noted,230,Disabled Vehicle-Related,0,Not a Cyclist,Not At Intersection,Not a Cyclist,Travel Lane,Not a Cyclist,Not Applicable,Not a Cyclist,Not Applicable,Not Applicable,Not Applicable,8,Not Applicable,100,Unusual Circumstances,0,Not a Cyclist,
48,480694,0,1,5,Pedestrian,20,Male,None Noted,None Noted,None Noted,230,Disabled Vehicle-Related,0,Not a Cyclist,Not At Intersection,Not a Cyclist,Travel Lane,Not a Cyclist,Not Applicable,Not a Cyclist,Not Applicable,Not Applicable,Not Applicable,8,Not Applicable,100,Unusual Circumstances,0,Not a Cyclist,
48,480668,0,1,5,Pedestrian,50,Male,None Noted,None Noted,None Noted,230,Disabled Vehicle-Related,0,Not a Cyclist,Not At Intersection,Not a Cyclist,Travel Lane,Not a Cyclist,Not Applicable,Not a Cyclist,Not Applicable,Not Applicable,Not Applicable,8,Not Applicable,100,Unusual Circumstances,0,Not a Cyclist,
48,480667,0,1,5,Pedestrian,35,Male,None Noted,None Noted,None Noted,230,Disabled Vehicle-Related,0,Not a Cyclist,Not At Intersection,Not a Cyclist,Travel Lane,Not a Cyclist,Not Applicable,Not a Cyclist,Not Applicable,Not Applicable,Not Applicable,8,Not Applicable,100,Unusual Circumstances,0,Not a Cyclist,
48,480534,0,1,5,Pedestrian,33,Male,None Noted,None Noted,None Noted,230,Disabled Vehicle-Related,0,Not a Cyclist,Not At Intersection,Not a Cyclist,Travel Lane,Not a Cyclist,Not Applicable,Not a Cyclist,Not Applicable,Not Applicable,Not Applicable,8,Not Applicable,100,Unusual Circumstances,0,Not a Cyclist,
48,480505,0,1,5,Pedestrian,31,Male,None Noted,None Noted,None Noted,230,Disabled Vehicle-Related,0,Not a Cyclist,Not At Intersection,Not a Cyclist,Travel Lane,Not a Cyclist,Not Applicable,Not a Cyclist,Not Applicable,Not Applicable,Not Applicable,8,Not Applicable,100,Unusual Circumstances,0,Not a Cyclist,
42,420684,0,1,5,Pedestrian,46,Male,None Noted,None Noted,None Noted,230,Disabled Vehicle-Related,0,Not a Cyclist,Not At Intersection,Not a Cyclist,Travel Lane,Not a Cyclist,Not Applicable,Not a Cyclist,Not Applicable,Not Applicable,Not Applicable,8,Not Applicable,100,Unusual Circumstances,0,Not a Cyclist,