state_number,consecutive_number,vehicle_number,person_number,person_type,person_type_name,age,sex,marked_crosswalk_present,sidewalk_present,school_zone,crash_type_pedestrian,crash_type_pedestrian_name,crash_type_bicycle,crash_type_bicycle_name,crash_location_pedestrian,crash_location_bicycle,pedestrian_position,bicyclist_position,pedestrian_initial_direction_of_travel,bicyclist_initial_direction_of_travel,motorist_initial_direction_of_travel,motorist_maneuver,intersection_leg,pedestrian_scenario,pedestrian_scenario_name,crash_group_pedestrian,crash_group_pedestrian_name,crash_group_bicycle,crash_group_bicycle_name
39,390349,0,1,5,Pedestrian,14,Female,None Noted,None Noted,None Noted,680,Not At Intersection – Other/Unknown,0,Not a Cyclist,Not At Intersection,Not a Cyclist,Travel Lane,Not a Cyclist,Not Applicable,Not a Cyclist,Not Applicable,Not Applicable,Not Applicable,8,Not Applicable,990,Other/Unknown – Insufficient Details,0,Not a Cyclist,
42,420623,0,1,5,Pedestrian,63,Male,None Noted,None Noted,None Noted,680,Not At Intersection – Other/Unknown,0,Not a Cyclist,Not At Intersection,Not a Cyclist,Travel Lane,Not a Cyclist,Not Applicable,Not a Cyclist,Not Applicable,Not Applicable,Not Applicable,8,Not Applicable,990,Other/Unknown – Insufficient Details,0,Not a Cyclist,
45,450194,0,1,5,Pedestrian,83,Male,None Noted,None Noted,None Noted,680,Not At Intersection – Other/Unknown,0,Not a Cyclist,Not At Intersection,Not a Cyclist,Travel Lane,Not a Cyclist,Not Applicable,Not a Cyclist,Not Applicable,Not Applicable,Not Applicable,8,Not Applicable,990,Other/Unknown – Insufficient Details,0,Not a Cyclist,
39,390792,0,1,5,Pedestrian,43,Female,None Noted,None Noted,None Noted,680,Not At Intersection – Other/Unknown,0,Not a Cyclist,Not At Intersection,Not a Cyclist,Travel Lane,Not a Cyclist,Not Applicable,Not a Cyclist,Not Applicable,Not Applicable,Not Applicable,8,Not Applicable,990,Other/Unknown – Insufficient Details,0,Not a Cyclist,
39,390793,0,1,5,Pedestrian,18,Male,None Noted,None Noted,None Noted,680,Not At Intersection – Other/Unknown,0,Not a Cyclist,Not At Intersection,Not a Cyclist,Travel Lane,Not a Cyclist,Not Applicable,Not a Cyclist,Not Applicable,Not Applicable,Not Applicable,8,Not Applicable,990,Other/Unknown – Insufficient Details,0,Not a Cyclist,
36,360524,0,1,5,Pedestrian,56,Male,None Noted,Yes,None Noted,680,Not At Intersection – Other/Unknown,0,Not a Cyclist,Not At Intersection,Not a Cyclist,Travel Lane,Not a Cyclist,Not Applicable,Not a Cyclist,Not Applicable,Not Applicable,Not Applicable,8,Not Applicable,990,Other/Unknown – Insufficient Details,0,Not a Cyclist,
12,120119,0,2,5,Pedestrian,33,Female,None Noted,None Noted,None Noted,680,Not At Intersection – Other/Unknown,0,Not a Cyclist,Not At Intersection,Not a Cyclist,Travel Lane,Not a Cyclist,Not Applicable,Not a Cyclist,Not Applicable,Not Applicable,Not Applicable,8,Not Applicable,990,Other/Unknown – Insufficient Details,0,Not a Cyclist,
13,131177,0,1,5,Pedestrian,38,Male,None Noted,None Noted,None Noted,680,Not At Intersection – Other/Unknown,0,Not a Cyclist,Not At Intersection,Not a Cyclist,Travel Lane,Not a Cyclist,Not Applicable,Not a Cyclist,Not Applicable,Not Applicable,Not Applicable,8,Not Applicable,990,Other/Unknown – Insufficient Details,0,Not a Cyclist,
15,150044,0,1,5,Pedestrian,48,Male,None Noted,None Noted,None Noted,680,Not At Intersection – Other/Unknown,0,Not a Cyclist,Not At Intersection,Not a Cyclist,Travel Lane,Not a Cyclist,Not Applicable,Not a Cyclist,Not Applicable,Not Applicable,Not Applicable,8,Not Applicable,990,Other/Unknown – Insufficient Details,0,Not a Cyclist,
29,290215,0,1,5,Pedestrian,20,Male,None Noted,None Noted,None Noted,680,Not At Intersection – Other/Unknown,0,Not a Cyclist,Not At Intersection,Not a Cyclist,Travel Lane,Not a Cyclist,Not Applicable,Not a Cyclist,Not Applicable,Not Applicable,Not Applicable,8,Not Applicable,990,Other/Unknown – Insufficient Details,0,Not a Cyclist,
15,150006,0,1,5,Pedestrian,57,Female,None Noted,Yes,None Noted,680,Not At Intersection – Other/Unknown,0,Not a Cyclist,Not At Intersection,Not a Cyclist,Travel Lane,Not a Cyclist,Not Applicable,Not a Cyclist,Not Applicable,Not Applicable,Not Applicable,8,Not Applicable,990,Other/Unknown – Insufficient Details,0,Not a Cyclist,
24,240318,0,1,5,Pedestrian,67,Male,None Noted,None Noted,None Noted,680,Not At Intersection – Other/Unknown,0,Not a Cyclist,Not At Intersection,Not a Cyclist,Travel Lane,Not a Cyclist,Not Applicable,Not a Cyclist,Not Applicable,Not Applicable,Not Applicable,8,Not Applicable,990,Other/Unknown – Insufficient Details,0,Not a Cyclist,
40,400385,0,1,5,Pedestrian,30,Male,None Noted,None Noted,None Noted,680,Not At Intersection – Other/Unknown,0,Not a Cyclist,Not At Intersection,Not a Cyclist,Travel Lane,Not a Cyclist,Not Applicable,Not a Cyclist,Not Applicable,Not Applicable,Not Applicable,8,Not Applicable,990,Other/Unknown – Insufficient Details,0,Not a Cyclist,
36,360305,0,1,5,Pedestrian,64,Male,None Noted,Yes,None Noted,680,Not At Intersection – Other/Unknown,0,Not a Cyclist,Not At Intersection,Not a Cyclist,Travel Lane,Not a Cyclist,Not Applicable,Not a Cyclist,Not Applicable,Not Applicable,Not Applicable,8,Not Applicable,990,Other/Unknown – Insufficient Details,0,Not a Cyclist,
40,400074,0,1,5,Pedestrian,33,Male,None Noted,None Noted,None Noted,680,Not At Intersection – Other/Unknown,0,Not a Cyclist,Not At Intersection,Not a Cyclist,Travel Lane,Not a Cyclist,Not Applicable,Not a Cyclist,Not Applicable,Not Applicable,Not Applicable,8,Not Applicable,990,Other/Unknown – Insufficient Details,0,Not a Cyclist,
45,450216,0,1,5,Pedestrian,52,Male,None Noted,None Noted,None Noted,680,Not At Intersection – Other/Unknown,0,Not a Cyclist,Not At Intersection,Not a Cyclist,Travel Lane,Not a Cyclist,Not Applicable,Not a Cyclist,Not Applicable,Not Applicable,Not Applicable,8,Not Applicable,990,Other/Unknown – Insufficient Details,0,Not a Cyclist,
45,450112,0,1,5,Pedestrian,53,Male,None Noted,None Noted,None Noted,680,Not At Intersection – Other/Unknown,0,Not a Cyclist,Not At Intersection,Not a Cyclist,Travel Lane,Not a Cyclist,Not Applicable,Not a Cyclist,Not Applicable,Not Applicable,Not Applicable,8,Not Applicable,990,Other/Unknown – Insufficient Details,0,Not a Cyclist,
45,450232,0,1,5,Pedestrian,29,Female,None Noted,None Noted,None Noted,680,Not At Intersection – Other/Unknown,0,Not a Cyclist,Not At Intersection,Not a Cyclist,Travel Lane,Not a Cyclist,Not Applicable,Not a Cyclist,Not Applicable,Not Applicable,Not Applicable,8,Not Applicable,990,Other/Unknown – Insufficient Details,0,Not a Cyclist,
45,450415,0,1,5,Pedestrian,37,Male,None Noted,None Noted,None Noted,680,Not At Intersection – Other/Unknown,0,Not a Cyclist,Not At Intersection,Not a Cyclist,Travel Lane,Not a Cyclist,Not Applicable,Not a Cyclist,Not Applicable,Not Applicable,Not Applicable,8,Not Applicable,990,Other/Unknown – Insufficient Details,0,Not a Cyclist,
45,450461,0,1,5,Pedestrian,31,Male,Yes,Yes,None Noted,680,Not At Intersection – Other/Unknown,0,Not a Cyclist,Not At Intersection,Not a Cyclist,Travel Lane,Not a Cyclist,Not Applicable,Not a Cyclist,Not Applicable,Not Applicable,Not Applicable,8,Not Applicable,990,Other/Unknown – Insufficient Details,0,Not a Cyclist,
45,450485,0,1,5,Pedestrian,46,Male,Yes,Yes,None Noted,680,Not At Intersection – Other/Unknown,0,Not a Cyclist,Not At Intersection,Not a Cyclist,Travel Lane,Not a Cyclist,Not Applicable,Not a Cyclist,Not Applicable,Not Applicable,Not Applicable,8,Not Applicable,990,Other/Unknown – Insufficient Details,0,Not a Cyclist,
45,450632,0,1,5,Pedestrian,26,Male,None Noted,None Noted,None Noted,680,Not At Intersection – Other/Unknown,0,Not a Cyclist,Not At Intersection,Not a Cyclist,Travel Lane,Not a Cyclist,Not Applicable,Not a Cyclist,Not Applicable,Not Applicable,Not Applicable,8,Not Applicable,990,Other/Unknown – Insufficient Details,0,Not a Cyclist,
48,483205,0,1,5,Pedestrian,67,Female,None Noted,None Noted,None Noted,680,Not At Intersection – Other/Unknown,0,Not a Cyclist,Not At Intersection,Not a Cyclist,Travel Lane,Not a Cyclist,Not Applicable,Not a Cyclist,Not Applicable,Not Applicable,Not Applicable,8,Not Applicable,990,Other/Unknown – Insufficient Details,0,Not a Cyclist,
47,470906,0,1,5,Pedestrian,64,Female,None Noted,None Noted,None Noted,680,Not At Intersection – Other/Unknown,0,Not a Cyclist,Not At Intersection,Not a Cyclist,Travel Lane,Not a Cyclist,Not Applicable,Not a Cyclist,Not Applicable,Not Applicable,Not Applicable,8,Not Applicable,990,Other/Unknown – Insufficient Details,0,Not a Cyclist,
45,450891,0,1,5,Pedestrian,55,Male,Yes,Yes,None Noted,680,Not At Intersection – Other/Unknown,0,Not a Cyclist,Not At Intersection,Not a Cyclist,Travel Lane,Not a Cyclist,Not Applicable,Not a Cyclist,Not Applicable,Not Applicable,Not Applicable,8,Not Applicable,990,Other/Unknown – Insufficient Details,0,Not a Cyclist,
45,450910,0,1,5,Pedestrian,36,Male,Yes,Yes,None Noted,680,Not At Intersection – Other/Unknown,0,Not a Cyclist,Not At Intersection,Not a Cyclist,Travel Lane,Not a Cyclist,Not Applicable,Not a Cyclist,Not Applicable,Not Applicable,Not Applicable,8,Not Applicable,990,Other/Unknown – Insufficient Details,0,Not a Cyclist,
48,480420,0,1,5,Pedestrian,28,Female,None Noted,None Noted,None Noted,680,Not At Intersection – Other/Unknown,0,Not a Cyclist,Not At Intersection,Not a Cyclist,Travel Lane,Not a Cyclist,Not Applicable,Not a Cyclist,Not Applicable,Not Applicable,Not Applicable,8,Not Applicable,990,Other/Unknown – Insufficient Details,0,Not a Cyclist,
47,470007,0,1,5,Pedestrian,53,Male,None Noted,Yes,None Noted,680,Not At Intersection – Other/Unknown,0,Not a Cyclist,Not At Intersection,Not a Cyclist,Travel Lane,Not a Cyclist,Not Applicable,Not a Cyclist,Not Applicable,Not Applicable,Not Applicable,8,Not Applicable,990,Other/Unknown – Insufficient Details,0,Not a Cyclist,
45,450821,0,1,5,Pedestrian,22,Male,None Noted,None Noted,None Noted,680,Not At Intersection – Other/Unknown,0,Not a Cyclist,Not At Intersection,Not a Cyclist,Travel Lane,Not a Cyclist,Not Applicable,Not a Cyclist,Not Applicable,Not Applicable,Not Applicable,8,Not Applicable,990,Other/Unknown – Insufficient Details,0,Not a Cyclist,
45,450833,0,1,5,Pedestrian,42,Male,None Noted,Yes,None Noted,680,Not At Intersection – Other/Unknown,0,Not a Cyclist,Not At Intersection,Not a Cyclist,Travel Lane,Not a Cyclist,Not Applicable,Not a Cyclist,Not Applicable,Not Applicable,Not Applicable,8,Not Applicable,990,Other/Unknown – Insufficient Details,0,Not a Cyclist,
42,420014,0,1,5,Pedestrian,73,Male,None Noted,None Noted,None Noted,680,Not At Intersection – Other/Unknown,0,Not a Cyclist,Not At Intersection,Not a Cyclist,Travel Lane,Not a Cyclist,Not Applicable,Not a Cyclist,Not Applicable,Not Applicable,Not Applicable,8,Not Applicable,990,Other/Unknown – Insufficient Details,0,Not a Cyclist,
45,450545,0,1,5,Pedestrian,41,Male,None Noted,None Noted,None Noted,680,Not At Intersection – Other/Unknown,0,Not a Cyclist,Not At Intersection,Not a Cyclist,Travel Lane,Not a Cyclist,Not Applicable,Not a Cyclist,Not Applicable,Not Applicable,Not Applicable,8,Not Applicable,990,Other/Unknown – Insufficient Details,0,Not a Cyclist,
42,420849,0,1,5,Pedestrian,53,Male,None Noted,None Noted,None Noted,680,Not At Intersection – Other/Unknown,0,Not a Cyclist,Not At Intersection,Not a Cyclist,Travel Lane,Not a Cyclist,Not Applicable,Not a Cyclist,Not Applicable,Not Applicable,Not Applicable,8,Not Applicable,990,Other/Unknown – Insufficient Details,0,Not a Cyclist,
45,450603,0,1,5,Pedestrian,23,Male,None Noted,None Noted,None Noted,680,Not At Intersection – Other/Unknown,0,Not a Cyclist,Not At Intersection,Not a Cyclist,Travel Lane,Not a Cyclist,Not Applicable,Not a Cyclist,Not Applicable,Not Applicable,Not Applicable,8,Not Applicable,990,Other/Unknown – Insufficient Details,0,Not a Cyclist,
48,483274,0,1,5,Pedestrian,35,Male,None Noted,None Noted,None Noted,680,Not At Intersection – Other/Unknown,0,Not a Cyclist,Not At Intersection,Not a Cyclist,Travel Lane,Not a Cyclist,Not Applicable,Not a Cyclist,Not Applicable,Not Applicable,Not Applicable,8,Not Applicable,990,Other/Unknown – Insufficient Details,0,Not a Cyclist,
41,410085,0,1,5,Pedestrian,52,Female,None Noted,None Noted,None Noted,680,Not At Intersection – Other/Unknown,0,Not a Cyclist,Not At Intersection,Not a Cyclist,Travel Lane,Not a Cyclist,Not Applicable,Not a Cyclist,Not Applicable,Not Applicable,Not Applicable,8,Not Applicable,990,Other/Unknown – Insufficient Details,0,Not a Cyclist,
12,121571,0,1,5,Pedestrian,36,Male,None Noted,None Noted,None Noted,680,Not At Intersection – Other/Unknown,0,Not a Cyclist,Not At Intersection,Not a Cyclist,Travel Lane,Not a Cyclist,Not Applicable,Not a Cyclist,Not Applicable,Not Applicable,Not Applicable,8,Not Applicable,990,Other/Unknown – Insufficient Details,0,Not a Cyclist,
12,122825,0,1,5,Pedestrian,59,Male,None Noted,None Noted,None Noted,680,Not At Intersection – Other/Unknown,0,Not a Cyclist,Not At Intersection,Not a Cyclist,Travel Lane,Not a Cyclist,Not Applicable,Not a Cyclist,Not Applicable,Not Applicable,Not Applicable,8,Not Applicable,990,Other/Unknown – Insufficient Details,0,Not a Cyclist,
12,122770,0,1,5,Pedestrian,14,Female,None Noted,None Noted,None Noted,680,Not At Intersection – Other/Unknown,0,Not a Cyclist,Not At Intersection,Not a Cyclist,Travel Lane,Not a Cyclist,Not Applicable,Not a Cyclist,Not Applicable,Not Applicable,Not Applicable,8,Not Applicable,990,Other/Unknown – Insufficient Details,0,Not a Cyclist,
12,122224,0,1,5,Pedestrian,15,Female,None Noted,None Noted,None Noted,680,Not At Intersection – Other/Unknown,0,Not a Cyclist,Not At Intersection,Not a Cyclist,Travel Lane,Not a Cyclist,Not Applicable,Not a Cyclist,Not Applicable,Not Applicable,Not Applicable,8,Not Applicable,990,Other/Unknown – Insufficient Details,0,Not a Cyclist,
12,122864,0,1,5,Pedestrian,26,Male,None Noted,None Noted,None Noted,680,Not At Intersection – Other/Unknown,0,Not a Cyclist,Not At Intersection,Not a Cyclist,Travel Lane,Not a Cyclist,Not Applicable,Not a Cyclist,Not Applicable,Not Applicable,Not Applicable,8,Not Applicable,990,Other/Unknown – Insufficient Details,0,Not a Cyclist,
12,122766,0,1,5,Pedestrian,47,Male,None Noted,None Noted,None Noted,680,Not At Intersection – Other/Unknown,0,Not a Cyclist,Not At Intersection,Not a Cyclist,Travel Lane,Not a Cyclist,Not Applicable,Not a Cyclist,Not Applicable,Not Applicable,Not Applicable,8,Not Applicable,990,Other/Unknown – Insufficient Details,0,Not a Cyclist,
12,122941,0,1,5,Pedestrian,51,Female,None Noted,None Noted,None Noted,680,Not At Intersection – Other/Unknown,0,Not a Cyclist,Not At Intersection,Not a Cyclist,Travel Lane,Not a Cyclist,Not Applicable,Not a Cyclist,Not Applicable,Not Applicable,Not Applicable,8,Not Applicable,990,Other/Unknown – Insufficient Details,0,Not a Cyclist,
12,122932,0,1,5,Pedestrian,998,Male,None Noted,None Noted,None Noted,680,Not At Intersection – Other/Unknown,0,Not a Cyclist,Not At Intersection,Not a Cyclist,Travel Lane,Not a Cyclist,Not Applicable,Not a Cyclist,Not Applicable,Not Applicable,Not Applicable,8,Not Applicable,990,Other/Unknown – Insufficient Details,0,Not a Cyclist,
12,122934,0,1,5,Pedestrian,49,Female,None Noted,None Noted,None Noted,680,Not At Intersection – Other/Unknown,0,Not a Cyclist,Not At Intersection,Not a Cyclist,Travel Lane,Not a Cyclist,Not Applicable,Not a Cyclist,Not Applicable,Not Applicable,Not Applicable,8,Not Applicable,990,Other/Unknown – Insufficient Details,0,Not a Cyclist,
12,122335,0,1,5,Pedestrian,999,Male,None Noted,None Noted,None Noted,680,Not At Intersection – Other/Unknown,0,Not a Cyclist,Not At Intersection,Not a Cyclist,Travel Lane,Not a Cyclist,Not Applicable,Not a Cyclist,Not Applicable,Not Applicable,Not Applicable,8,Not Applicable,990,Other/Unknown – Insufficient Details,0,Not a Cyclist,
47,470857,0,1,5,Pedestrian,20,Male,None Noted,None Noted,None Noted,680,Not At Intersection – Other/Unknown,0,Not a Cyclist,Not At Intersection,Not a Cyclist,Travel Lane,Not a Cyclist,Not Applicable,Not a Cyclist,Not Applicable,Not Applicable,Not Applicable,8,Not Applicable,990,Other/Unknown – Insufficient Details,0,Not a Cyclist,
47,470596,0,1,5,Pedestrian,26,Female,None Noted,None Noted,None Noted,680,Not At Intersection – Other/Unknown,0,Not a Cyclist,Not At Intersection,Not a Cyclist,Travel Lane,Not a Cyclist,Not Applicable,Not a Cyclist,Not Applicable,Not Applicable,Not Applicable,8,Not Applicable,990,Other/Unknown – Insufficient Details,0,Not a Cyclist,
47,470774,0,1,5,Pedestrian,21,Male,None Noted,None Noted,None Noted,680,Not At Intersection – Other/Unknown,0,Not a Cyclist,Not At Intersection,Not a Cyclist,Travel Lane,Not a Cyclist,Not Applicable,Not a Cyclist,Not Applicable,Not Applicable,Not Applicable,8,Not Applicable,990,Other/Unknown – Insufficient Details,0,Not a Cyclist,
47,470693,0,1,5,Pedestrian,34,Male,None Noted,None Noted,None Noted,680,Not At Intersection – Other/Unknown,0,Not a Cyclist,Not At Intersection,Not a Cyclist,Travel Lane,Not a Cyclist,Not Applicable,Not a Cyclist,Not Applicable,Not Applicable,Not Applicable,8,Not Applicable,990,Other/Unknown – Insufficient Details,0,Not a Cyclist,
45,450848,0,1,5,Pedestrian,47,Male,None Noted,None Noted,None Noted,680,Not At Intersection – Other/Unknown,0,Not a Cyclist,Not At Intersection,Not a Cyclist,Travel Lane,Not a Cyclist,Not Applicable,Not a Cyclist,Not Applicable,Not Applicable,Not Applicable,8,Not Applicable,990,Other/Unknown – Insufficient Details,0,Not a Cyclist,
48,480370,0,1,5,Pedestrian,63,Male,None Noted,None Noted,None Noted,680,Not At Intersection – Other/Unknown,0,Not a Cyclist,Not At Intersection,Not a Cyclist,Travel Lane,Not a Cyclist,Not Applicable,Not a Cyclist,Not Applicable,Not Applicable,Not Applicable,8,Not Applicable,990,Other/Unknown – Insufficient Details,0,Not a Cyclist,
48,480680,0,1,5,Pedestrian,24,Male,None Noted,None Noted,None Noted,680,Not At Intersection – Other/Unknown,0,Not a Cyclist,Not At Intersection,Not a Cyclist,Travel Lane,Not a Cyclist,Not Applicable,Not a Cyclist,Not Applicable,Not Applicable,Not Applicable,8,Not Applicable,990,Other/Unknown – Insufficient Details,0,Not a Cyclist,
48,483211,0,1,5,Pedestrian,24,Male,None Noted,None Noted,None Noted,680,Not At Intersection – Other/Unknown,0,Not a Cyclist,Not At Intersection,Not a Cyclist,Travel Lane,Not a Cyclist,Not Applicable,Not a Cyclist,Not Applicable,Not Applicable,Not Applicable,8,Not Applicable,990,Other/Unknown – Insufficient Details,0,Not a Cyclist,
47,470190,0,1,5,Pedestrian,49,Male,None Noted,None Noted,None Noted,680,Not At Intersection – Other/Unknown,0,Not a Cyclist,Not At Intersection,Not a Cyclist,Travel Lane,Not a Cyclist,Not Applicable,Not a Cyclist,Not Applicable,Not Applicable,Not Applicable,8,Not Applicable,990,Other/Unknown – Insufficient Details,0,Not a Cyclist,
47,470240,0,1,5,Pedestrian,6,Male,None Noted,Yes,Unknown,680,Not At Intersection – Other/Unknown,0,Not a Cyclist,Not At Intersection,Not a Cyclist,Travel Lane,Not a Cyclist,Not Applicable,Not a Cyclist,Not Applicable,Not Applicable,Not Applicable,8,Not Applicable,990,Other/Unknown – Insufficient Details,0,Not a Cyclist,
1,10524,0,1,5,Pedestrian,55,Female,None Noted,None Noted,None Noted,680,Not At Intersection – Other/Unknown,0,Not a Cyclist,Not At Intersection,Not a Cyclist,Travel Lane,Not a Cyclist,Not Applicable,Not a Cyclist,Not Applicable,Not Applicable,Not Applicable,8,Not Applicable,990,Other/Unknown – Insufficient Details,0,Not a Cyclist,
47,470340,0,1,5,Pedestrian,57,Female,None Noted,Yes,None Noted,680,Not At Intersection – Other/Unknown,0,Not a Cyclist,Not At Intersection,Not a Cyclist,Travel Lane,Not a Cyclist,Not Applicable,Not a Cyclist,Not Applicable,Not Applicable,Not Applicable,8,Not Applicable,990,Other/Unknown – Insufficient Details,0,Not a Cyclist,
47,470498,0,1,5,Pedestrian,40,Male,None Noted,None Noted,None Noted,680,Not At Intersection – Other/Unknown,0,Not a Cyclist,Not At Intersection,Not a Cyclist,Travel Lane,Not a Cyclist,Not Applicable,Not a Cyclist,Not Applicable,Not Applicable,Not Applicable,8,Not Applicable,990,Other/Unknown – Insufficient Details,0,Not a Cyclist,
9,90286,0,1,5,Pedestrian,71,Female,None Noted,None Noted,None Noted,680,Not At Intersection – Other/Unknown,0,Not a Cyclist,Not At Intersection,Not a Cyclist,Travel Lane,Not a Cyclist,Not Applicable,Not a Cyclist,Not Applicable,Not Applicable,Not Applicable,8,Not Applicable,990,Other/Unknown – Insufficient Details,0,Not a Cyclist,
42,420126,0,1,5,Pedestrian,49,Male,None Noted,None Noted,None Noted,680,Not At Intersection – Other/Unknown,0,Not a Cyclist,Not At Intersection,Not a Cyclist,Travel Lane,Not a Cyclist,Not Applicable,Not a Cyclist,Not Applicable,Not Applicable,Not Applicable,8,Not Applicable,990,Other/Unknown – Insufficient Details,0,Not a Cyclist,
10,100088,0,1,5,Pedestrian,37,Female,None Noted,Yes,None Noted,680,Not At Intersection – Other/Unknown,0,Not a Cyclist,Not At Intersection,Not a Cyclist,Travel Lane,Not a Cyclist,Not Applicable,Not a Cyclist,Not Applicable,Not Applicable,Not Applicable,8,Not Applicable,990,Other/Unknown – Insufficient Details,0,Not a Cyclist,
37,370706,0,1,5,Pedestrian,27,Male,None Noted,None Noted,None Noted,680,Not At Intersection – Other/Unknown,0,Not a Cyclist,Not At Intersection,Not a Cyclist,Travel Lane,Not a Cyclist,Not Applicable,Not a Cyclist,Not Applicable,Not Applicable,Not Applicable,8,Not Applicable,990,Other/Unknown – Insufficient Details,0,Not a Cyclist,
39,390497,0,1,5,Pedestrian,21,Female,None Noted,None Noted,None Noted,680,Not At Intersection – Other/Unknown,0,Not a Cyclist,Not At Intersection,Not a Cyclist,Travel Lane,Not a Cyclist,Not Applicable,Not a Cyclist,Not Applicable,Not Applicable,Not Applicable,8,Not Applicable,990,Other/Unknown – Insufficient Details,0,Not a Cyclist,
39,390507,0,1,5,Pedestrian,50,Male,None Noted,None Noted,None Noted,680,Not At Intersection – Other/Unknown,0,Not a Cyclist,Not At Intersection,Not a Cyclist,Travel Lane,Not a Cyclist,Not Applicable,Not a Cyclist,Not Applicable,Not Applicable,Not Applicable,8,Not Applicable,990,Other/Unknown – Insufficient Details,0,Not a Cyclist,
40,400521,0,1,5,Pedestrian,57,Female,None Noted,None Noted,None Noted,680,Not At Intersection – Other/Unknown,0,Not a Cyclist,Not At Intersection,Not a Cyclist,Travel Lane,Not a Cyclist,Not Applicable,Not a Cyclist,Not Applicable,Not Applicable,Not Applicable,8,Not Applicable,990,Other/Unknown – Insufficient Details,0,Not a Cyclist,
40,400340,0,1,5,Pedestrian,34,Female,None Noted,None Noted,None Noted,680,Not At Intersection – Other/Unknown,0,Not a Cyclist,Not At Intersection,Not a Cyclist,Travel Lane,Not a Cyclist,Not Applicable,Not a Cyclist,Not Applicable,Not Applicable,Not Applicable,8,Not Applicable,990,Other/Unknown – Insufficient Details,0,Not a Cyclist,
40,400371,0,1,5,Pedestrian,48,Male,None Noted,None Noted,None Noted,680,Not At Intersection – Other/Unknown,0,Not a Cyclist,Not At Intersection,Not a Cyclist,Travel Lane,Not a Cyclist,Not Applicable,Not a Cyclist,Not Applicable,Not Applicable,Not Applicable,8,Not Applicable,990,Other/Unknown – Insufficient Details,0,Not a Cyclist,
22,220416,0,1,5,Pedestrian,64,Female,None Noted,None Noted,None Noted,680,Not At Intersection – Other/Unknown,0,Not a Cyclist,Not At Intersection,Not a Cyclist,Travel Lane,Not a Cyclist,Not Applicable,Not a Cyclist,Not Applicable,Not Applicable,Not Applicable,8,Not Applicable,990,Other/Unknown – Insufficient Details,0,Not a Cyclist,
12,121420,0,1,5,Pedestrian,83,Female,None Noted,None Noted,None Noted,680,Not At Intersection – Other/Unknown,0,Not a Cyclist,Not At Intersection,Not a Cyclist,Travel Lane,Not a Cyclist,Not Applicable,Not a Cyclist,Not Applicable,Not Applicable,Not Applicable,8,Not Applicable,990,Other/Unknown – Insufficient Details,0,Not a Cyclist,
12,121772,0,1,5,Pedestrian,19,Female,None Noted,None Noted,None Noted,680,Not At Intersection – Other/Unknown,0,Not a Cyclist,Not At Intersection,Not a Cyclist,Travel Lane,Not a Cyclist,Not Applicable,Not a Cyclist,Not Applicable,Not Applicable,Not Applicable,8,Not Applicable,990,Other/Unknown – Insufficient Details,0,Not a Cyclist,
47,470554,0,1,5,Pedestrian,38,Female,None Noted,None Noted,None Noted,680,Not At Intersection – Other/Unknown,0,Not a Cyclist,Not At Intersection,Not a Cyclist,Travel Lane,Not a Cyclist,Not Applicable,Not a Cyclist,Not Applicable,Not Applicable,Not Applicable,8,Not Applicable,990,Other/Unknown – Insufficient Details,0,Not a Cyclist,
12,121648,0,1,5,Pedestrian,47,Male,None Noted,None Noted,None Noted,680,Not At Intersection – Other/Unknown,0,Not a Cyclist,Not At Intersection,Not a Cyclist,Travel Lane,Not a Cyclist,Not Applicable,Not a Cyclist,Not Applicable,Not Applicable,Not Applicable,8,Not Applicable,990,Other/Unknown – Insufficient Details,0,Not a Cyclist,
12,122193,0,1,5,Pedestrian,22,Male,None Noted,None Noted,None Noted,680,Not At Intersection – Other/Unknown,0,Not a Cyclist,Not At Intersection,Not a Cyclist,Travel Lane,Not a Cyclist,Not Applicable,Not a Cyclist,Not Applicable,Not Applicable,Not Applicable,8,Not Applicable,990,Other/Unknown – Insufficient Details,0,Not a Cyclist,
12,121793,0,1,5,Pedestrian,58,Male,None Noted,None Noted,None Noted,680,Not At Intersection – Other/Unknown,0,Not a Cyclist,Not At Intersection,Not a Cyclist,Travel Lane,Not a Cyclist,Not Applicable,Not a Cyclist,Not Applicable,Not Applicable,Not Applicable,8,Not Applicable,990,Other/Unknown – Insufficient Details,0,Not a Cyclist,
12,122987,0,1,5,Pedestrian,62,Male,None Noted,Yes,None Noted,680,Not At Intersection – Other/Unknown,0,Not a Cyclist,Not At Intersection,Not a Cyclist,Travel Lane,Not a Cyclist,Not Applicable,Not a Cyclist,Not Applicable,Not Applicable,Not Applicable,8,Not Applicable,990,Other/Unknown – Insufficient Details,0,Not a Cyclist,
22,220404,0,1,5,Pedestrian,32,Male,None Noted,None Noted,None Noted,680,Not At Intersection – Other/Unknown,0,Not a Cyclist,Not At Intersection,Not a Cyclist,Travel Lane,Not a Cyclist,Not Applicable,Not a Cyclist,Not Applicable,Not Applicable,Not Applicable,8,Not Applicable,990,Other/Unknown – Insufficient Details,0,Not a Cyclist,
9,90098,0,1,5,Pedestrian,54,Male,None Noted,Yes,None Noted,680,Not At Intersection – Other/Unknown,0,Not a Cyclist,Not At Intersection,Not a Cyclist,Travel Lane,Not a Cyclist,Not Applicable,Not a Cyclist,Not Applicable,Not Applicable,Not Applicable,8,Not Applicable,990,Other/Unknown – Insufficient Details,0,Not a Cyclist,