state_number,consecutive_number,vehicle_number,person_number,person_type,person_type_name,age,sex,marked_crosswalk_present,sidewalk_present,school_zone,crash_type_pedestrian,crash_type_pedestrian_name,crash_type_bicycle,crash_type_bicycle_name,crash_location_pedestrian,crash_location_bicycle,pedestrian_position,bicyclist_position,pedestrian_initial_direction_of_travel,bicyclist_initial_direction_of_travel,motorist_initial_direction_of_travel,motorist_maneuver,intersection_leg,pedestrian_scenario,pedestrian_scenario_name,crash_group_pedestrian,crash_group_pedestrian_name,crash_group_bicycle,crash_group_bicycle_name
13,131426,0,2,5,Pedestrian,13,Female,None Noted,None Noted,None Noted,890,Non-Trafficway – Other/Unknown,0,Not a Cyclist,Non-Trafficway Location,Not a Cyclist,Non-Trafficway – Parking Lot/Other,Not a Cyclist,Not Applicable,Not a Cyclist,Not Applicable,Not Applicable,Not Applicable,8,Not Applicable,800,Non-Trafficway,0,Not a Cyclist,
18,180612,0,1,5,Pedestrian,35,Male,None Noted,None Noted,None Noted,890,Non-Trafficway – Other/Unknown,0,Not a Cyclist,Non-Trafficway Location,Not a Cyclist,Non-Trafficway – Parking Lot/Other,Not a Cyclist,Not Applicable,Not a Cyclist,Not Applicable,Not Applicable,Not Applicable,8,Not Applicable,800,Non-Trafficway,0,Not a Cyclist,
20,200035,0,1,5,Pedestrian,93,Female,None Noted,None Noted,None Noted,890,Non-Trafficway – Other/Unknown,0,Not a Cyclist,Non-Trafficway Location,Not a Cyclist,Non-Trafficway – Parking Lot/Other,Not a Cyclist,Not Applicable,Not a Cyclist,Not Applicable,Not Applicable,Not Applicable,8,Not Applicable,800,Non-Trafficway,0,Not a Cyclist,
48,482471,0,1,5,Pedestrian,44,Female,None Noted,None Noted,None Noted,140,Vehicle-Vehicle/Object,0,Not a Cyclist,Non-Trafficway Location,Not a Cyclist,Non-Trafficway – Parking Lot/Other,Not a Cyclist,Not Applicable,Not a Cyclist,Not Applicable,Not Applicable,Not Applicable,8,Not Applicable,100,Unusual Circumstances,0,Not a Cyclist,
48,482471,0,2,5,Pedestrian,28,Male,None Noted,None Noted,None Noted,140,Vehicle-Vehicle/Object,0,Not a Cyclist,Non-Trafficway Location,Not a Cyclist,Non-Trafficway – Parking Lot/Other,Not a Cyclist,Not Applicable,Not a Cyclist,Not Applicable,Not Applicable,Not Applicable,8,Not Applicable,100,Unusual Circumstances,0,Not a Cyclist,
48,482471,0,3,5,Pedestrian,38,Male,None Noted,None Noted,None Noted,140,Vehicle-Vehicle/Object,0,Not a Cyclist,Non-Trafficway Location,Not a Cyclist,Non-Trafficway – Parking Lot/Other,Not a Cyclist,Not Applicable,Not a Cyclist,Not Applicable,Not Applicable,Not Applicable,8,Not Applicable,100,Unusual Circumstances,0,Not a Cyclist,
12,120121,0,1,5,Pedestrian,38,Male,None Noted,None Noted,None Noted,150,Motor Vehicle Loss of Control,0,Not a Cyclist,Non-Trafficway Location,Not a Cyclist,Non-Trafficway – Parking Lot/Other,Not a Cyclist,Not Applicable,Not a Cyclist,Not Applicable,Not Applicable,Not Applicable,8,Not Applicable,100,Unusual Circumstances,0,Not a Cyclist,
1,10453,0,1,5,Pedestrian,15,Male,None Noted,None Noted,None Noted,150,Motor Vehicle Loss of Control,0,Not a Cyclist,Non-Trafficway Location,Not a Cyclist,Non-Trafficway – Parking Lot/Other,Not a Cyclist,Not Applicable,Not a Cyclist,Not Applicable,Not Applicable,Not Applicable,8,Not Applicable,100,Unusual Circumstances,0,Not a Cyclist,
1,10336,0,1,5,Pedestrian,46,Female,None Noted,None Noted,None Noted,150,Motor Vehicle Loss of Control,0,Not a Cyclist,Non-Trafficway Location,Not a Cyclist,Non-Trafficway – Parking Lot/Other,Not a Cyclist,Not Applicable,Not a Cyclist,Not Applicable,Not Applicable,Not Applicable,8,Not Applicable,100,Unusual Circumstances,0,Not a Cyclist,
1,10024,0,1,5,Pedestrian,49,Male,None Noted,None Noted,None Noted,150,Motor Vehicle Loss of Control,0,Not a Cyclist,Non-Trafficway Location,Not a Cyclist,Non-Trafficway – Parking Lot/Other,Not a Cyclist,Not Applicable,Not a Cyclist,Not Applicable,Not Applicable,Not Applicable,8,Not Applicable,100,Unusual Circumstances,0,Not a Cyclist,
22,220417,0,1,5,Pedestrian,32,Female,None Noted,None Noted,None Noted,220,Driverless Vehicle,0,Not a Cyclist,Non-Trafficway Location,Not a Cyclist,Non-Trafficway – Parking Lot/Other,Not a Cyclist,Not Applicable,Not a Cyclist,Not Applicable,Not Applicable,Not Applicable,8,Not Applicable,100,Unusual Circumstances,0,Not a Cyclist,
12,120609,0,1,5,Pedestrian,40,Male,None Noted,None Noted,None Noted,220,Driverless Vehicle,0,Not a Cyclist,Non-Trafficway Location,Not a Cyclist,Non-Trafficway – Parking Lot/Other,Not a Cyclist,Not Applicable,Not a Cyclist,Not Applicable,Not Applicable,Not Applicable,8,Not Applicable,100,Unusual Circumstances,0,Not a Cyclist,
12,122620,0,1,5,Pedestrian,47,Male,Yes,Yes,None Noted,140,Vehicle-Vehicle/Object,0,Not a Cyclist,Non-Trafficway Location,Not a Cyclist,Non-Trafficway – Parking Lot/Other,Not a Cyclist,Not Applicable,Not a Cyclist,Not Applicable,Not Applicable,Not Applicable,8,Not Applicable,100,Unusual Circumstances,0,Not a Cyclist,
18,180289,0,1,5,Pedestrian,1,Female,None Noted,Yes,None Noted,214,Backing Vehicle – Non-Trafficway – Parking Lot,0,Not a Cyclist,Non-Trafficway Location,Not a Cyclist,Non-Trafficway – Parking Lot/Other,Not a Cyclist,Not Applicable,Not a Cyclist,Not Applicable,Not Applicable,Not Applicable,8,Not Applicable,200,Backing Vehicle,0,Not a Cyclist,
20,200130,0,1,5,Pedestrian,40,Male,None Noted,None Noted,None Noted,214,Backing Vehicle – Non-Trafficway – Parking Lot,0,Not a Cyclist,Non-Trafficway Location,Not a Cyclist,Non-Trafficway – Parking Lot/Other,Not a Cyclist,Not Applicable,Not a Cyclist,Not Applicable,Not Applicable,Not Applicable,8,Not Applicable,200,Backing Vehicle,0,Not a Cyclist,
12,121787,0,1,5,Pedestrian,85,Female,None Noted,None Noted,None Noted,214,Backing Vehicle – Non-Trafficway – Parking Lot,0,Not a Cyclist,Non-Trafficway Location,Not a Cyclist,Non-Trafficway – Parking Lot/Other,Not a Cyclist,Not Applicable,Not a Cyclist,Not Applicable,Not Applicable,Not Applicable,8,Not Applicable,200,Backing Vehicle,0,Not a Cyclist,
12,120485,0,1,5,Pedestrian,29,Male,None Noted,None Noted,None Noted,219,Backing Vehicle – Other/Unknown,0,Not a Cyclist,Non-Trafficway Location,Not a Cyclist,Non-Trafficway – Parking Lot/Other,Not a Cyclist,Not Applicable,Not a Cyclist,Not Applicable,Not Applicable,Not Applicable,8,Not Applicable,200,Backing Vehicle,0,Not a Cyclist,
12,120485,0,2,5,Pedestrian,22,Female,None Noted,None Noted,None Noted,219,Backing Vehicle – Other/Unknown,0,Not a Cyclist,Non-Trafficway Location,Not a Cyclist,Non-Trafficway – Parking Lot/Other,Not a Cyclist,Not Applicable,Not a Cyclist,Not Applicable,Not Applicable,Not Applicable,8,Not Applicable,200,Backing Vehicle,0,Not a Cyclist,
36,360120,0,3,5,Pedestrian,58,Female,None Noted,Yes,None Noted,610,Standing in Roadway,0,Not a Cyclist,Not At Intersection,Not a Cyclist,Paved Shoulder/Bicycle Lane/Parking Lane,Not a Cyclist,Not Applicable,Not a Cyclist,Not Applicable,Not Applicable,Not Applicable,8,Not Applicable,600,Pedestrian in Roadway – Circumstances Unknown,0,Not a Cyclist,
36,360120,0,1,5,Pedestrian,28,Male,None Noted,Yes,None Noted,610,Standing in Roadway,0,Not a Cyclist,Not At Intersection,Not a Cyclist,Paved Shoulder/Bicycle Lane/Parking Lane,Not a Cyclist,Not Applicable,Not a Cyclist,Not Applicable,Not Applicable,Not Applicable,8,Not Applicable,600,Pedestrian in Roadway – Circumstances Unknown,0,Not a Cyclist,
36,360120,0,2,5,Pedestrian,20,Female,None Noted,Yes,None Noted,610,Standing in Roadway,0,Not a Cyclist,Not At Intersection,Not a Cyclist,Paved Shoulder/Bicycle Lane/Parking Lane,Not a Cyclist,Not Applicable,Not a Cyclist,Not Applicable,Not Applicable,Not Applicable,8,Not Applicable,600,Pedestrian in Roadway – Circumstances Unknown,0,Not a Cyclist,
34,340378,0,1,5,Pedestrian,16,Female,Unknown,Unknown,Unknown,741,Dash,0,Not a Cyclist,Not At Intersection,Not a Cyclist,Paved Shoulder/Bicycle Lane/Parking Lane,Not a Cyclist,Not Applicable,Not a Cyclist,Not Applicable,Not Applicable,Not Applicable,8,Not Applicable,740,Dash/Dart-Out,0,Not a Cyclist,
48,481364,0,1,5,Pedestrian,61,Male,None Noted,None Noted,None Noted,330,Mailbox-Related,0,Not a Cyclist,Not At Intersection,Not a Cyclist,Paved Shoulder/Bicycle Lane/Parking Lane,Not a Cyclist,Not Applicable,Not a Cyclist,Not Applicable,Not Applicable,Not Applicable,8,Not Applicable,350,Unique Midblock,0,Not a Cyclist,
1,10431,0,1,5,Pedestrian,73,Male,None Noted,None Noted,None Noted,320,Entering/Exiting Parked or Stopped Vehicle,0,Not a Cyclist,Not At Intersection,Not a Cyclist,Paved Shoulder/Bicycle Lane/Parking Lane,Not a Cyclist,Not Applicable,Not a Cyclist,Not Applicable,Not Applicable,Not Applicable,8,Not Applicable,350,Unique Midblock,0,Not a Cyclist,
55,550141,0,1,5,Pedestrian,22,Male,None Noted,None Noted,None Noted,320,Entering/Exiting Parked or Stopped Vehicle,0,Not a Cyclist,Not At Intersection,Not a Cyclist,Paved Shoulder/Bicycle Lane/Parking Lane,Not a Cyclist,Not Applicable,Not a Cyclist,Not Applicable,Not Applicable,Not Applicable,8,Not Applicable,350,Unique Midblock,0,Not a Cyclist,
53,530492,0,1,5,Pedestrian,56,Male,None Noted,None Noted,None Noted,320,Entering/Exiting Parked or Stopped Vehicle,0,Not a Cyclist,Not At Intersection,Not a Cyclist,Paved Shoulder/Bicycle Lane/Parking Lane,Not a Cyclist,Not Applicable,Not a Cyclist,Not Applicable,Not Applicable,Not Applicable,8,Not Applicable,350,Unique Midblock,0,Not a Cyclist,
42,421024,0,1,5,Pedestrian,22,Male,None Noted,None Noted,None Noted,320,Entering/Exiting Parked or Stopped Vehicle,0,Not a Cyclist,Not At Intersection,Not a Cyclist,Paved Shoulder/Bicycle Lane/Parking Lane,Not a Cyclist,Not Applicable,Not a Cyclist,Not Applicable,Not Applicable,Not Applicable,8,Not Applicable,350,Unique Midblock,0,Not a Cyclist,
42,420721,0,2,5,Pedestrian,25,Male,None Noted,None Noted,None Noted,320,Entering/Exiting Parked or Stopped Vehicle,0,Not a Cyclist,Not At Intersection,Not a Cyclist,Paved Shoulder/Bicycle Lane/Parking Lane,Not a Cyclist,Not Applicable,Not a Cyclist,Not Applicable,Not Applicable,Not Applicable,8,Not Applicable,350,Unique Midblock,0,Not a Cyclist,
51,510525,0,1,5,Pedestrian,37,Female,None Noted,None Noted,None Noted,320,Entering/Exiting Parked or Stopped Vehicle,0,Not a Cyclist,Not At Intersection,Not a Cyclist,Paved Shoulder/Bicycle Lane/Parking Lane,Not a Cyclist,Not Applicable,Not a Cyclist,Not Applicable,Not Applicable,Not Applicable,8,Not Applicable,350,Unique Midblock,0,Not a Cyclist,
39,390723,0,1,5,Pedestrian,48,Male,None Noted,None Noted,None Noted,320,Entering/Exiting Parked or Stopped Vehicle,0,Not a Cyclist,Not At Intersection,Not a Cyclist,Paved Shoulder/Bicycle Lane/Parking Lane,Not a Cyclist,Not Applicable,Not a Cyclist,Not Applicable,Not Applicable,Not Applicable,8,Not Applicable,350,Unique Midblock,0,Not a Cyclist,
39,390719,0,1,5,Pedestrian,53,Female,None Noted,None Noted,None Noted,320,Entering/Exiting Parked or Stopped Vehicle,0,Not a Cyclist,Not At Intersection,Not a Cyclist,Paved Shoulder/Bicycle Lane/Parking Lane,Not a Cyclist,Not Applicable,Not a Cyclist,Not Applicable,Not Applicable,Not Applicable,8,Not Applicable,350,Unique Midblock,0,Not a Cyclist,
27,270137,0,1,5,Pedestrian,85,Female,None Noted,None Noted,None Noted,330,Mailbox-Related,0,Not a Cyclist,Not At Intersection,Not a Cyclist,Paved Shoulder/Bicycle Lane/Parking Lane,Not a Cyclist,Not Applicable,Not a Cyclist,Not Applicable,Not Applicable,Not Applicable,8,Not Applicable,350,Unique Midblock,0,Not a Cyclist,
9,90265,0,1,5,Pedestrian,61,Female,None Noted,None Noted,None Noted,330,Mailbox-Related,0,Not a Cyclist,Not At Intersection,Not a Cyclist,Paved Shoulder/Bicycle Lane/Parking Lane,Not a Cyclist,Not Applicable,Not a Cyclist,Not Applicable,Not Applicable,Not Applicable,8,Not Applicable,350,Unique Midblock,0,Not a Cyclist,
25,250275,0,1,5,Pedestrian,32,Male,None Noted,Yes,None Noted,330,Mailbox-Related,0,Not a Cyclist,Not At Intersection,Not a Cyclist,Paved Shoulder/Bicycle Lane/Parking Lane,Not a Cyclist,Not Applicable,Not a Cyclist,Not Applicable,Not Applicable,Not Applicable,8,Not Applicable,350,Unique Midblock,0,Not a Cyclist,
36,360846,0,1,5,Pedestrian,69,Female,None Noted,None Noted,None Noted,330,Mailbox-Related,0,Not a Cyclist,Not At Intersection,Not a Cyclist,Paved Shoulder/Bicycle Lane/Parking Lane,Not a Cyclist,Not Applicable,Not a Cyclist,Not Applicable,Not Applicable,Not Applicable,8,Not Applicable,350,Unique Midblock,0,Not a Cyclist,
10,100048,0,1,5,Pedestrian,41,Male,None Noted,None Noted,None Noted,320,Entering/Exiting Parked or Stopped Vehicle,0,Not a Cyclist,Not At Intersection,Not a Cyclist,Paved Shoulder/Bicycle Lane/Parking Lane,Not a Cyclist,Not Applicable,Not a Cyclist,Not Applicable,Not Applicable,Not Applicable,8,Not Applicable,350,Unique Midblock,0,Not a Cyclist,
12,122369,0,1,5,Pedestrian,47,Male,None Noted,None Noted,None Noted,320,Entering/Exiting Parked or Stopped Vehicle,0,Not a Cyclist,Not At Intersection,Not a Cyclist,Paved Shoulder/Bicycle Lane/Parking Lane,Not a Cyclist,Not Applicable,Not a Cyclist,Not Applicable,Not Applicable,Not Applicable,8,Not Applicable,350,Unique Midblock,0,Not a Cyclist,
12,122200,0,1,5,Pedestrian,48,Male,None Noted,None Noted,None Noted,320,Entering/Exiting Parked or Stopped Vehicle,0,Not a Cyclist,Not At Intersection,Not a Cyclist,Paved Shoulder/Bicycle Lane/Parking Lane,Not a Cyclist,Not Applicable,Not a Cyclist,Not Applicable,Not Applicable,Not Applicable,8,Not Applicable,350,Unique Midblock,0,Not a Cyclist,
26,260226,0,1,5,Pedestrian,54,Male,None Noted,None Noted,None Noted,320,Entering/Exiting Parked or Stopped Vehicle,0,Not a Cyclist,Not At Intersection,Not a Cyclist,Paved Shoulder/Bicycle Lane/Parking Lane,Not a Cyclist,Not Applicable,Not a Cyclist,Not Applicable,Not Applicable,Not Applicable,8,Not Applicable,350,Unique Midblock,0,Not a Cyclist,
9,90243,0,1,5,Pedestrian,31,Female,None Noted,None Noted,None Noted,320,Entering/Exiting Parked or Stopped Vehicle,0,Not a Cyclist,Not At Intersection,Not a Cyclist,Paved Shoulder/Bicycle Lane/Parking Lane,Not a Cyclist,Not Applicable,Not a Cyclist,Not Applicable,Not Applicable,Not Applicable,8,Not Applicable,350,Unique Midblock,0,Not a Cyclist,
10,100100,0,1,5,Pedestrian,64,Male,None Noted,None Noted,None Noted,320,Entering/Exiting Parked or Stopped Vehicle,0,Not a Cyclist,Not At Intersection,Not a Cyclist,Paved Shoulder/Bicycle Lane/Parking Lane,Not a Cyclist,Not Applicable,Not a Cyclist,Not Applicable,Not Applicable,Not Applicable,8,Not Applicable,350,Unique Midblock,0,Not a Cyclist,
39,391028,0,1,5,Pedestrian,81,Male,None Noted,None Noted,None Noted,320,Entering/Exiting Parked or Stopped Vehicle,0,Not a Cyclist,Not At Intersection,Not a Cyclist,Paved Shoulder/Bicycle Lane/Parking Lane,Not a Cyclist,Not Applicable,Not a Cyclist,Not Applicable,Not Applicable,Not Applicable,8,Not Applicable,350,Unique Midblock,0,Not a Cyclist,
39,391028,0,2,5,Pedestrian,23,Male,None Noted,None Noted,None Noted,320,Entering/Exiting Parked or Stopped Vehicle,0,Not a Cyclist,Not At Intersection,Not a Cyclist,Paved Shoulder/Bicycle Lane/Parking Lane,Not a Cyclist,Not Applicable,Not a Cyclist,Not Applicable,Not Applicable,Not Applicable,8,Not Applicable,350,Unique Midblock,0,Not a Cyclist,
8,80438,0,1,5,Pedestrian,55,Female,None Noted,None Noted,None Noted,320,Entering/Exiting Parked or Stopped Vehicle,0,Not a Cyclist,Not At Intersection,Not a Cyclist,Paved Shoulder/Bicycle Lane/Parking Lane,Not a Cyclist,Not Applicable,Not a Cyclist,Not Applicable,Not Applicable,Not Applicable,8,Not Applicable,350,Unique Midblock,0,Not a Cyclist,
42,420721,0,1,5,Pedestrian,57,Male,None Noted,None Noted,None Noted,320,Entering/Exiting Parked or Stopped Vehicle,0,Not a Cyclist,Not At Intersection,Not a Cyclist,Paved Shoulder/Bicycle Lane/Parking Lane,Not a Cyclist,Not Applicable,Not a Cyclist,Not Applicable,Not Applicable,Not Applicable,8,Not Applicable,350,Unique Midblock,0,Not a Cyclist,
39,390274,0,1,5,Pedestrian,38,Female,None Noted,None Noted,None Noted,320,Entering/Exiting Parked or Stopped Vehicle,0,Not a Cyclist,Not At Intersection,Not a Cyclist,Paved Shoulder/Bicycle Lane/Parking Lane,Not a Cyclist,Not Applicable,Not a Cyclist,Not Applicable,Not Applicable,Not Applicable,8,Not Applicable,350,Unique Midblock,0,Not a Cyclist,
21,210477,0,1,5,Pedestrian,60,Male,None Noted,None Noted,None Noted,320,Entering/Exiting Parked or Stopped Vehicle,0,Not a Cyclist,Not At Intersection,Not a Cyclist,Paved Shoulder/Bicycle Lane/Parking Lane,Not a Cyclist,Not Applicable,Not a Cyclist,Not Applicable,Not Applicable,Not Applicable,8,Not Applicable,350,Unique Midblock,0,Not a Cyclist,
1,10013,0,1,5,Pedestrian,44,Male,None Noted,None Noted,None Noted,311,Working in Roadway,0,Not a Cyclist,Not At Intersection,Not a Cyclist,Paved Shoulder/Bicycle Lane/Parking Lane,Not a Cyclist,Not Applicable,Not a Cyclist,Not Applicable,Not Applicable,Not Applicable,8,Not Applicable,310,Working or Playing in Roadway,0,Not a Cyclist,
1,10013,0,2,5,Pedestrian,23,Male,None Noted,None Noted,None Noted,311,Working in Roadway,0,Not a Cyclist,Not At Intersection,Not a Cyclist,Paved Shoulder/Bicycle Lane/Parking Lane,Not a Cyclist,Not Applicable,Not a Cyclist,Not Applicable,Not Applicable,Not Applicable,8,Not Applicable,310,Working or Playing in Roadway,0,Not a Cyclist,
24,240126,0,1,5,Pedestrian,23,Male,None Noted,None Noted,None Noted,311,Working in Roadway,0,Not a Cyclist,Not At Intersection,Not a Cyclist,Paved Shoulder/Bicycle Lane/Parking Lane,Not a Cyclist,Not Applicable,Not a Cyclist,Not Applicable,Not Applicable,Not Applicable,8,Not Applicable,310,Working or Playing in Roadway,0,Not a Cyclist,
22,220325,0,1,5,Pedestrian,28,Male,None Noted,None Noted,None Noted,311,Working in Roadway,0,Not a Cyclist,Not At Intersection,Not a Cyclist,Paved Shoulder/Bicycle Lane/Parking Lane,Not a Cyclist,Not Applicable,Not a Cyclist,Not Applicable,Not Applicable,Not Applicable,8,Not Applicable,310,Working or Playing in Roadway,0,Not a Cyclist,
22,220325,0,2,5,Pedestrian,41,Male,None Noted,None Noted,None Noted,311,Working in Roadway,0,Not a Cyclist,Not At Intersection,Not a Cyclist,Paved Shoulder/Bicycle Lane/Parking Lane,Not a Cyclist,Not Applicable,Not a Cyclist,Not Applicable,Not Applicable,Not Applicable,8,Not Applicable,310,Working or Playing in Roadway,0,Not a Cyclist,
39,390510,0,1,5,Pedestrian,58,Male,None Noted,None Noted,None Noted,230,Disabled Vehicle-Related,0,Not a Cyclist,Not At Intersection,Not a Cyclist,Paved Shoulder/Bicycle Lane/Parking Lane,Not a Cyclist,Not Applicable,Not a Cyclist,Not Applicable,Not Applicable,Not Applicable,8,Not Applicable,100,Unusual Circumstances,0,Not a Cyclist,
36,360757,0,1,5,Pedestrian,51,Male,None Noted,None Noted,None Noted,230,Disabled Vehicle-Related,0,Not a Cyclist,Not At Intersection,Not a Cyclist,Paved Shoulder/Bicycle Lane/Parking Lane,Not a Cyclist,Not Applicable,Not a Cyclist,Not Applicable,Not Applicable,Not Applicable,8,Not Applicable,100,Unusual Circumstances,0,Not a Cyclist,
39,390328,0,1,5,Pedestrian,20,Female,None Noted,None Noted,None Noted,230,Disabled Vehicle-Related,0,Not a Cyclist,Not At Intersection,Not a Cyclist,Paved Shoulder/Bicycle Lane/Parking Lane,Not a Cyclist,Not Applicable,Not a Cyclist,Not Applicable,Not Applicable,Not Applicable,8,Not Applicable,100,Unusual Circumstances,0,Not a Cyclist,
40,400625,0,1,5,Pedestrian,30,Male,None Noted,None Noted,None Noted,230,Disabled Vehicle-Related,0,Not a Cyclist,Not At Intersection,Not a Cyclist,Paved Shoulder/Bicycle Lane/Parking Lane,Not a Cyclist,Not Applicable,Not a Cyclist,Not Applicable,Not Applicable,Not Applicable,8,Not Applicable,100,Unusual Circumstances,0,Not a Cyclist,
45,450090,0,2,5,Pedestrian,28,Male,None Noted,None Noted,None Noted,230,Disabled Vehicle-Related,0,Not a Cyclist,Not At Intersection,Not a Cyclist,Paved Shoulder/Bicycle Lane/Parking Lane,Not a Cyclist,Not Applicable,Not a Cyclist,Not Applicable,Not Applicable,Not Applicable,8,Not Applicable,100,Unusual Circumstances,0,Not a Cyclist,
39,390780,0,2,5,Pedestrian,23,Female,None Noted,None Noted,None Noted,230,Disabled Vehicle-Related,0,Not a Cyclist,Not At Intersection,Not a Cyclist,Paved Shoulder/Bicycle Lane/Parking Lane,Not a Cyclist,Not Applicable,Not a Cyclist,Not Applicable,Not Applicable,Not Applicable,8,Not Applicable,100,Unusual Circumstances,0,Not a Cyclist,
39,390780,0,1,5,Pedestrian,27,Female,None Noted,None Noted,None Noted,230,Disabled Vehicle-Related,0,Not a Cyclist,Not At Intersection,Not a Cyclist,Paved Shoulder/Bicycle Lane/Parking Lane,Not a Cyclist,Not Applicable,Not a Cyclist,Not Applicable,Not Applicable,Not Applicable,8,Not Applicable,100,Unusual Circumstances,0,Not a Cyclist,
36,360548,0,1,5,Pedestrian,62,Male,None Noted,None Noted,None Noted,230,Disabled Vehicle-Related,0,Not a Cyclist,Not At Intersection,Not a Cyclist,Paved Shoulder/Bicycle Lane/Parking Lane,Not a Cyclist,Not Applicable,Not a Cyclist,Not Applicable,Not Applicable,Not Applicable,8,Not Applicable,100,Unusual Circumstances,0,Not a Cyclist,
40,400483,0,1,5,Pedestrian,26,Male,None Noted,None Noted,None Noted,230,Disabled Vehicle-Related,0,Not a Cyclist,Not At Intersection,Not a Cyclist,Paved Shoulder/Bicycle Lane/Parking Lane,Not a Cyclist,Not Applicable,Not a Cyclist,Not Applicable,Not Applicable,Not Applicable,8,Not Applicable,100,Unusual Circumstances,0,Not a Cyclist,
37,370455,0,1,5,Pedestrian,52,Male,None Noted,None Noted,None Noted,140,Vehicle-Vehicle/Object,0,Not a Cyclist,Not At Intersection,Not a Cyclist,Paved Shoulder/Bicycle Lane/Parking Lane,Not a Cyclist,Not Applicable,Not a Cyclist,Not Applicable,Not Applicable,Not Applicable,8,Not Applicable,100,Unusual Circumstances,0,Not a Cyclist,
26,260558,0,1,5,Pedestrian,39,Male,None Noted,None Noted,None Noted,230,Disabled Vehicle-Related,0,Not a Cyclist,Not At Intersection,Not a Cyclist,Paved Shoulder/Bicycle Lane/Parking Lane,Not a Cyclist,Not Applicable,Not a Cyclist,Not Applicable,Not Applicable,Not Applicable,8,Not Applicable,100,Unusual Circumstances,0,Not a Cyclist,
34,340538,0,1,5,Pedestrian,28,Male,None Noted,None Noted,None Noted,230,Disabled Vehicle-Related,0,Not a Cyclist,Not At Intersection,Not a Cyclist,Paved Shoulder/Bicycle Lane/Parking Lane,Not a Cyclist,Not Applicable,Not a Cyclist,Not Applicable,Not Applicable,Not Applicable,8,Not Applicable,100,Unusual Circumstances,0,Not a Cyclist,
34,340525,0,1,5,Pedestrian,54,Male,None Noted,None Noted,None Noted,230,Disabled Vehicle-Related,0,Not a Cyclist,Not At Intersection,Not a Cyclist,Paved Shoulder/Bicycle Lane/Parking Lane,Not a Cyclist,Not Applicable,Not a Cyclist,Not Applicable,Not Applicable,Not Applicable,8,Not Applicable,100,Unusual Circumstances,0,Not a Cyclist,
48,481510,0,1,5,Pedestrian,21,Female,None Noted,None Noted,None Noted,230,Disabled Vehicle-Related,0,Not a Cyclist,Not At Intersection,Not a Cyclist,Paved Shoulder/Bicycle Lane/Parking Lane,Not a Cyclist,Not Applicable,Not a Cyclist,Not Applicable,Not Applicable,Not Applicable,8,Not Applicable,100,Unusual Circumstances,0,Not a Cyclist,
28,280160,0,2,5,Pedestrian,27,Female,None Noted,None Noted,None Noted,230,Disabled Vehicle-Related,0,Not a Cyclist,Not At Intersection,Not a Cyclist,Paved Shoulder/Bicycle Lane/Parking Lane,Not a Cyclist,Not Applicable,Not a Cyclist,Not Applicable,Not Applicable,Not Applicable,8,Not Applicable,100,Unusual Circumstances,0,Not a Cyclist,
28,280160,0,1,5,Pedestrian,26,Female,None Noted,None Noted,None Noted,230,Disabled Vehicle-Related,0,Not a Cyclist,Not At Intersection,Not a Cyclist,Paved Shoulder/Bicycle Lane/Parking Lane,Not a Cyclist,Not Applicable,Not a Cyclist,Not Applicable,Not Applicable,Not Applicable,8,Not Applicable,100,Unusual Circumstances,0,Not a Cyclist,
39,390901,0,1,5,Pedestrian,46,Female,None Noted,None Noted,None Noted,230,Disabled Vehicle-Related,0,Not a Cyclist,Not At Intersection,Not a Cyclist,Paved Shoulder/Bicycle Lane/Parking Lane,Not a Cyclist,Not Applicable,Not a Cyclist,Not Applicable,Not Applicable,Not Applicable,8,Not Applicable,100,Unusual Circumstances,0,Not a Cyclist,
18,180730,0,2,5,Pedestrian,15,Male,None Noted,None Noted,None Noted,230,Disabled Vehicle-Related,0,Not a Cyclist,Not At Intersection,Not a Cyclist,Paved Shoulder/Bicycle Lane/Parking Lane,Not a Cyclist,Not Applicable,Not a Cyclist,Not Applicable,Not Applicable,Not Applicable,8,Not Applicable,100,Unusual Circumstances,0,Not a Cyclist,
18,180730,0,1,5,Pedestrian,40,Female,None Noted,None Noted,None Noted,230,Disabled Vehicle-Related,0,Not a Cyclist,Not At Intersection,Not a Cyclist,Paved Shoulder/Bicycle Lane/Parking Lane,Not a Cyclist,Not Applicable,Not a Cyclist,Not Applicable,Not Applicable,Not Applicable,8,Not Applicable,100,Unusual Circumstances,0,Not a Cyclist,
22,220455,0,2,5,Pedestrian,35,Male,None Noted,None Noted,None Noted,230,Disabled Vehicle-Related,0,Not a Cyclist,Not At Intersection,Not a Cyclist,Paved Shoulder/Bicycle Lane/Parking Lane,Not a Cyclist,Not Applicable,Not a Cyclist,Not Applicable,Not Applicable,Not Applicable,8,Not Applicable,100,Unusual Circumstances,0,Not a Cyclist,
22,220455,0,1,5,Pedestrian,32,Male,None Noted,None Noted,None Noted,230,Disabled Vehicle-Related,0,Not a Cyclist,Not At Intersection,Not a Cyclist,Paved Shoulder/Bicycle Lane/Parking Lane,Not a Cyclist,Not Applicable,Not a Cyclist,Not Applicable,Not Applicable,Not Applicable,8,Not Applicable,100,Unusual Circumstances,0,Not a Cyclist,
24,240472,0,2,5,Pedestrian,56,Male,None Noted,None Noted,None Noted,230,Disabled Vehicle-Related,0,Not a Cyclist,Not At Intersection,Not a Cyclist,Paved Shoulder/Bicycle Lane/Parking Lane,Not a Cyclist,Not Applicable,Not a Cyclist,Not Applicable,Not Applicable,Not Applicable,8,Not Applicable,100,Unusual Circumstances,0,Not a Cyclist,
24,240472,0,1,5,Pedestrian,32,Male,None Noted,None Noted,None Noted,230,Disabled Vehicle-Related,0,Not a Cyclist,Not At Intersection,Not a Cyclist,Paved Shoulder/Bicycle Lane/Parking Lane,Not a Cyclist,Not Applicable,Not a Cyclist,Not Applicable,Not Applicable,Not Applicable,8,Not Applicable,100,Unusual Circumstances,0,Not a Cyclist,
13,130710,0,1,5,Pedestrian,20,Male,None Noted,None Noted,None Noted,230,Disabled Vehicle-Related,0,Not a Cyclist,Not At Intersection,Not a Cyclist,Paved Shoulder/Bicycle Lane/Parking Lane,Not a Cyclist,Not Applicable,Not a Cyclist,Not Applicable,Not Applicable,Not Applicable,8,Not Applicable,100,Unusual Circumstances,0,Not a Cyclist,
24,240162,0,1,5,Pedestrian,39,Male,None Noted,None Noted,None Noted,230,Disabled Vehicle-Related,0,Not a Cyclist,Not At Intersection,Not a Cyclist,Paved Shoulder/Bicycle Lane/Parking Lane,Not a Cyclist,Not Applicable,Not a Cyclist,Not Applicable,Not Applicable,Not Applicable,8,Not Applicable,100,Unusual Circumstances,0,Not a Cyclist,