state_number,consecutive_number,vehicle_number,person_number,person_type,person_type_name,age,sex,marked_crosswalk_present,sidewalk_present,school_zone,crash_type_pedestrian,crash_type_pedestrian_name,crash_type_bicycle,crash_type_bicycle_name,crash_location_pedestrian,crash_location_bicycle,pedestrian_position,bicyclist_position,pedestrian_initial_direction_of_travel,bicyclist_initial_direction_of_travel,motorist_initial_direction_of_travel,motorist_maneuver,intersection_leg,pedestrian_scenario,pedestrian_scenario_name,crash_group_pedestrian,crash_group_pedestrian_name,crash_group_bicycle,crash_group_bicycle_name
48,481892,0,1,5,Pedestrian,45,Male,None Noted,None Noted,None Noted,459,Walking/Running Along Roadway – Direction/Position Unknown,0,Not a Cyclist,Not At Intersection,Not a Cyclist,Paved Shoulder/Bicycle Lane/Parking Lane,Not a Cyclist,Not Applicable,Not a Cyclist,Not Applicable,Not Applicable,Not Applicable,8,Not Applicable,400,Walking/Running Along Roadway,0,Not a Cyclist,
48,480723,0,2,5,Pedestrian,21,Male,None Noted,None Noted,None Noted,459,Walking/Running Along Roadway – Direction/Position Unknown,0,Not a Cyclist,Not At Intersection,Not a Cyclist,Paved Shoulder/Bicycle Lane/Parking Lane,Not a Cyclist,Not Applicable,Not a Cyclist,Not Applicable,Not Applicable,Not Applicable,8,Not Applicable,400,Walking/Running Along Roadway,0,Not a Cyclist,
48,480723,0,1,5,Pedestrian,36,Female,None Noted,None Noted,None Noted,459,Walking/Running Along Roadway – Direction/Position Unknown,0,Not a Cyclist,Not At Intersection,Not a Cyclist,Paved Shoulder/Bicycle Lane/Parking Lane,Not a Cyclist,Not Applicable,Not a Cyclist,Not Applicable,Not Applicable,Not Applicable,8,Not Applicable,400,Walking/Running Along Roadway,0,Not a Cyclist,
48,482951,0,1,5,Pedestrian,59,Male,None Noted,None Noted,None Noted,459,Walking/Running Along Roadway – Direction/Position Unknown,0,Not a Cyclist,Not At Intersection,Not a Cyclist,Paved Shoulder/Bicycle Lane/Parking Lane,Not a Cyclist,Not Applicable,Not a Cyclist,Not Applicable,Not Applicable,Not Applicable,8,Not Applicable,400,Walking/Running Along Roadway,0,Not a Cyclist,
17,170661,0,1,5,Pedestrian,35,Male,None Noted,None Noted,None Noted,459,Walking/Running Along Roadway – Direction/Position Unknown,0,Not a Cyclist,Not At Intersection,Not a Cyclist,Paved Shoulder/Bicycle Lane/Parking Lane,Not a Cyclist,Not Applicable,Not a Cyclist,Not Applicable,Not Applicable,Not Applicable,8,Not Applicable,400,Walking/Running Along Roadway,0,Not a Cyclist,
13,130437,0,1,5,Pedestrian,56,Male,None Noted,Yes,None Noted,410,Walking/Running Along Roadway With Traffic – From Behind,0,Not a Cyclist,Not At Intersection,Not a Cyclist,Paved Shoulder/Bicycle Lane/Parking Lane,Not a Cyclist,Not Applicable,Not a Cyclist,Not Applicable,Not Applicable,Not Applicable,8,Not Applicable,400,Walking/Running Along Roadway,0,Not a Cyclist,
12,120859,0,1,5,Pedestrian,36,Male,None Noted,None Noted,None Noted,410,Walking/Running Along Roadway With Traffic – From Behind,0,Not a Cyclist,Not At Intersection,Not a Cyclist,Paved Shoulder/Bicycle Lane/Parking Lane,Not a Cyclist,Not Applicable,Not a Cyclist,Not Applicable,Not Applicable,Not Applicable,8,Not Applicable,400,Walking/Running Along Roadway,0,Not a Cyclist,
15,150019,0,1,5,Pedestrian,19,Female,None Noted,None Noted,None Noted,410,Walking/Running Along Roadway With Traffic – From Behind,0,Not a Cyclist,Not At Intersection,Not a Cyclist,Paved Shoulder/Bicycle Lane/Parking Lane,Not a Cyclist,Not Applicable,Not a Cyclist,Not Applicable,Not Applicable,Not Applicable,8,Not Applicable,400,Walking/Running Along Roadway,0,Not a Cyclist,
36,360382,0,1,5,Pedestrian,16,Female,None Noted,None Noted,None Noted,440,Walking/Running Along Roadway Against Traffic – From Front,0,Not a Cyclist,Not At Intersection,Not a Cyclist,Paved Shoulder/Bicycle Lane/Parking Lane,Not a Cyclist,Not Applicable,Not a Cyclist,Not Applicable,Not Applicable,Not Applicable,8,Not Applicable,400,Walking/Running Along Roadway,0,Not a Cyclist,
12,123110,0,1,5,Pedestrian,53,Male,None Noted,None Noted,None Noted,410,Walking/Running Along Roadway With Traffic – From Behind,0,Not a Cyclist,Not At Intersection,Not a Cyclist,Paved Shoulder/Bicycle Lane/Parking Lane,Not a Cyclist,Not Applicable,Not a Cyclist,Not Applicable,Not Applicable,Not Applicable,8,Not Applicable,400,Walking/Running Along Roadway,0,Not a Cyclist,
36,360690,0,2,5,Pedestrian,36,Male,None Noted,None Noted,None Noted,440,Walking/Running Along Roadway Against Traffic – From Front,0,Not a Cyclist,Not At Intersection,Not a Cyclist,Paved Shoulder/Bicycle Lane/Parking Lane,Not a Cyclist,Not Applicable,Not a Cyclist,Not Applicable,Not Applicable,Not Applicable,8,Not Applicable,400,Walking/Running Along Roadway,0,Not a Cyclist,
48,481507,0,1,5,Pedestrian,48,Male,None Noted,None Noted,None Noted,410,Walking/Running Along Roadway With Traffic – From Behind,0,Not a Cyclist,Not At Intersection,Not a Cyclist,Paved Shoulder/Bicycle Lane/Parking Lane,Not a Cyclist,Not Applicable,Not a Cyclist,Not Applicable,Not Applicable,Not Applicable,8,Not Applicable,400,Walking/Running Along Roadway,0,Not a Cyclist,
48,482370,0,1,5,Pedestrian,32,Female,None Noted,None Noted,None Noted,410,Walking/Running Along Roadway With Traffic – From Behind,0,Not a Cyclist,Not At Intersection,Not a Cyclist,Paved Shoulder/Bicycle Lane/Parking Lane,Not a Cyclist,Not Applicable,Not a Cyclist,Not Applicable,Not Applicable,Not Applicable,8,Not Applicable,400,Walking/Running Along Roadway,0,Not a Cyclist,
48,482439,0,1,5,Pedestrian,55,Female,None Noted,None Noted,None Noted,410,Walking/Running Along Roadway With Traffic – From Behind,0,Not a Cyclist,Not At Intersection,Not a Cyclist,Paved Shoulder/Bicycle Lane/Parking Lane,Not a Cyclist,Not Applicable,Not a Cyclist,Not Applicable,Not Applicable,Not Applicable,8,Not Applicable,400,Walking/Running Along Roadway,0,Not a Cyclist,
22,220710,0,1,5,Pedestrian,51,Male,None Noted,None Noted,None Noted,440,Walking/Running Along Roadway Against Traffic – From Front,0,Not a Cyclist,Not At Intersection,Not a Cyclist,Paved Shoulder/Bicycle Lane/Parking Lane,Not a Cyclist,Not Applicable,Not a Cyclist,Not Applicable,Not Applicable,Not Applicable,8,Not Applicable,400,Walking/Running Along Roadway,0,Not a Cyclist,
22,220531,0,1,5,Pedestrian,25,Male,None Noted,None Noted,None Noted,410,Walking/Running Along Roadway With Traffic – From Behind,0,Not a Cyclist,Not At Intersection,Not a Cyclist,Paved Shoulder/Bicycle Lane/Parking Lane,Not a Cyclist,Not Applicable,Not a Cyclist,Not Applicable,Not Applicable,Not Applicable,8,Not Applicable,400,Walking/Running Along Roadway,0,Not a Cyclist,
23,230001,0,1,5,Pedestrian,21,Female,None Noted,None Noted,None Noted,410,Walking/Running Along Roadway With Traffic – From Behind,0,Not a Cyclist,Not At Intersection,Not a Cyclist,Paved Shoulder/Bicycle Lane/Parking Lane,Not a Cyclist,Not Applicable,Not a Cyclist,Not Applicable,Not Applicable,Not Applicable,8,Not Applicable,400,Walking/Running Along Roadway,0,Not a Cyclist,
22,220305,0,1,5,Pedestrian,22,Male,None Noted,None Noted,None Noted,410,Walking/Running Along Roadway With Traffic – From Behind,0,Not a Cyclist,Not At Intersection,Not a Cyclist,Paved Shoulder/Bicycle Lane/Parking Lane,Not a Cyclist,Not Applicable,Not a Cyclist,Not Applicable,Not Applicable,Not Applicable,8,Not Applicable,400,Walking/Running Along Roadway,0,Not a Cyclist,
20,200247,0,1,5,Pedestrian,60,Male,None Noted,None Noted,None Noted,410,Walking/Running Along Roadway With Traffic – From Behind,0,Not a Cyclist,Not At Intersection,Not a Cyclist,Paved Shoulder/Bicycle Lane/Parking Lane,Not a Cyclist,Not Applicable,Not a Cyclist,Not Applicable,Not Applicable,Not Applicable,8,Not Applicable,400,Walking/Running Along Roadway,0,Not a Cyclist,
24,240097,0,1,5,Pedestrian,30,Male,None Noted,None Noted,None Noted,440,Walking/Running Along Roadway Against Traffic – From Front,0,Not a Cyclist,Not At Intersection,Not a Cyclist,Paved Shoulder/Bicycle Lane/Parking Lane,Not a Cyclist,Not Applicable,Not a Cyclist,Not Applicable,Not Applicable,Not Applicable,8,Not Applicable,400,Walking/Running Along Roadway,0,Not a Cyclist,
4,40103,0,1,5,Pedestrian,28,Male,None Noted,Yes,None Noted,760,Pedestrian Failed to Yield,0,Not a Cyclist,Not At Intersection,Not a Cyclist,Paved Shoulder/Bicycle Lane/Parking Lane,Not a Cyclist,Not Applicable,Not a Cyclist,Not Applicable,Not Applicable,Not Applicable,8,Not Applicable,750,Crossing Roadway – Vehicle Not Turning,0,Not a Cyclist,
27,270100,0,1,5,Pedestrian,37,Male,None Noted,Yes,None Noted,330,Mailbox-Related,0,Not a Cyclist,Not At Intersection,Not a Cyclist,Sidewalk/Shared-Use Path/Driveway Access,Not a Cyclist,Not Applicable,Not a Cyclist,Not Applicable,Not Applicable,Not Applicable,8,Not Applicable,350,Unique Midblock,0,Not a Cyclist,
25,250328,0,1,5,Pedestrian,68,Male,None Noted,None Noted,None Noted,330,Mailbox-Related,0,Not a Cyclist,Not At Intersection,Not a Cyclist,Sidewalk/Shared-Use Path/Driveway Access,Not a Cyclist,Not Applicable,Not a Cyclist,Not Applicable,Not Applicable,Not Applicable,8,Not Applicable,350,Unique Midblock,0,Not a Cyclist,
41,410301,0,1,5,Pedestrian,91,Female,None Noted,None Noted,None Noted,330,Mailbox-Related,0,Not a Cyclist,Not At Intersection,Not a Cyclist,Sidewalk/Shared-Use Path/Driveway Access,Not a Cyclist,Not Applicable,Not a Cyclist,Not Applicable,Not Applicable,Not Applicable,8,Not Applicable,350,Unique Midblock,0,Not a Cyclist,
29,290868,0,1,5,Pedestrian,1,Male,None Noted,None Noted,None Noted,312,Playing in Roadway,0,Not a Cyclist,Not At Intersection,Not a Cyclist,Sidewalk/Shared-Use Path/Driveway Access,Not a Cyclist,Not Applicable,Not a Cyclist,Not Applicable,Not Applicable,Not Applicable,8,Not Applicable,310,Working or Playing in Roadway,0,Not a Cyclist,
18,180358,0,2,5,Pedestrian,27,Male,None Noted,Yes,None Noted,120,Dispute-Related,0,Not a Cyclist,Not At Intersection,Not a Cyclist,Sidewalk/Shared-Use Path/Driveway Access,Not a Cyclist,Not Applicable,Not a Cyclist,Not Applicable,Not Applicable,Not Applicable,8,Not Applicable,100,Unusual Circumstances,0,Not a Cyclist,
18,180358,0,3,5,Pedestrian,33,Male,None Noted,Yes,None Noted,120,Dispute-Related,0,Not a Cyclist,Not At Intersection,Not a Cyclist,Sidewalk/Shared-Use Path/Driveway Access,Not a Cyclist,Not Applicable,Not a Cyclist,Not Applicable,Not Applicable,Not Applicable,8,Not Applicable,100,Unusual Circumstances,0,Not a Cyclist,
18,180358,0,1,5,Pedestrian,22,Male,None Noted,Yes,None Noted,120,Dispute-Related,0,Not a Cyclist,Not At Intersection,Not a Cyclist,Sidewalk/Shared-Use Path/Driveway Access,Not a Cyclist,Not Applicable,Not a Cyclist,Not Applicable,Not Applicable,Not Applicable,8,Not Applicable,100,Unusual Circumstances,0,Not a Cyclist,
12,121056,0,1,5,Pedestrian,24,Female,None Noted,Yes,None Noted,140,Vehicle-Vehicle/Object,0,Not a Cyclist,Not At Intersection,Not a Cyclist,Sidewalk/Shared-Use Path/Driveway Access,Not a Cyclist,Not Applicable,Not a Cyclist,Not Applicable,Not Applicable,Not Applicable,8,Not Applicable,100,Unusual Circumstances,0,Not a Cyclist,
24,240488,0,1,5,Pedestrian,85,Male,None Noted,Yes,None Noted,140,Vehicle-Vehicle/Object,0,Not a Cyclist,Not At Intersection,Not a Cyclist,Sidewalk/Shared-Use Path/Driveway Access,Not a Cyclist,Not Applicable,Not a Cyclist,Not Applicable,Not Applicable,Not Applicable,8,Not Applicable,100,Unusual Circumstances,0,Not a Cyclist,
26,260311,0,1,8,Person on Personal Conveyances,49,Male,None Noted,Yes,None Noted,140,Vehicle-Vehicle/Object,0,Not a Cyclist,Not At Intersection,Not a Cyclist,Sidewalk/Shared-Use Path/Driveway Access,Not a Cyclist,Not Applicable,Not a Cyclist,Not Applicable,Not Applicable,Not Applicable,8,Not Applicable,100,Unusual Circumstances,0,Not a Cyclist,
9,90263,0,1,5,Pedestrian,22,Female,None Noted,Yes,None Noted,140,Vehicle-Vehicle/Object,0,Not a Cyclist,Not At Intersection,Not a Cyclist,Sidewalk/Shared-Use Path/Driveway Access,Not a Cyclist,Not Applicable,Not a Cyclist,Not Applicable,Not Applicable,Not Applicable,8,Not Applicable,100,Unusual Circumstances,0,Not a Cyclist,
9,90263,0,2,5,Pedestrian,21,Male,None Noted,Yes,None Noted,140,Vehicle-Vehicle/Object,0,Not a Cyclist,Not At Intersection,Not a Cyclist,Sidewalk/Shared-Use Path/Driveway Access,Not a Cyclist,Not Applicable,Not a Cyclist,Not Applicable,Not Applicable,Not Applicable,8,Not Applicable,100,Unusual Circumstances,0,Not a Cyclist,
36,360061,0,2,5,Pedestrian,48,Male,None Noted,Yes,None Noted,140,Vehicle-Vehicle/Object,0,Not a Cyclist,Not At Intersection,Not a Cyclist,Sidewalk/Shared-Use Path/Driveway Access,Not a Cyclist,Not Applicable,Not a Cyclist,Not Applicable,Not Applicable,Not Applicable,8,Not Applicable,100,Unusual Circumstances,0,Not a Cyclist,
45,450895,0,1,5,Pedestrian,27,Female,None Noted,Yes,None Noted,140,Vehicle-Vehicle/Object,0,Not a Cyclist,Not At Intersection,Not a Cyclist,Sidewalk/Shared-Use Path/Driveway Access,Not a Cyclist,Not Applicable,Not a Cyclist,Not Applicable,Not Applicable,Not Applicable,8,Not Applicable,100,Unusual Circumstances,0,Not a Cyclist,
48,482520,0,1,5,Pedestrian,59,Male,Yes,Yes,None Noted,140,Vehicle-Vehicle/Object,0,Not a Cyclist,Not At Intersection,Not a Cyclist,Sidewalk/Shared-Use Path/Driveway Access,Not a Cyclist,Not Applicable,Not a Cyclist,Not Applicable,Not Applicable,Not Applicable,8,Not Applicable,100,Unusual Circumstances,0,Not a Cyclist,
36,360061,0,1,5,Pedestrian,50,Female,None Noted,Yes,None Noted,140,Vehicle-Vehicle/Object,0,Not a Cyclist,Not At Intersection,Not a Cyclist,Sidewalk/Shared-Use Path/Driveway Access,Not a Cyclist,Not Applicable,Not a Cyclist,Not Applicable,Not Applicable,Not Applicable,8,Not Applicable,100,Unusual Circumstances,0,Not a Cyclist,
32,320102,0,1,5,Pedestrian,31,Male,None Noted,Yes,None Noted,140,Vehicle-Vehicle/Object,0,Not a Cyclist,Not At Intersection,Not a Cyclist,Sidewalk/Shared-Use Path/Driveway Access,Not a Cyclist,Not Applicable,Not a Cyclist,Not Applicable,Not Applicable,Not Applicable,8,Not Applicable,100,Unusual Circumstances,0,Not a Cyclist,
48,482697,0,1,5,Pedestrian,60,Male,None Noted,Yes,None Noted,140,Vehicle-Vehicle/Object,0,Not a Cyclist,Not At Intersection,Not a Cyclist,Sidewalk/Shared-Use Path/Driveway Access,Not a Cyclist,Not Applicable,Not a Cyclist,Not Applicable,Not Applicable,Not Applicable,8,Not Applicable,100,Unusual Circumstances,0,Not a Cyclist,
36,360061,0,3,5,Pedestrian,56,Male,None Noted,Yes,None Noted,140,Vehicle-Vehicle/Object,0,Not a Cyclist,Not At Intersection,Not a Cyclist,Sidewalk/Shared-Use Path/Driveway Access,Not a Cyclist,Not Applicable,Not a Cyclist,Not Applicable,Not Applicable,Not Applicable,8,Not Applicable,100,Unusual Circumstances,0,Not a Cyclist,
34,340210,0,1,5,Pedestrian,25,Female,None Noted,Yes,Unknown,150,Motor Vehicle Loss of Control,0,Not a Cyclist,Not At Intersection,Not a Cyclist,Sidewalk/Shared-Use Path/Driveway Access,Not a Cyclist,Not Applicable,Not a Cyclist,Not Applicable,Not Applicable,Not Applicable,8,Not Applicable,100,Unusual Circumstances,0,Not a Cyclist,
34,340184,0,2,5,Pedestrian,63,Male,Yes,Yes,None Noted,150,Motor Vehicle Loss of Control,0,Not a Cyclist,Intersection-Related,Not a Cyclist,Sidewalk/Shared-Use Path/Driveway Access,Not a Cyclist,Not Applicable,Not a Cyclist,Westbound,Unknown Motorist Maneuver,Not Applicable,8,Not Applicable,100,Unusual Circumstances,0,Not a Cyclist,
15,150057,0,1,5,Pedestrian,73,Male,None Noted,Yes,None Noted,150,Motor Vehicle Loss of Control,0,Not a Cyclist,Not At Intersection,Not a Cyclist,Sidewalk/Shared-Use Path/Driveway Access,Not a Cyclist,Not Applicable,Not a Cyclist,Not Applicable,Not Applicable,Not Applicable,8,Not Applicable,100,Unusual Circumstances,0,Not a Cyclist,
12,121056,0,2,5,Pedestrian,1,Male,None Noted,Yes,None Noted,140,Vehicle-Vehicle/Object,0,Not a Cyclist,Not At Intersection,Not a Cyclist,Sidewalk/Shared-Use Path/Driveway Access,Not a Cyclist,Not Applicable,Not a Cyclist,Not Applicable,Not Applicable,Not Applicable,8,Not Applicable,100,Unusual Circumstances,0,Not a Cyclist,
21,210602,0,1,5,Pedestrian,37,Male,None Noted,Yes,None Noted,150,Motor Vehicle Loss of Control,0,Not a Cyclist,Not At Intersection,Not a Cyclist,Sidewalk/Shared-Use Path/Driveway Access,Not a Cyclist,Not Applicable,Not a Cyclist,Not Applicable,Not Applicable,Not Applicable,8,Not Applicable,100,Unusual Circumstances,0,Not a Cyclist,
21,210602,0,2,5,Pedestrian,56,Male,None Noted,Yes,None Noted,150,Motor Vehicle Loss of Control,0,Not a Cyclist,Not At Intersection,Not a Cyclist,Sidewalk/Shared-Use Path/Driveway Access,Not a Cyclist,Not Applicable,Not a Cyclist,Not Applicable,Not Applicable,Not Applicable,8,Not Applicable,100,Unusual Circumstances,0,Not a Cyclist,
34,340184,0,1,5,Pedestrian,69,Male,Yes,Yes,None Noted,150,Motor Vehicle Loss of Control,0,Not a Cyclist,Intersection-Related,Not a Cyclist,Sidewalk/Shared-Use Path/Driveway Access,Not a Cyclist,Not Applicable,Not a Cyclist,Westbound,Unknown Motorist Maneuver,Not Applicable,8,Not Applicable,100,Unusual Circumstances,0,Not a Cyclist,
34,340349,0,1,5,Pedestrian,41,Female,None Noted,Yes,Unknown,140,Vehicle-Vehicle/Object,0,Not a Cyclist,Not At Intersection,Not a Cyclist,Sidewalk/Shared-Use Path/Driveway Access,Not a Cyclist,Not Applicable,Not a Cyclist,Not Applicable,Not Applicable,Not Applicable,8,Not Applicable,100,Unusual Circumstances,0,Not a Cyclist,
53,530453,0,1,5,Pedestrian,42,Male,Yes,Yes,None Noted,150,Motor Vehicle Loss of Control,0,Not a Cyclist,Intersection-Related,Not a Cyclist,Sidewalk/Shared-Use Path/Driveway Access,Not a Cyclist,Not Applicable,Not a Cyclist,Eastbound,Unknown Motorist Maneuver,Not Applicable,8,Not Applicable,100,Unusual Circumstances,0,Not a Cyclist,
15,150021,0,1,5,Pedestrian,56,Male,None Noted,Yes,None Noted,160,Pedestrian Loss of Control,0,Not a Cyclist,Not At Intersection,Not a Cyclist,Sidewalk/Shared-Use Path/Driveway Access,Not a Cyclist,Not Applicable,Not a Cyclist,Not Applicable,Not Applicable,Not Applicable,8,Not Applicable,100,Unusual Circumstances,0,Not a Cyclist,
9,90217,0,1,5,Pedestrian,21,Male,None Noted,None Noted,None Noted,220,Driverless Vehicle,0,Not a Cyclist,Not At Intersection,Not a Cyclist,Sidewalk/Shared-Use Path/Driveway Access,Not a Cyclist,Not Applicable,Not a Cyclist,Not Applicable,Not Applicable,Not Applicable,8,Not Applicable,100,Unusual Circumstances,0,Not a Cyclist,
48,480227,0,1,5,Pedestrian,83,Male,None Noted,None Noted,None Noted,220,Driverless Vehicle,0,Not a Cyclist,Not At Intersection,Not a Cyclist,Sidewalk/Shared-Use Path/Driveway Access,Not a Cyclist,Not Applicable,Not a Cyclist,Not Applicable,Not Applicable,Not Applicable,8,Not Applicable,100,Unusual Circumstances,0,Not a Cyclist,
17,170532,0,1,5,Pedestrian,15,Male,None Noted,Yes,None Noted,140,Vehicle-Vehicle/Object,0,Not a Cyclist,Intersection-Related,Not a Cyclist,Sidewalk/Shared-Use Path/Driveway Access,Not a Cyclist,Not Applicable,Not a Cyclist,Eastbound,Unknown Motorist Maneuver,Not Applicable,8,Not Applicable,100,Unusual Circumstances,0,Not a Cyclist,
9,90057,0,1,5,Pedestrian,72,Female,None Noted,None Noted,None Noted,220,Driverless Vehicle,0,Not a Cyclist,Not At Intersection,Not a Cyclist,Sidewalk/Shared-Use Path/Driveway Access,Not a Cyclist,Not Applicable,Not a Cyclist,Not Applicable,Not Applicable,Not Applicable,8,Not Applicable,100,Unusual Circumstances,0,Not a Cyclist,
12,122019,0,1,5,Pedestrian,95,Female,None Noted,None Noted,None Noted,220,Driverless Vehicle,0,Not a Cyclist,Not At Intersection,Not a Cyclist,Sidewalk/Shared-Use Path/Driveway Access,Not a Cyclist,Not Applicable,Not a Cyclist,Not Applicable,Not Applicable,Not Applicable,8,Not Applicable,100,Unusual Circumstances,0,Not a Cyclist,
47,470165,0,1,5,Pedestrian,55,Male,None Noted,Yes,None Noted,190,Other Unusual Circumstances,0,Not a Cyclist,Not At Intersection,Not a Cyclist,Sidewalk/Shared-Use Path/Driveway Access,Not a Cyclist,Not Applicable,Not a Cyclist,Not Applicable,Not Applicable,Not Applicable,8,Not Applicable,100,Unusual Circumstances,0,Not a Cyclist,
13,130530,0,1,5,Pedestrian,21,Female,Yes,Yes,None Noted,140,Vehicle-Vehicle/Object,0,Not a Cyclist,Not At Intersection,Not a Cyclist,Sidewalk/Shared-Use Path/Driveway Access,Not a Cyclist,Not Applicable,Not a Cyclist,Not Applicable,Not Applicable,Not Applicable,8,Not Applicable,100,Unusual Circumstances,0,Not a Cyclist,
48,481650,0,1,5,Pedestrian,39,Male,None Noted,Yes,None Noted,680,Not At Intersection – Other/Unknown,0,Not a Cyclist,Not At Intersection,Not a Cyclist,Sidewalk/Shared-Use Path/Driveway Access,Not a Cyclist,Not Applicable,Not a Cyclist,Not Applicable,Not Applicable,Not Applicable,8,Not Applicable,990,Other/Unknown – Insufficient Details,0,Not a Cyclist,
32,320073,0,1,8,Person on Personal Conveyances,68,Male,None Noted,Yes,None Noted,680,Not At Intersection – Other/Unknown,0,Not a Cyclist,Not At Intersection,Not a Cyclist,Sidewalk/Shared-Use Path/Driveway Access,Not a Cyclist,Not Applicable,Not a Cyclist,Not Applicable,Not Applicable,Not Applicable,8,Not Applicable,990,Other/Unknown – Insufficient Details,0,Not a Cyclist,
36,360444,0,2,5,Pedestrian,20,Female,None Noted,Yes,None Noted,680,Not At Intersection – Other/Unknown,0,Not a Cyclist,Not At Intersection,Not a Cyclist,Sidewalk/Shared-Use Path/Driveway Access,Not a Cyclist,Not Applicable,Not a Cyclist,Not Applicable,Not Applicable,Not Applicable,8,Not Applicable,990,Other/Unknown – Insufficient Details,0,Not a Cyclist,
36,360308,0,1,5,Pedestrian,50,Female,None Noted,Yes,None Noted,680,Not At Intersection – Other/Unknown,0,Not a Cyclist,Not At Intersection,Not a Cyclist,Sidewalk/Shared-Use Path/Driveway Access,Not a Cyclist,Not Applicable,Not a Cyclist,Not Applicable,Not Applicable,Not Applicable,8,Not Applicable,990,Other/Unknown – Insufficient Details,0,Not a Cyclist,
18,180616,0,2,5,Pedestrian,61,Male,None Noted,Yes,None Noted,680,Not At Intersection – Other/Unknown,0,Not a Cyclist,Not At Intersection,Not a Cyclist,Sidewalk/Shared-Use Path/Driveway Access,Not a Cyclist,Not Applicable,Not a Cyclist,Not Applicable,Not Applicable,Not Applicable,8,Not Applicable,990,Other/Unknown – Insufficient Details,0,Not a Cyclist,
18,180616,0,1,5,Pedestrian,59,Male,None Noted,Yes,None Noted,680,Not At Intersection – Other/Unknown,0,Not a Cyclist,Not At Intersection,Not a Cyclist,Sidewalk/Shared-Use Path/Driveway Access,Not a Cyclist,Not Applicable,Not a Cyclist,Not Applicable,Not Applicable,Not Applicable,8,Not Applicable,990,Other/Unknown – Insufficient Details,0,Not a Cyclist,
18,180616,0,3,5,Pedestrian,56,Male,None Noted,Yes,None Noted,680,Not At Intersection – Other/Unknown,0,Not a Cyclist,Not At Intersection,Not a Cyclist,Sidewalk/Shared-Use Path/Driveway Access,Not a Cyclist,Not Applicable,Not a Cyclist,Not Applicable,Not Applicable,Not Applicable,8,Not Applicable,990,Other/Unknown – Insufficient Details,0,Not a Cyclist,
48,480677,0,1,5,Pedestrian,69,Male,None Noted,Yes,None Noted,680,Not At Intersection – Other/Unknown,0,Not a Cyclist,Not At Intersection,Not a Cyclist,Sidewalk/Shared-Use Path/Driveway Access,Not a Cyclist,Not Applicable,Not a Cyclist,Not Applicable,Not Applicable,Not Applicable,8,Not Applicable,990,Other/Unknown – Insufficient Details,0,Not a Cyclist,
23,230065,0,1,5,Pedestrian,48,Male,None Noted,Yes,None Noted,680,Not At Intersection – Other/Unknown,0,Not a Cyclist,Not At Intersection,Not a Cyclist,Sidewalk/Shared-Use Path/Driveway Access,Not a Cyclist,Not Applicable,Not a Cyclist,Not Applicable,Not Applicable,Not Applicable,8,Not Applicable,990,Other/Unknown – Insufficient Details,0,Not a Cyclist,
42,420508,0,1,5,Pedestrian,50,Male,None Noted,Yes,None Noted,680,Not At Intersection – Other/Unknown,0,Not a Cyclist,Not At Intersection,Not a Cyclist,Sidewalk/Shared-Use Path/Driveway Access,Not a Cyclist,Not Applicable,Not a Cyclist,Not Applicable,Not Applicable,Not Applicable,8,Not Applicable,990,Other/Unknown – Insufficient Details,0,Not a Cyclist,
47,470456,0,1,5,Pedestrian,22,Male,None Noted,Yes,None Noted,680,Not At Intersection – Other/Unknown,0,Not a Cyclist,Not At Intersection,Not a Cyclist,Sidewalk/Shared-Use Path/Driveway Access,Not a Cyclist,Not Applicable,Not a Cyclist,Not Applicable,Not Applicable,Not Applicable,8,Not Applicable,990,Other/Unknown – Insufficient Details,0,Not a Cyclist,
12,121220,0,1,5,Pedestrian,55,Male,None Noted,None Noted,None Noted,680,Not At Intersection – Other/Unknown,0,Not a Cyclist,Not At Intersection,Not a Cyclist,Sidewalk/Shared-Use Path/Driveway Access,Not a Cyclist,Not Applicable,Not a Cyclist,Not Applicable,Not Applicable,Not Applicable,8,Not Applicable,990,Other/Unknown – Insufficient Details,0,Not a Cyclist,
53,530347,0,1,5,Pedestrian,63,Male,None Noted,Yes,None Noted,680,Not At Intersection – Other/Unknown,0,Not a Cyclist,Not At Intersection,Not a Cyclist,Sidewalk/Shared-Use Path/Driveway Access,Not a Cyclist,Not Applicable,Not a Cyclist,Not Applicable,Not Applicable,Not Applicable,8,Not Applicable,990,Other/Unknown – Insufficient Details,0,Not a Cyclist,
53,530347,0,2,5,Pedestrian,31,Female,None Noted,Yes,None Noted,680,Not At Intersection – Other/Unknown,0,Not a Cyclist,Not At Intersection,Not a Cyclist,Sidewalk/Shared-Use Path/Driveway Access,Not a Cyclist,Not Applicable,Not a Cyclist,Not Applicable,Not Applicable,Not Applicable,8,Not Applicable,990,Other/Unknown – Insufficient Details,0,Not a Cyclist,
36,360444,0,3,5,Pedestrian,22,Female,None Noted,Yes,None Noted,680,Not At Intersection – Other/Unknown,0,Not a Cyclist,Not At Intersection,Not a Cyclist,Sidewalk/Shared-Use Path/Driveway Access,Not a Cyclist,Not Applicable,Not a Cyclist,Not Applicable,Not Applicable,Not Applicable,8,Not Applicable,990,Other/Unknown – Insufficient Details,0,Not a Cyclist,
36,360444,0,1,5,Pedestrian,21,Male,None Noted,Yes,None Noted,680,Not At Intersection – Other/Unknown,0,Not a Cyclist,Not At Intersection,Not a Cyclist,Sidewalk/Shared-Use Path/Driveway Access,Not a Cyclist,Not Applicable,Not a Cyclist,Not Applicable,Not Applicable,Not Applicable,8,Not Applicable,990,Other/Unknown – Insufficient Details,0,Not a Cyclist,
36,360444,0,4,5,Pedestrian,28,Male,None Noted,Yes,None Noted,680,Not At Intersection – Other/Unknown,0,Not a Cyclist,Not At Intersection,Not a Cyclist,Sidewalk/Shared-Use Path/Driveway Access,Not a Cyclist,Not Applicable,Not a Cyclist,Not Applicable,Not Applicable,Not Applicable,8,Not Applicable,990,Other/Unknown – Insufficient Details,0,Not a Cyclist,
37,370254,0,1,5,Pedestrian,68,Male,None Noted,Yes,None Noted,680,Not At Intersection – Other/Unknown,0,Not a Cyclist,Not At Intersection,Not a Cyclist,Sidewalk/Shared-Use Path/Driveway Access,Not a Cyclist,Not Applicable,Not a Cyclist,Not Applicable,Not Applicable,Not Applicable,8,Not Applicable,990,Other/Unknown – Insufficient Details,0,Not a Cyclist,