state_number,consecutive_number,vehicle_number,person_number,person_type,person_type_name,age,sex,marked_crosswalk_present,sidewalk_present,school_zone,crash_type_pedestrian,crash_type_pedestrian_name,crash_type_bicycle,crash_type_bicycle_name,crash_location_pedestrian,crash_location_bicycle,pedestrian_position,bicyclist_position,pedestrian_initial_direction_of_travel,bicyclist_initial_direction_of_travel,motorist_initial_direction_of_travel,motorist_maneuver,intersection_leg,pedestrian_scenario,pedestrian_scenario_name,crash_group_pedestrian,crash_group_pedestrian_name,crash_group_bicycle,crash_group_bicycle_name
12,120880,0,1,5,Pedestrian,19,Female,None Noted,Yes,None Noted,410,Walking/Running Along Roadway With Traffic – From Behind,0,Not a Cyclist,Not At Intersection,Not a Cyclist,Sidewalk/Shared-Use Path/Driveway Access,Not a Cyclist,Not Applicable,Not a Cyclist,Not Applicable,Not Applicable,Not Applicable,8,Not Applicable,400,Walking/Running Along Roadway,0,Not a Cyclist,
12,120180,0,1,5,Pedestrian,59,Female,None Noted,Yes,None Noted,440,Walking/Running Along Roadway Against Traffic – From Front,0,Not a Cyclist,Not At Intersection,Not a Cyclist,Sidewalk/Shared-Use Path/Driveway Access,Not a Cyclist,Not Applicable,Not a Cyclist,Not Applicable,Not Applicable,Not Applicable,8,Not Applicable,400,Walking/Running Along Roadway,0,Not a Cyclist,
12,122650,0,2,5,Pedestrian,72,Male,None Noted,Yes,None Noted,410,Walking/Running Along Roadway With Traffic – From Behind,0,Not a Cyclist,Not At Intersection,Not a Cyclist,Sidewalk/Shared-Use Path/Driveway Access,Not a Cyclist,Not Applicable,Not a Cyclist,Not Applicable,Not Applicable,Not Applicable,8,Not Applicable,400,Walking/Running Along Roadway,0,Not a Cyclist,
12,122650,0,1,5,Pedestrian,73,Male,None Noted,Yes,None Noted,410,Walking/Running Along Roadway With Traffic – From Behind,0,Not a Cyclist,Not At Intersection,Not a Cyclist,Sidewalk/Shared-Use Path/Driveway Access,Not a Cyclist,Not Applicable,Not a Cyclist,Not Applicable,Not Applicable,Not Applicable,8,Not Applicable,400,Walking/Running Along Roadway,0,Not a Cyclist,
21,210198,0,1,5,Pedestrian,51,Male,None Noted,Yes,None Noted,410,Walking/Running Along Roadway With Traffic – From Behind,0,Not a Cyclist,Not At Intersection,Not a Cyclist,Sidewalk/Shared-Use Path/Driveway Access,Not a Cyclist,Not Applicable,Not a Cyclist,Not Applicable,Not Applicable,Not Applicable,8,Not Applicable,400,Walking/Running Along Roadway,0,Not a Cyclist,
12,120544,0,1,5,Pedestrian,38,Male,None Noted,Yes,None Noted,410,Walking/Running Along Roadway With Traffic – From Behind,0,Not a Cyclist,Not At Intersection,Not a Cyclist,Sidewalk/Shared-Use Path/Driveway Access,Not a Cyclist,Not Applicable,Not a Cyclist,Not Applicable,Not Applicable,Not Applicable,8,Not Applicable,400,Walking/Running Along Roadway,0,Not a Cyclist,
12,121147,0,1,8,Person on Personal Conveyances,87,Male,None Noted,Yes,None Noted,770,Motorist Failed to Yield,0,Not a Cyclist,Not At Intersection,Not a Cyclist,Sidewalk/Shared-Use Path/Driveway Access,Not a Cyclist,Not Applicable,Not a Cyclist,Not Applicable,Not Applicable,Not Applicable,8,Not Applicable,750,Crossing Roadway – Vehicle Not Turning,0,Not a Cyclist,
48,481912,0,1,6,Bicyclist,26,Male,None Noted,Yes,None Noted,0,Not a Pedestrian,970,Unknown Approach Paths,Not a Pedestrian,Intersection-Related,Not a Pedestrian,Unknown,Not a Pedestrian,Unknown,Not a Pedestrian,Not a Pedestrian,Not a Pedestrian,7,Not a Pedestrian,0,Not a Pedestrian,990,Other/Unknown – Insufficient Details,
12,120446,0,1,6,Bicyclist,50,Female,Yes,Yes,None Noted,0,Not a Pedestrian,158,Signalized Intersection – Other/Unknown,Not a Pedestrian,At Intersection,Not a Pedestrian,Sidewalk/Crosswalk/Driveway Access,Not a Pedestrian,Facing Traffic,Not a Pedestrian,Not a Pedestrian,Not a Pedestrian,7,Not a Pedestrian,0,Not a Pedestrian,190,Crossing Paths – Other Circumstances,
12,121291,0,1,6,Bicyclist,72,Male,Yes,None Noted,None Noted,0,Not a Pedestrian,158,Signalized Intersection – Other/Unknown,Not a Pedestrian,At Intersection,Not a Pedestrian,Sidewalk/Crosswalk/Driveway Access,Not a Pedestrian,With Traffic,Not a Pedestrian,Not a Pedestrian,Not a Pedestrian,7,Not a Pedestrian,0,Not a Pedestrian,190,Crossing Paths – Other Circumstances,
47,470662,0,1,6,Bicyclist,14,Male,None Noted,None Noted,None Noted,0,Not a Pedestrian,380,Crossing Paths – Midblock – Other/Unknown,Not a Pedestrian,Not At Intersection,Not a Pedestrian,Travel Lane,Not a Pedestrian,Unknown,Not a Pedestrian,Not a Pedestrian,Not a Pedestrian,7,Not a Pedestrian,0,Not a Pedestrian,190,Crossing Paths – Other Circumstances,
24,240324,0,1,6,Bicyclist,81,Male,Yes,None Noted,None Noted,0,Not a Pedestrian,380,Crossing Paths – Midblock – Other/Unknown,Not a Pedestrian,Not At Intersection,Not a Pedestrian,Sidewalk/Crosswalk/Driveway Access,Not a Pedestrian,Not Applicable,Not a Pedestrian,Not a Pedestrian,Not a Pedestrian,7,Not a Pedestrian,0,Not a Pedestrian,190,Crossing Paths – Other Circumstances,
36,360224,0,1,6,Bicyclist,29,Female,Yes,Yes,None Noted,0,Not a Pedestrian,380,Crossing Paths – Midblock – Other/Unknown,Not a Pedestrian,Not At Intersection,Not a Pedestrian,Unknown,Not a Pedestrian,Unknown,Not a Pedestrian,Not a Pedestrian,Not a Pedestrian,7,Not a Pedestrian,0,Not a Pedestrian,190,Crossing Paths – Other Circumstances,
12,121249,0,1,6,Bicyclist,72,Male,None Noted,None Noted,None Noted,0,Not a Pedestrian,380,Crossing Paths – Midblock – Other/Unknown,Not a Pedestrian,Not At Intersection,Not a Pedestrian,Travel Lane,Not a Pedestrian,With Traffic,Not a Pedestrian,Not a Pedestrian,Not a Pedestrian,7,Not a Pedestrian,0,Not a Pedestrian,190,Crossing Paths – Other Circumstances,
18,180719,0,1,6,Bicyclist,12,Male,None Noted,Yes,None Noted,0,Not a Pedestrian,970,Unknown Approach Paths,Not a Pedestrian,Not At Intersection,Not a Pedestrian,Travel Lane,Not a Pedestrian,Unknown,Not a Pedestrian,Not a Pedestrian,Not a Pedestrian,7,Not a Pedestrian,0,Not a Pedestrian,990,Other/Unknown – Insufficient Details,
17,170430,0,2,6,Bicyclist,52,Female,None Noted,None Noted,None Noted,0,Not a Pedestrian,970,Unknown Approach Paths,Not a Pedestrian,Not At Intersection,Not a Pedestrian,Travel Lane,Not a Pedestrian,Unknown,Not a Pedestrian,Not a Pedestrian,Not a Pedestrian,7,Not a Pedestrian,0,Not a Pedestrian,990,Other/Unknown – Insufficient Details,
17,170013,0,1,6,Bicyclist,26,Male,None Noted,None Noted,None Noted,0,Not a Pedestrian,970,Unknown Approach Paths,Not a Pedestrian,Not At Intersection,Not a Pedestrian,Unknown,Not a Pedestrian,With Traffic,Not a Pedestrian,Not a Pedestrian,Not a Pedestrian,7,Not a Pedestrian,0,Not a Pedestrian,990,Other/Unknown – Insufficient Details,
17,170430,0,1,6,Bicyclist,53,Male,None Noted,None Noted,None Noted,0,Not a Pedestrian,970,Unknown Approach Paths,Not a Pedestrian,Not At Intersection,Not a Pedestrian,Travel Lane,Not a Pedestrian,Unknown,Not a Pedestrian,Not a Pedestrian,Not a Pedestrian,7,Not a Pedestrian,0,Not a Pedestrian,990,Other/Unknown – Insufficient Details,
12,121672,0,1,6,Bicyclist,59,Male,None Noted,None Noted,None Noted,0,Not a Pedestrian,970,Unknown Approach Paths,Not a Pedestrian,Not At Intersection,Not a Pedestrian,Travel Lane,Not a Pedestrian,Unknown,Not a Pedestrian,Not a Pedestrian,Not a Pedestrian,7,Not a Pedestrian,0,Not a Pedestrian,990,Other/Unknown – Insufficient Details,
12,121691,0,1,6,Bicyclist,71,Male,None Noted,None Noted,None Noted,0,Not a Pedestrian,970,Unknown Approach Paths,Not a Pedestrian,At Intersection,Not a Pedestrian,Sidewalk/Crosswalk/Driveway Access,Not a Pedestrian,Unknown,Not a Pedestrian,Not a Pedestrian,Not a Pedestrian,7,Not a Pedestrian,0,Not a Pedestrian,990,Other/Unknown – Insufficient Details,
25,250181,0,1,6,Bicyclist,53,Female,None Noted,Yes,None Noted,0,Not a Pedestrian,970,Unknown Approach Paths,Not a Pedestrian,Not At Intersection,Not a Pedestrian,Travel Lane,Not a Pedestrian,Unknown,Not a Pedestrian,Not a Pedestrian,Not a Pedestrian,7,Not a Pedestrian,0,Not a Pedestrian,990,Other/Unknown – Insufficient Details,
39,390286,0,1,6,Bicyclist,54,Male,Yes,Yes,None Noted,0,Not a Pedestrian,158,Signalized Intersection – Other/Unknown,Not a Pedestrian,At Intersection,Not a Pedestrian,Travel Lane,Not a Pedestrian,Facing Traffic,Not a Pedestrian,Not a Pedestrian,Not a Pedestrian,7,Not a Pedestrian,0,Not a Pedestrian,190,Crossing Paths – Other Circumstances,
27,270218,0,1,6,Bicyclist,21,Male,None Noted,None Noted,None Noted,0,Not a Pedestrian,970,Unknown Approach Paths,Not a Pedestrian,Not At Intersection,Not a Pedestrian,Unknown,Not a Pedestrian,Unknown,Not a Pedestrian,Not a Pedestrian,Not a Pedestrian,7,Not a Pedestrian,0,Not a Pedestrian,990,Other/Unknown – Insufficient Details,
28,280196,0,1,6,Bicyclist,56,Male,None Noted,None Noted,None Noted,0,Not a Pedestrian,970,Unknown Approach Paths,Not a Pedestrian,Not At Intersection,Not a Pedestrian,Travel Lane,Not a Pedestrian,Unknown,Not a Pedestrian,Not a Pedestrian,Not a Pedestrian,7,Not a Pedestrian,0,Not a Pedestrian,990,Other/Unknown – Insufficient Details,
29,290237,0,1,6,Bicyclist,52,Male,None Noted,Yes,None Noted,0,Not a Pedestrian,970,Unknown Approach Paths,Not a Pedestrian,Not At Intersection,Not a Pedestrian,Sidewalk/Crosswalk/Driveway Access,Not a Pedestrian,Unknown,Not a Pedestrian,Not a Pedestrian,Not a Pedestrian,7,Not a Pedestrian,0,Not a Pedestrian,990,Other/Unknown – Insufficient Details,
36,360388,0,2,6,Bicyclist,26,Female,Yes,Yes,None Noted,0,Not a Pedestrian,970,Unknown Approach Paths,Not a Pedestrian,Intersection-Related,Not a Pedestrian,Sidewalk/Crosswalk/Driveway Access,Not a Pedestrian,Unknown,Not a Pedestrian,Not a Pedestrian,Not a Pedestrian,7,Not a Pedestrian,0,Not a Pedestrian,990,Other/Unknown – Insufficient Details,
36,360592,0,1,6,Bicyclist,25,Male,None Noted,None Noted,None Noted,0,Not a Pedestrian,970,Unknown Approach Paths,Not a Pedestrian,Not At Intersection,Not a Pedestrian,Travel Lane,Not a Pedestrian,With Traffic,Not a Pedestrian,Not a Pedestrian,Not a Pedestrian,7,Not a Pedestrian,0,Not a Pedestrian,990,Other/Unknown – Insufficient Details,
34,340566,0,1,6,Bicyclist,25,Male,Unknown,Unknown,None Noted,0,Not a Pedestrian,970,Unknown Approach Paths,Not a Pedestrian,Intersection-Related,Not a Pedestrian,Unknown,Not a Pedestrian,Unknown,Not a Pedestrian,Not a Pedestrian,Not a Pedestrian,7,Not a Pedestrian,0,Not a Pedestrian,990,Other/Unknown – Insufficient Details,
49,490127,0,1,6,Bicyclist,57,Female,Yes,Yes,None Noted,0,Not a Pedestrian,980,Unknown Location,Not a Pedestrian,Unknown/Insufficient Information,Not a Pedestrian,Unknown,Not a Pedestrian,Unknown,Not a Pedestrian,Not a Pedestrian,Not a Pedestrian,7,Not a Pedestrian,0,Not a Pedestrian,990,Other/Unknown – Insufficient Details,
20,200142,0,1,6,Bicyclist,39,Male,None Noted,None Noted,None Noted,0,Not a Pedestrian,970,Unknown Approach Paths,Not a Pedestrian,Not At Intersection,Not a Pedestrian,Travel Lane,Not a Pedestrian,With Traffic,Not a Pedestrian,Not a Pedestrian,Not a Pedestrian,7,Not a Pedestrian,0,Not a Pedestrian,990,Other/Unknown – Insufficient Details,
21,210159,0,1,6,Bicyclist,5,Male,None Noted,None Noted,None Noted,0,Not a Pedestrian,970,Unknown Approach Paths,Not a Pedestrian,At Intersection,Not a Pedestrian,Travel Lane,Not a Pedestrian,Unknown,Not a Pedestrian,Not a Pedestrian,Not a Pedestrian,7,Not a Pedestrian,0,Not a Pedestrian,990,Other/Unknown – Insufficient Details,
21,210537,0,1,6,Bicyclist,12,Male,None Noted,Yes,None Noted,0,Not a Pedestrian,970,Unknown Approach Paths,Not a Pedestrian,Not At Intersection,Not a Pedestrian,Sidewalk/Crosswalk/Driveway Access,Not a Pedestrian,Not Applicable,Not a Pedestrian,Not a Pedestrian,Not a Pedestrian,7,Not a Pedestrian,0,Not a Pedestrian,990,Other/Unknown – Insufficient Details,
26,260579,0,1,6,Bicyclist,56,Male,Yes,Yes,None Noted,0,Not a Pedestrian,970,Unknown Approach Paths,Not a Pedestrian,Intersection-Related,Not a Pedestrian,Travel Lane,Not a Pedestrian,Unknown,Not a Pedestrian,Not a Pedestrian,Not a Pedestrian,7,Not a Pedestrian,0,Not a Pedestrian,990,Other/Unknown – Insufficient Details,
25,250347,0,1,6,Bicyclist,25,Male,None Noted,Yes,None Noted,0,Not a Pedestrian,970,Unknown Approach Paths,Not a Pedestrian,Not At Intersection,Not a Pedestrian,Travel Lane,Not a Pedestrian,Unknown,Not a Pedestrian,Not a Pedestrian,Not a Pedestrian,7,Not a Pedestrian,0,Not a Pedestrian,990,Other/Unknown – Insufficient Details,
48,481991,0,1,6,Bicyclist,40,Female,None Noted,Yes,None Noted,0,Not a Pedestrian,970,Unknown Approach Paths,Not a Pedestrian,Not At Intersection,Not a Pedestrian,Travel Lane,Not a Pedestrian,Unknown,Not a Pedestrian,Not a Pedestrian,Not a Pedestrian,7,Not a Pedestrian,0,Not a Pedestrian,990,Other/Unknown – Insufficient Details,
19,190039,0,1,6,Bicyclist,6,Male,None Noted,Yes,Yes,0,Not a Pedestrian,160,Crossing Paths – Uncontrolled Intersection,Not a Pedestrian,At Intersection,Not a Pedestrian,Travel Lane,Not a Pedestrian,Not Applicable,Not a Pedestrian,Not a Pedestrian,Not a Pedestrian,7,Not a Pedestrian,0,Not a Pedestrian,190,Crossing Paths – Other Circumstances,
22,220534,0,1,6,Bicyclist,59,Male,None Noted,None Noted,None Noted,0,Not a Pedestrian,160,Crossing Paths – Uncontrolled Intersection,Not a Pedestrian,At Intersection,Not a Pedestrian,Travel Lane,Not a Pedestrian,Unknown,Not a Pedestrian,Not a Pedestrian,Not a Pedestrian,7,Not a Pedestrian,0,Not a Pedestrian,190,Crossing Paths – Other Circumstances,
26,260820,0,1,6,Bicyclist,56,Male,Yes,Yes,None Noted,0,Not a Pedestrian,160,Crossing Paths – Uncontrolled Intersection,Not a Pedestrian,At Intersection,Not a Pedestrian,Sidewalk/Crosswalk/Driveway Access,Not a Pedestrian,Not Applicable,Not a Pedestrian,Not a Pedestrian,Not a Pedestrian,7,Not a Pedestrian,0,Not a Pedestrian,190,Crossing Paths – Other Circumstances,
12,122902,0,1,6,Bicyclist,46,Male,None Noted,None Noted,None Noted,0,Not a Pedestrian,160,Crossing Paths – Uncontrolled Intersection,Not a Pedestrian,Intersection-Related,Not a Pedestrian,Travel Lane,Not a Pedestrian,Facing Traffic,Not a Pedestrian,Not a Pedestrian,Not a Pedestrian,7,Not a Pedestrian,0,Not a Pedestrian,190,Crossing Paths – Other Circumstances,
12,121267,0,1,6,Bicyclist,51,Male,None Noted,None Noted,None Noted,0,Not a Pedestrian,380,Crossing Paths – Midblock – Other/Unknown,Not a Pedestrian,Not At Intersection,Not a Pedestrian,Travel Lane,Not a Pedestrian,With Traffic,Not a Pedestrian,Not a Pedestrian,Not a Pedestrian,7,Not a Pedestrian,0,Not a Pedestrian,190,Crossing Paths – Other Circumstances,
29,290089,0,1,6,Bicyclist,27,Male,None Noted,Yes,None Noted,0,Not a Pedestrian,180,Crossing Paths – Intersection – Other/Unknown,Not a Pedestrian,Intersection-Related,Not a Pedestrian,Travel Lane,Not a Pedestrian,Unknown,Not a Pedestrian,Not a Pedestrian,Not a Pedestrian,7,Not a Pedestrian,0,Not a Pedestrian,190,Crossing Paths – Other Circumstances,
40,400311,0,1,6,Bicyclist,44,Male,Yes,None Noted,None Noted,0,Not a Pedestrian,180,Crossing Paths – Intersection – Other/Unknown,Not a Pedestrian,At Intersection,Not a Pedestrian,Travel Lane,Not a Pedestrian,Facing Traffic,Not a Pedestrian,Not a Pedestrian,Not a Pedestrian,7,Not a Pedestrian,0,Not a Pedestrian,190,Crossing Paths – Other Circumstances,
39,390384,0,1,6,Bicyclist,39,Male,Yes,Yes,None Noted,0,Not a Pedestrian,180,Crossing Paths – Intersection – Other/Unknown,Not a Pedestrian,At Intersection,Not a Pedestrian,Sidewalk/Crosswalk/Driveway Access,Not a Pedestrian,Not Applicable,Not a Pedestrian,Not a Pedestrian,Not a Pedestrian,7,Not a Pedestrian,0,Not a Pedestrian,190,Crossing Paths – Other Circumstances,
48,482070,0,1,6,Bicyclist,19,Male,None Noted,None Noted,None Noted,0,Not a Pedestrian,970,Unknown Approach Paths,Not a Pedestrian,Intersection-Related,Not a Pedestrian,Travel Lane,Not a Pedestrian,Unknown,Not a Pedestrian,Not a Pedestrian,Not a Pedestrian,7,Not a Pedestrian,0,Not a Pedestrian,990,Other/Unknown – Insufficient Details,
17,170757,0,1,6,Bicyclist,55,Female,Yes,Yes,None Noted,0,Not a Pedestrian,180,Crossing Paths – Intersection – Other/Unknown,Not a Pedestrian,At Intersection,Not a Pedestrian,Sidewalk/Crosswalk/Driveway Access,Not a Pedestrian,With Traffic,Not a Pedestrian,Not a Pedestrian,Not a Pedestrian,7,Not a Pedestrian,0,Not a Pedestrian,190,Crossing Paths – Other Circumstances,
26,260413,0,1,6,Bicyclist,60,Male,Yes,Yes,None Noted,0,Not a Pedestrian,180,Crossing Paths – Intersection – Other/Unknown,Not a Pedestrian,At Intersection,Not a Pedestrian,Travel Lane,Not a Pedestrian,Facing Traffic,Not a Pedestrian,Not a Pedestrian,Not a Pedestrian,7,Not a Pedestrian,0,Not a Pedestrian,190,Crossing Paths – Other Circumstances,
27,270185,0,1,6,Bicyclist,14,Male,Yes,None Noted,None Noted,0,Not a Pedestrian,148,Sign-Controlled Intersection – Other/Unknown,Not a Pedestrian,At Intersection,Not a Pedestrian,Sidewalk/Crosswalk/Driveway Access,Not a Pedestrian,Not Applicable,Not a Pedestrian,Not a Pedestrian,Not a Pedestrian,7,Not a Pedestrian,0,Not a Pedestrian,190,Crossing Paths – Other Circumstances,
22,220532,0,1,6,Bicyclist,51,Male,None Noted,None Noted,None Noted,0,Not a Pedestrian,148,Sign-Controlled Intersection – Other/Unknown,Not a Pedestrian,At Intersection,Not a Pedestrian,Travel Lane,Not a Pedestrian,Facing Traffic,Not a Pedestrian,Not a Pedestrian,Not a Pedestrian,7,Not a Pedestrian,0,Not a Pedestrian,190,Crossing Paths – Other Circumstances,
26,260004,0,1,6,Bicyclist,78,Male,None Noted,Yes,None Noted,0,Not a Pedestrian,148,Sign-Controlled Intersection – Other/Unknown,Not a Pedestrian,At Intersection,Not a Pedestrian,Travel Lane,Not a Pedestrian,With Traffic,Not a Pedestrian,Not a Pedestrian,Not a Pedestrian,7,Not a Pedestrian,0,Not a Pedestrian,190,Crossing Paths – Other Circumstances,
12,120958,0,1,6,Bicyclist,61,Male,None Noted,None Noted,None Noted,0,Not a Pedestrian,148,Sign-Controlled Intersection – Other/Unknown,Not a Pedestrian,At Intersection,Not a Pedestrian,Travel Lane,Not a Pedestrian,Unknown,Not a Pedestrian,Not a Pedestrian,Not a Pedestrian,7,Not a Pedestrian,0,Not a Pedestrian,190,Crossing Paths – Other Circumstances,
4,40844,0,1,7,Other Cyclist,57,Female,None Noted,Yes,None Noted,0,Not a Pedestrian,148,Sign-Controlled Intersection – Other/Unknown,Not a Pedestrian,At Intersection,Not a Pedestrian,Travel Lane,Not a Pedestrian,With Traffic,Not a Pedestrian,Not a Pedestrian,Not a Pedestrian,7,Not a Pedestrian,0,Not a Pedestrian,190,Crossing Paths – Other Circumstances,
12,122982,0,1,6,Bicyclist,52,Male,Yes,None Noted,None Noted,0,Not a Pedestrian,158,Signalized Intersection – Other/Unknown,Not a Pedestrian,At Intersection,Not a Pedestrian,Sidewalk/Crosswalk/Driveway Access,Not a Pedestrian,Unknown,Not a Pedestrian,Not a Pedestrian,Not a Pedestrian,7,Not a Pedestrian,0,Not a Pedestrian,190,Crossing Paths – Other Circumstances,
26,260882,0,1,6,Bicyclist,29,Male,Yes,Yes,None Noted,0,Not a Pedestrian,158,Signalized Intersection – Other/Unknown,Not a Pedestrian,At Intersection,Not a Pedestrian,Sidewalk/Crosswalk/Driveway Access,Not a Pedestrian,With Traffic,Not a Pedestrian,Not a Pedestrian,Not a Pedestrian,7,Not a Pedestrian,0,Not a Pedestrian,190,Crossing Paths – Other Circumstances,
36,360953,0,1,6,Bicyclist,64,Male,None Noted,Yes,None Noted,0,Not a Pedestrian,158,Signalized Intersection – Other/Unknown,Not a Pedestrian,At Intersection,Not a Pedestrian,Travel Lane,Not a Pedestrian,Facing Traffic,Not a Pedestrian,Not a Pedestrian,Not a Pedestrian,7,Not a Pedestrian,0,Not a Pedestrian,190,Crossing Paths – Other Circumstances,
25,250264,0,1,6,Bicyclist,36,Male,Yes,Yes,None Noted,0,Not a Pedestrian,158,Signalized Intersection – Other/Unknown,Not a Pedestrian,At Intersection,Not a Pedestrian,Sidewalk/Crosswalk/Driveway Access,Not a Pedestrian,Not Applicable,Not a Pedestrian,Not a Pedestrian,Not a Pedestrian,7,Not a Pedestrian,0,Not a Pedestrian,190,Crossing Paths – Other Circumstances,
25,250270,0,1,6,Bicyclist,27,Female,Yes,Yes,None Noted,0,Not a Pedestrian,800,Unusual Circumstances,Not a Pedestrian,Not At Intersection,Not a Pedestrian,Travel Lane,Not a Pedestrian,With Traffic,Not a Pedestrian,Not a Pedestrian,Not a Pedestrian,7,Not a Pedestrian,0,Not a Pedestrian,850,Other/Unusual Circumstances,
17,170858,0,1,6,Bicyclist,43,Female,None Noted,None Noted,None Noted,0,Not a Pedestrian,970,Unknown Approach Paths,Not a Pedestrian,Not At Intersection,Not a Pedestrian,Travel Lane,Not a Pedestrian,With Traffic,Not a Pedestrian,Not a Pedestrian,Not a Pedestrian,7,Not a Pedestrian,0,Not a Pedestrian,990,Other/Unknown – Insufficient Details,
12,121304,0,1,6,Bicyclist,7,Female,None Noted,None Noted,None Noted,0,Not a Pedestrian,700,Play Vehicle-Related,Not a Pedestrian,Not At Intersection,Not a Pedestrian,Travel Lane,Not a Pedestrian,Not Applicable,Not a Pedestrian,Not a Pedestrian,Not a Pedestrian,7,Not a Pedestrian,0,Not a Pedestrian,850,Other/Unusual Circumstances,
46,460008,0,1,7,Other Cyclist,3,Female,None Noted,Yes,None Noted,0,Not a Pedestrian,700,Play Vehicle-Related,Not a Pedestrian,Not At Intersection,Not a Pedestrian,Travel Lane,Not a Pedestrian,Unknown,Not a Pedestrian,Not a Pedestrian,Not a Pedestrian,7,Not a Pedestrian,0,Not a Pedestrian,850,Other/Unusual Circumstances,
17,170706,0,1,6,Bicyclist,40,Male,None Noted,None Noted,None Noted,0,Not a Pedestrian,800,Unusual Circumstances,Not a Pedestrian,Not At Intersection,Not a Pedestrian,Travel Lane,Not a Pedestrian,With Traffic,Not a Pedestrian,Not a Pedestrian,Not a Pedestrian,7,Not a Pedestrian,0,Not a Pedestrian,850,Other/Unusual Circumstances,
30,300165,0,1,6,Bicyclist,3,Male,None Noted,None Noted,None Noted,0,Not a Pedestrian,800,Unusual Circumstances,Not a Pedestrian,Not At Intersection,Not a Pedestrian,Travel Lane,Not a Pedestrian,Not Applicable,Not a Pedestrian,Not a Pedestrian,Not a Pedestrian,7,Not a Pedestrian,0,Not a Pedestrian,850,Other/Unusual Circumstances,
20,200131,0,1,6,Bicyclist,87,Female,None Noted,None Noted,None Noted,0,Not a Pedestrian,800,Unusual Circumstances,Not a Pedestrian,At Intersection,Not a Pedestrian,Travel Lane,Not a Pedestrian,With Traffic,Not a Pedestrian,Not a Pedestrian,Not a Pedestrian,7,Not a Pedestrian,0,Not a Pedestrian,850,Other/Unusual Circumstances,
24,240139,0,1,6,Bicyclist,16,Male,None Noted,None Noted,None Noted,0,Not a Pedestrian,800,Unusual Circumstances,Not a Pedestrian,Not At Intersection,Not a Pedestrian,Travel Lane,Not a Pedestrian,Facing Traffic,Not a Pedestrian,Not a Pedestrian,Not a Pedestrian,7,Not a Pedestrian,0,Not a Pedestrian,850,Other/Unusual Circumstances,
5,50499,0,1,6,Bicyclist,46,Male,None Noted,None Noted,None Noted,0,Not a Pedestrian,970,Unknown Approach Paths,Not a Pedestrian,Not At Intersection,Not a Pedestrian,Unknown,Not a Pedestrian,Unknown,Not a Pedestrian,Not a Pedestrian,Not a Pedestrian,7,Not a Pedestrian,0,Not a Pedestrian,990,Other/Unknown – Insufficient Details,
48,482377,0,1,6,Bicyclist,49,Male,None Noted,Yes,None Noted,0,Not a Pedestrian,800,Unusual Circumstances,Not a Pedestrian,Not At Intersection,Not a Pedestrian,Travel Lane,Not a Pedestrian,With Traffic,Not a Pedestrian,Not a Pedestrian,Not a Pedestrian,7,Not a Pedestrian,0,Not a Pedestrian,850,Other/Unusual Circumstances,
18,180753,0,1,6,Bicyclist,51,Male,None Noted,None Noted,None Noted,0,Not a Pedestrian,280,Parallel Paths – Other/Unknown,Not a Pedestrian,Not At Intersection,Not a Pedestrian,Travel Lane,Not a Pedestrian,With Traffic,Not a Pedestrian,Not a Pedestrian,Not a Pedestrian,7,Not a Pedestrian,0,Not a Pedestrian,290,Parallel Paths – Other Circumstances,
25,250322,0,1,6,Bicyclist,59,Male,None Noted,None Noted,Unknown,0,Not a Pedestrian,280,Parallel Paths – Other/Unknown,Not a Pedestrian,Not At Intersection,Not a Pedestrian,Travel Lane,Not a Pedestrian,With Traffic,Not a Pedestrian,Not a Pedestrian,Not a Pedestrian,7,Not a Pedestrian,0,Not a Pedestrian,290,Parallel Paths – Other Circumstances,
25,250217,0,1,6,Bicyclist,14,Male,None Noted,Yes,None Noted,0,Not a Pedestrian,280,Parallel Paths – Other/Unknown,Not a Pedestrian,Not At Intersection,Not a Pedestrian,Travel Lane,Not a Pedestrian,Facing Traffic,Not a Pedestrian,Not a Pedestrian,Not a Pedestrian,7,Not a Pedestrian,0,Not a Pedestrian,290,Parallel Paths – Other Circumstances,
24,240379,0,1,6,Bicyclist,59,Male,None Noted,None Noted,None Noted,0,Not a Pedestrian,280,Parallel Paths – Other/Unknown,Not a Pedestrian,Not At Intersection,Not a Pedestrian,Travel Lane,Not a Pedestrian,With Traffic,Not a Pedestrian,Not a Pedestrian,Not a Pedestrian,7,Not a Pedestrian,0,Not a Pedestrian,290,Parallel Paths – Other Circumstances,
24,240339,0,1,6,Bicyclist,17,Male,None Noted,None Noted,None Noted,0,Not a Pedestrian,280,Parallel Paths – Other/Unknown,Not a Pedestrian,Not At Intersection,Not a Pedestrian,Travel Lane,Not a Pedestrian,With Traffic,Not a Pedestrian,Not a Pedestrian,Not a Pedestrian,7,Not a Pedestrian,0,Not a Pedestrian,290,Parallel Paths – Other Circumstances,
24,240203,0,1,6,Bicyclist,18,Male,None Noted,None Noted,None Noted,0,Not a Pedestrian,280,Parallel Paths – Other/Unknown,Not a Pedestrian,Not At Intersection,Not a Pedestrian,Travel Lane,Not a Pedestrian,With Traffic,Not a Pedestrian,Not a Pedestrian,Not a Pedestrian,7,Not a Pedestrian,0,Not a Pedestrian,290,Parallel Paths – Other Circumstances,
24,240175,0,1,6,Bicyclist,60,Female,None Noted,None Noted,None Noted,0,Not a Pedestrian,280,Parallel Paths – Other/Unknown,Not a Pedestrian,At Intersection,Not a Pedestrian,Travel Lane,Not a Pedestrian,With Traffic,Not a Pedestrian,Not a Pedestrian,Not a Pedestrian,7,Not a Pedestrian,0,Not a Pedestrian,290,Parallel Paths – Other Circumstances,
26,260364,0,1,6,Bicyclist,47,Female,None Noted,Yes,None Noted,0,Not a Pedestrian,280,Parallel Paths – Other/Unknown,Not a Pedestrian,Intersection-Related,Not a Pedestrian,Travel Lane,Not a Pedestrian,Facing Traffic,Not a Pedestrian,Not a Pedestrian,Not a Pedestrian,7,Not a Pedestrian,0,Not a Pedestrian,290,Parallel Paths – Other Circumstances,
21,210166,0,1,6,Bicyclist,62,Male,None Noted,None Noted,None Noted,0,Not a Pedestrian,280,Parallel Paths – Other/Unknown,Not a Pedestrian,Not At Intersection,Not a Pedestrian,Travel Lane,Not a Pedestrian,With Traffic,Not a Pedestrian,Not a Pedestrian,Not a Pedestrian,7,Not a Pedestrian,0,Not a Pedestrian,290,Parallel Paths – Other Circumstances,
48,482038,0,1,6,Bicyclist,19,Male,None Noted,None Noted,None Noted,0,Not a Pedestrian,280,Parallel Paths – Other/Unknown,Not a Pedestrian,Not At Intersection,Not a Pedestrian,Travel Lane,Not a Pedestrian,With Traffic,Not a Pedestrian,Not a Pedestrian,Not a Pedestrian,7,Not a Pedestrian,0,Not a Pedestrian,290,Parallel Paths – Other Circumstances,