state_number,consecutive_number,vehicle_number,person_number,person_type,person_type_name,age,sex,marked_crosswalk_present,sidewalk_present,school_zone,crash_type_pedestrian,crash_type_pedestrian_name,crash_type_bicycle,crash_type_bicycle_name,crash_location_pedestrian,crash_location_bicycle,pedestrian_position,bicyclist_position,pedestrian_initial_direction_of_travel,bicyclist_initial_direction_of_travel,motorist_initial_direction_of_travel,motorist_maneuver,intersection_leg,pedestrian_scenario,pedestrian_scenario_name,crash_group_pedestrian,crash_group_pedestrian_name,crash_group_bicycle,crash_group_bicycle_name
34,340405,0,1,6,Bicyclist,60,Male,None Noted,None Noted,None Noted,0,Not a Pedestrian,970,Unknown Approach Paths,Not a Pedestrian,Not At Intersection,Not a Pedestrian,Unknown,Not a Pedestrian,Unknown,Not a Pedestrian,Not a Pedestrian,Not a Pedestrian,7,Not a Pedestrian,0,Not a Pedestrian,990,Other/Unknown – Insufficient Details,
48,482281,0,1,6,Bicyclist,21,Female,None Noted,None Noted,None Noted,0,Not a Pedestrian,970,Unknown Approach Paths,Not a Pedestrian,Not At Intersection,Not a Pedestrian,Travel Lane,Not a Pedestrian,Unknown,Not a Pedestrian,Not a Pedestrian,Not a Pedestrian,7,Not a Pedestrian,0,Not a Pedestrian,990,Other/Unknown – Insufficient Details,
48,482388,0,1,6,Bicyclist,49,Female,None Noted,None Noted,None Noted,0,Not a Pedestrian,970,Unknown Approach Paths,Not a Pedestrian,Not At Intersection,Not a Pedestrian,Travel Lane,Not a Pedestrian,Unknown,Not a Pedestrian,Not a Pedestrian,Not a Pedestrian,7,Not a Pedestrian,0,Not a Pedestrian,990,Other/Unknown – Insufficient Details,
48,480810,0,1,6,Bicyclist,34,Male,None Noted,None Noted,None Noted,0,Not a Pedestrian,970,Unknown Approach Paths,Not a Pedestrian,Not At Intersection,Not a Pedestrian,Unknown,Not a Pedestrian,Unknown,Not a Pedestrian,Not a Pedestrian,Not a Pedestrian,7,Not a Pedestrian,0,Not a Pedestrian,990,Other/Unknown – Insufficient Details,
48,481560,0,1,6,Bicyclist,4,Male,None Noted,None Noted,None Noted,0,Not a Pedestrian,970,Unknown Approach Paths,Not a Pedestrian,Not At Intersection,Not a Pedestrian,Unknown,Not a Pedestrian,Unknown,Not a Pedestrian,Not a Pedestrian,Not a Pedestrian,7,Not a Pedestrian,0,Not a Pedestrian,990,Other/Unknown – Insufficient Details,
55,550488,0,1,6,Bicyclist,69,Male,None Noted,None Noted,None Noted,0,Not a Pedestrian,970,Unknown Approach Paths,Not a Pedestrian,Not At Intersection,Not a Pedestrian,Travel Lane,Not a Pedestrian,Facing Traffic,Not a Pedestrian,Not a Pedestrian,Not a Pedestrian,7,Not a Pedestrian,0,Not a Pedestrian,990,Other/Unknown – Insufficient Details,
39,390505,0,1,6,Bicyclist,58,Male,Unknown,Yes,None Noted,0,Not a Pedestrian,970,Unknown Approach Paths,Not a Pedestrian,At Intersection,Not a Pedestrian,Travel Lane,Not a Pedestrian,Unknown,Not a Pedestrian,Not a Pedestrian,Not a Pedestrian,7,Not a Pedestrian,0,Not a Pedestrian,990,Other/Unknown – Insufficient Details,
12,122966,0,1,6,Bicyclist,53,Male,None Noted,None Noted,None Noted,0,Not a Pedestrian,970,Unknown Approach Paths,Not a Pedestrian,Not At Intersection,Not a Pedestrian,Travel Lane,Not a Pedestrian,Unknown,Not a Pedestrian,Not a Pedestrian,Not a Pedestrian,7,Not a Pedestrian,0,Not a Pedestrian,990,Other/Unknown – Insufficient Details,
12,122386,0,1,6,Bicyclist,41,Male,None Noted,None Noted,None Noted,0,Not a Pedestrian,980,Unknown Location,Not a Pedestrian,Unknown/Insufficient Information,Not a Pedestrian,Unknown,Not a Pedestrian,Unknown,Not a Pedestrian,Not a Pedestrian,Not a Pedestrian,7,Not a Pedestrian,0,Not a Pedestrian,990,Other/Unknown – Insufficient Details,
4,40248,0,1,6,Bicyclist,65,Male,Unknown,Unknown,Unknown,0,Not a Pedestrian,980,Unknown Location,Not a Pedestrian,Unknown/Insufficient Information,Not a Pedestrian,Unknown,Not a Pedestrian,Unknown,Not a Pedestrian,Not a Pedestrian,Not a Pedestrian,7,Not a Pedestrian,0,Not a Pedestrian,990,Other/Unknown – Insufficient Details,
17,170745,0,1,6,Bicyclist,55,Female,None Noted,Yes,None Noted,0,Not a Pedestrian,980,Unknown Location,Not a Pedestrian,Unknown/Insufficient Information,Not a Pedestrian,Unknown,Not a Pedestrian,Unknown,Not a Pedestrian,Not a Pedestrian,Not a Pedestrian,7,Not a Pedestrian,0,Not a Pedestrian,990,Other/Unknown – Insufficient Details,
12,121894,0,1,6,Bicyclist,26,Female,None Noted,Yes,None Noted,0,Not a Pedestrian,980,Unknown Location,Not a Pedestrian,Unknown/Insufficient Information,Not a Pedestrian,Unknown,Not a Pedestrian,Unknown,Not a Pedestrian,Not a Pedestrian,Not a Pedestrian,7,Not a Pedestrian,0,Not a Pedestrian,990,Other/Unknown – Insufficient Details,
34,340185,0,1,6,Bicyclist,41,Male,None Noted,Unknown,None Noted,0,Not a Pedestrian,970,Unknown Approach Paths,Not a Pedestrian,Not At Intersection,Not a Pedestrian,Travel Lane,Not a Pedestrian,Unknown,Not a Pedestrian,Not a Pedestrian,Not a Pedestrian,7,Not a Pedestrian,0,Not a Pedestrian,990,Other/Unknown – Insufficient Details,
51,510579,0,1,6,Bicyclist,17,Male,Yes,None Noted,None Noted,0,Not a Pedestrian,970,Unknown Approach Paths,Not a Pedestrian,At Intersection,Not a Pedestrian,Sidewalk/Crosswalk/Driveway Access,Not a Pedestrian,Not Applicable,Not a Pedestrian,Not a Pedestrian,Not a Pedestrian,7,Not a Pedestrian,0,Not a Pedestrian,990,Other/Unknown – Insufficient Details,
24,240271,0,1,6,Bicyclist,15,Female,Yes,None Noted,None Noted,0,Not a Pedestrian,160,Crossing Paths – Uncontrolled Intersection,Not a Pedestrian,At Intersection,Not a Pedestrian,Sidewalk/Crosswalk/Driveway Access,Not a Pedestrian,Unknown,Not a Pedestrian,Not a Pedestrian,Not a Pedestrian,7,Not a Pedestrian,0,Not a Pedestrian,190,Crossing Paths – Other Circumstances,
4,40209,0,1,6,Bicyclist,85,Male,None Noted,Yes,None Noted,0,Not a Pedestrian,970,Unknown Approach Paths,Not a Pedestrian,Intersection-Related,Not a Pedestrian,Travel Lane,Not a Pedestrian,Unknown,Not a Pedestrian,Not a Pedestrian,Not a Pedestrian,7,Not a Pedestrian,0,Not a Pedestrian,990,Other/Unknown – Insufficient Details,
34,340297,0,1,6,Bicyclist,36,Female,None Noted,Unknown,None Noted,0,Not a Pedestrian,970,Unknown Approach Paths,Not a Pedestrian,Intersection-Related,Not a Pedestrian,Unknown,Not a Pedestrian,Unknown,Not a Pedestrian,Not a Pedestrian,Not a Pedestrian,7,Not a Pedestrian,0,Not a Pedestrian,990,Other/Unknown – Insufficient Details,
4,40409,0,1,6,Bicyclist,26,Male,None Noted,None Noted,None Noted,0,Not a Pedestrian,970,Unknown Approach Paths,Not a Pedestrian,Not At Intersection,Not a Pedestrian,Travel Lane,Not a Pedestrian,Unknown,Not a Pedestrian,Not a Pedestrian,Not a Pedestrian,7,Not a Pedestrian,0,Not a Pedestrian,990,Other/Unknown – Insufficient Details,
39,390633,0,1,6,Bicyclist,20,Female,Yes,None Noted,None Noted,0,Not a Pedestrian,970,Unknown Approach Paths,Not a Pedestrian,At Intersection,Not a Pedestrian,Sidewalk/Crosswalk/Driveway Access,Not a Pedestrian,Unknown,Not a Pedestrian,Not a Pedestrian,Not a Pedestrian,7,Not a Pedestrian,0,Not a Pedestrian,990,Other/Unknown – Insufficient Details,
37,370427,0,1,6,Bicyclist,40,Male,None Noted,None Noted,None Noted,0,Not a Pedestrian,970,Unknown Approach Paths,Not a Pedestrian,Not At Intersection,Not a Pedestrian,Travel Lane,Not a Pedestrian,With Traffic,Not a Pedestrian,Not a Pedestrian,Not a Pedestrian,7,Not a Pedestrian,0,Not a Pedestrian,990,Other/Unknown – Insufficient Details,
37,370833,0,1,6,Bicyclist,66,Male,None Noted,None Noted,None Noted,0,Not a Pedestrian,970,Unknown Approach Paths,Not a Pedestrian,Not At Intersection,Not a Pedestrian,Travel Lane,Not a Pedestrian,Unknown,Not a Pedestrian,Not a Pedestrian,Not a Pedestrian,7,Not a Pedestrian,0,Not a Pedestrian,990,Other/Unknown – Insufficient Details,
37,370853,0,1,6,Bicyclist,56,Male,None Noted,None Noted,None Noted,0,Not a Pedestrian,970,Unknown Approach Paths,Not a Pedestrian,Not At Intersection,Not a Pedestrian,Travel Lane,Not a Pedestrian,Facing Traffic,Not a Pedestrian,Not a Pedestrian,Not a Pedestrian,7,Not a Pedestrian,0,Not a Pedestrian,990,Other/Unknown – Insufficient Details,
37,370951,0,1,6,Bicyclist,54,Female,None Noted,None Noted,None Noted,0,Not a Pedestrian,970,Unknown Approach Paths,Not a Pedestrian,Not At Intersection,Not a Pedestrian,Travel Lane,Not a Pedestrian,Unknown,Not a Pedestrian,Not a Pedestrian,Not a Pedestrian,7,Not a Pedestrian,0,Not a Pedestrian,990,Other/Unknown – Insufficient Details,
45,450129,0,1,6,Bicyclist,58,Male,None Noted,None Noted,None Noted,0,Not a Pedestrian,970,Unknown Approach Paths,Not a Pedestrian,Not At Intersection,Not a Pedestrian,Travel Lane,Not a Pedestrian,Not Applicable,Not a Pedestrian,Not a Pedestrian,Not a Pedestrian,7,Not a Pedestrian,0,Not a Pedestrian,990,Other/Unknown – Insufficient Details,
48,480208,0,1,6,Bicyclist,60,Male,None Noted,None Noted,None Noted,0,Not a Pedestrian,144,Bicyclist Ride-Through – Sign-Controlled Intersection,Not a Pedestrian,At Intersection,Not a Pedestrian,Travel Lane,Not a Pedestrian,Not Applicable,Not a Pedestrian,Not a Pedestrian,Not a Pedestrian,7,Not a Pedestrian,0,Not a Pedestrian,145,Bicyclist Failed to Yield – Sign-Controlled Intersection,
48,481051,0,1,6,Bicyclist,13,Male,None Noted,Yes,None Noted,0,Not a Pedestrian,144,Bicyclist Ride-Through – Sign-Controlled Intersection,Not a Pedestrian,At Intersection,Not a Pedestrian,Travel Lane,Not a Pedestrian,Unknown,Not a Pedestrian,Not a Pedestrian,Not a Pedestrian,7,Not a Pedestrian,0,Not a Pedestrian,145,Bicyclist Failed to Yield – Sign-Controlled Intersection,
56,560024,0,1,6,Bicyclist,60,Male,None Noted,None Noted,None Noted,0,Not a Pedestrian,144,Bicyclist Ride-Through – Sign-Controlled Intersection,Not a Pedestrian,At Intersection,Not a Pedestrian,Travel Lane,Not a Pedestrian,Facing Traffic,Not a Pedestrian,Not a Pedestrian,Not a Pedestrian,7,Not a Pedestrian,0,Not a Pedestrian,145,Bicyclist Failed to Yield – Sign-Controlled Intersection,
48,483068,0,1,6,Bicyclist,21,Male,None Noted,None Noted,None Noted,0,Not a Pedestrian,144,Bicyclist Ride-Through – Sign-Controlled Intersection,Not a Pedestrian,At Intersection,Not a Pedestrian,Travel Lane,Not a Pedestrian,With Traffic,Not a Pedestrian,Not a Pedestrian,Not a Pedestrian,7,Not a Pedestrian,0,Not a Pedestrian,145,Bicyclist Failed to Yield – Sign-Controlled Intersection,
49,490049,0,1,6,Bicyclist,9,Male,None Noted,Yes,None Noted,0,Not a Pedestrian,144,Bicyclist Ride-Through – Sign-Controlled Intersection,Not a Pedestrian,At Intersection,Not a Pedestrian,Travel Lane,Not a Pedestrian,With Traffic,Not a Pedestrian,Not a Pedestrian,Not a Pedestrian,7,Not a Pedestrian,0,Not a Pedestrian,145,Bicyclist Failed to Yield – Sign-Controlled Intersection,
39,390589,0,1,6,Bicyclist,12,Male,None Noted,None Noted,None Noted,0,Not a Pedestrian,144,Bicyclist Ride-Through – Sign-Controlled Intersection,Not a Pedestrian,At Intersection,Not a Pedestrian,Travel Lane,Not a Pedestrian,Facing Traffic,Not a Pedestrian,Not a Pedestrian,Not a Pedestrian,7,Not a Pedestrian,0,Not a Pedestrian,145,Bicyclist Failed to Yield – Sign-Controlled Intersection,
38,380026,0,1,6,Bicyclist,14,Male,Yes,Yes,None Noted,0,Not a Pedestrian,144,Bicyclist Ride-Through – Sign-Controlled Intersection,Not a Pedestrian,At Intersection,Not a Pedestrian,Travel Lane,Not a Pedestrian,With Traffic,Not a Pedestrian,Not a Pedestrian,Not a Pedestrian,7,Not a Pedestrian,0,Not a Pedestrian,145,Bicyclist Failed to Yield – Sign-Controlled Intersection,
39,390273,0,1,6,Bicyclist,68,Male,None Noted,Yes,None Noted,0,Not a Pedestrian,144,Bicyclist Ride-Through – Sign-Controlled Intersection,Not a Pedestrian,At Intersection,Not a Pedestrian,Travel Lane,Not a Pedestrian,With Traffic,Not a Pedestrian,Not a Pedestrian,Not a Pedestrian,7,Not a Pedestrian,0,Not a Pedestrian,145,Bicyclist Failed to Yield – Sign-Controlled Intersection,
42,420919,0,1,6,Bicyclist,14,Female,None Noted,None Noted,None Noted,0,Not a Pedestrian,144,Bicyclist Ride-Through – Sign-Controlled Intersection,Not a Pedestrian,At Intersection,Not a Pedestrian,Travel Lane,Not a Pedestrian,With Traffic,Not a Pedestrian,Not a Pedestrian,Not a Pedestrian,7,Not a Pedestrian,0,Not a Pedestrian,145,Bicyclist Failed to Yield – Sign-Controlled Intersection,
1,10856,0,1,6,Bicyclist,63,Male,None Noted,None Noted,None Noted,0,Not a Pedestrian,144,Bicyclist Ride-Through – Sign-Controlled Intersection,Not a Pedestrian,At Intersection,Not a Pedestrian,Travel Lane,Not a Pedestrian,Facing Traffic,Not a Pedestrian,Not a Pedestrian,Not a Pedestrian,7,Not a Pedestrian,0,Not a Pedestrian,145,Bicyclist Failed to Yield – Sign-Controlled Intersection,
44,440028,0,1,6,Bicyclist,18,Male,None Noted,Yes,None Noted,0,Not a Pedestrian,144,Bicyclist Ride-Through – Sign-Controlled Intersection,Not a Pedestrian,At Intersection,Not a Pedestrian,Travel Lane,Not a Pedestrian,Unknown,Not a Pedestrian,Not a Pedestrian,Not a Pedestrian,7,Not a Pedestrian,0,Not a Pedestrian,145,Bicyclist Failed to Yield – Sign-Controlled Intersection,
36,360186,0,1,6,Bicyclist,11,Male,None Noted,None Noted,None Noted,0,Not a Pedestrian,142,Bicyclist Ride-Out – Sign-Controlled Intersection,Not a Pedestrian,At Intersection,Not a Pedestrian,Travel Lane,Not a Pedestrian,Unknown,Not a Pedestrian,Not a Pedestrian,Not a Pedestrian,7,Not a Pedestrian,0,Not a Pedestrian,145,Bicyclist Failed to Yield – Sign-Controlled Intersection,
26,260332,0,1,6,Bicyclist,52,Male,None Noted,None Noted,None Noted,0,Not a Pedestrian,144,Bicyclist Ride-Through – Sign-Controlled Intersection,Not a Pedestrian,At Intersection,Not a Pedestrian,Travel Lane,Not a Pedestrian,With Traffic,Not a Pedestrian,Not a Pedestrian,Not a Pedestrian,7,Not a Pedestrian,0,Not a Pedestrian,145,Bicyclist Failed to Yield – Sign-Controlled Intersection,
12,120505,0,1,6,Bicyclist,15,Male,None Noted,Yes,None Noted,0,Not a Pedestrian,142,Bicyclist Ride-Out – Sign-Controlled Intersection,Not a Pedestrian,Intersection-Related,Not a Pedestrian,Travel Lane,Not a Pedestrian,Facing Traffic,Not a Pedestrian,Not a Pedestrian,Not a Pedestrian,7,Not a Pedestrian,0,Not a Pedestrian,145,Bicyclist Failed to Yield – Sign-Controlled Intersection,
13,131009,0,1,6,Bicyclist,53,Male,None Noted,Yes,None Noted,0,Not a Pedestrian,142,Bicyclist Ride-Out – Sign-Controlled Intersection,Not a Pedestrian,At Intersection,Not a Pedestrian,Travel Lane,Not a Pedestrian,Facing Traffic,Not a Pedestrian,Not a Pedestrian,Not a Pedestrian,7,Not a Pedestrian,0,Not a Pedestrian,145,Bicyclist Failed to Yield – Sign-Controlled Intersection,
17,170466,0,1,6,Bicyclist,29,Male,Yes,Yes,None Noted,0,Not a Pedestrian,142,Bicyclist Ride-Out – Sign-Controlled Intersection,Not a Pedestrian,At Intersection,Not a Pedestrian,Travel Lane,Not a Pedestrian,Unknown,Not a Pedestrian,Not a Pedestrian,Not a Pedestrian,7,Not a Pedestrian,0,Not a Pedestrian,145,Bicyclist Failed to Yield – Sign-Controlled Intersection,
12,122582,0,1,6,Bicyclist,77,Male,None Noted,None Noted,None Noted,0,Not a Pedestrian,142,Bicyclist Ride-Out – Sign-Controlled Intersection,Not a Pedestrian,At Intersection,Not a Pedestrian,Travel Lane,Not a Pedestrian,Not Applicable,Not a Pedestrian,Not a Pedestrian,Not a Pedestrian,7,Not a Pedestrian,0,Not a Pedestrian,145,Bicyclist Failed to Yield – Sign-Controlled Intersection,
13,130319,0,1,6,Bicyclist,61,Male,None Noted,None Noted,None Noted,0,Not a Pedestrian,142,Bicyclist Ride-Out – Sign-Controlled Intersection,Not a Pedestrian,At Intersection,Not a Pedestrian,Travel Lane,Not a Pedestrian,With Traffic,Not a Pedestrian,Not a Pedestrian,Not a Pedestrian,7,Not a Pedestrian,0,Not a Pedestrian,145,Bicyclist Failed to Yield – Sign-Controlled Intersection,
45,450113,0,1,6,Bicyclist,8,Male,None Noted,Yes,None Noted,0,Not a Pedestrian,142,Bicyclist Ride-Out – Sign-Controlled Intersection,Not a Pedestrian,At Intersection,Not a Pedestrian,Travel Lane,Not a Pedestrian,Not Applicable,Not a Pedestrian,Not a Pedestrian,Not a Pedestrian,7,Not a Pedestrian,0,Not a Pedestrian,145,Bicyclist Failed to Yield – Sign-Controlled Intersection,
37,370720,0,1,6,Bicyclist,13,Male,None Noted,None Noted,None Noted,0,Not a Pedestrian,142,Bicyclist Ride-Out – Sign-Controlled Intersection,Not a Pedestrian,At Intersection,Not a Pedestrian,Travel Lane,Not a Pedestrian,Facing Traffic,Not a Pedestrian,Not a Pedestrian,Not a Pedestrian,7,Not a Pedestrian,0,Not a Pedestrian,145,Bicyclist Failed to Yield – Sign-Controlled Intersection,
53,530126,0,1,6,Bicyclist,62,Male,None Noted,None Noted,None Noted,0,Not a Pedestrian,142,Bicyclist Ride-Out – Sign-Controlled Intersection,Not a Pedestrian,At Intersection,Not a Pedestrian,Travel Lane,Not a Pedestrian,With Traffic,Not a Pedestrian,Not a Pedestrian,Not a Pedestrian,7,Not a Pedestrian,0,Not a Pedestrian,145,Bicyclist Failed to Yield – Sign-Controlled Intersection,
18,180711,0,1,6,Bicyclist,91,Female,None Noted,None Noted,None Noted,0,Not a Pedestrian,142,Bicyclist Ride-Out – Sign-Controlled Intersection,Not a Pedestrian,At Intersection,Not a Pedestrian,Travel Lane,Not a Pedestrian,Facing Traffic,Not a Pedestrian,Not a Pedestrian,Not a Pedestrian,7,Not a Pedestrian,0,Not a Pedestrian,145,Bicyclist Failed to Yield – Sign-Controlled Intersection,
26,260799,0,1,6,Bicyclist,17,Male,None Noted,None Noted,None Noted,0,Not a Pedestrian,142,Bicyclist Ride-Out – Sign-Controlled Intersection,Not a Pedestrian,At Intersection,Not a Pedestrian,Travel Lane,Not a Pedestrian,With Traffic,Not a Pedestrian,Not a Pedestrian,Not a Pedestrian,7,Not a Pedestrian,0,Not a Pedestrian,145,Bicyclist Failed to Yield – Sign-Controlled Intersection,
36,360345,0,1,6,Bicyclist,30,Female,None Noted,Yes,None Noted,0,Not a Pedestrian,213,Motorist Right Turn – Same Direction,Not a Pedestrian,At Intersection,Not a Pedestrian,Bicycle Lane/Paved Shoulder/Parking Lane,Not a Pedestrian,With Traffic,Not a Pedestrian,Not a Pedestrian,Not a Pedestrian,7,Not a Pedestrian,0,Not a Pedestrian,215,Motorist Right Turn/Merge,
17,170402,0,1,6,Bicyclist,13,Male,None Noted,Yes,None Noted,0,Not a Pedestrian,214,Motorist Right Turn – Opposite Direction,Not a Pedestrian,At Intersection,Not a Pedestrian,Sidewalk/Crosswalk/Driveway Access,Not a Pedestrian,Facing Traffic,Not a Pedestrian,Not a Pedestrian,Not a Pedestrian,7,Not a Pedestrian,0,Not a Pedestrian,215,Motorist Right Turn/Merge,
17,170368,0,1,6,Bicyclist,54,Male,Yes,Yes,None Noted,0,Not a Pedestrian,214,Motorist Right Turn – Opposite Direction,Not a Pedestrian,At Intersection,Not a Pedestrian,Travel Lane,Not a Pedestrian,With Traffic,Not a Pedestrian,Not a Pedestrian,Not a Pedestrian,7,Not a Pedestrian,0,Not a Pedestrian,215,Motorist Right Turn/Merge,
13,130062,0,1,6,Bicyclist,63,Male,None Noted,None Noted,None Noted,0,Not a Pedestrian,214,Motorist Right Turn – Opposite Direction,Not a Pedestrian,At Intersection,Not a Pedestrian,Travel Lane,Not a Pedestrian,Facing Traffic,Not a Pedestrian,Not a Pedestrian,Not a Pedestrian,7,Not a Pedestrian,0,Not a Pedestrian,215,Motorist Right Turn/Merge,
32,320303,0,1,6,Bicyclist,32,Female,Yes,Yes,None Noted,0,Not a Pedestrian,214,Motorist Right Turn – Opposite Direction,Not a Pedestrian,Intersection-Related,Not a Pedestrian,Travel Lane,Not a Pedestrian,Facing Traffic,Not a Pedestrian,Not a Pedestrian,Not a Pedestrian,7,Not a Pedestrian,0,Not a Pedestrian,215,Motorist Right Turn/Merge,
39,391093,0,1,6,Bicyclist,60,Male,None Noted,Yes,None Noted,0,Not a Pedestrian,224,Bicyclist Right Turn – Opposite Direction,Not a Pedestrian,At Intersection,Not a Pedestrian,Travel Lane,Not a Pedestrian,Facing Traffic,Not a Pedestrian,Not a Pedestrian,Not a Pedestrian,7,Not a Pedestrian,0,Not a Pedestrian,225,Bicyclist Right Turn/Merge,
12,121744,0,1,6,Bicyclist,59,Male,None Noted,None Noted,None Noted,0,Not a Pedestrian,223,Bicyclist Right Turn – Same Direction,Not a Pedestrian,Not At Intersection,Not a Pedestrian,Travel Lane,Not a Pedestrian,With Traffic,Not a Pedestrian,Not a Pedestrian,Not a Pedestrian,7,Not a Pedestrian,0,Not a Pedestrian,225,Bicyclist Right Turn/Merge,
45,450469,0,1,6,Bicyclist,82,Male,None Noted,Yes,None Noted,0,Not a Pedestrian,223,Bicyclist Right Turn – Same Direction,Not a Pedestrian,Not At Intersection,Not a Pedestrian,Travel Lane,Not a Pedestrian,With Traffic,Not a Pedestrian,Not a Pedestrian,Not a Pedestrian,7,Not a Pedestrian,0,Not a Pedestrian,225,Bicyclist Right Turn/Merge,
47,470750,0,1,6,Bicyclist,60,Male,None Noted,None Noted,None Noted,0,Not a Pedestrian,223,Bicyclist Right Turn – Same Direction,Not a Pedestrian,Not At Intersection,Not a Pedestrian,Travel Lane,Not a Pedestrian,With Traffic,Not a Pedestrian,Not a Pedestrian,Not a Pedestrian,7,Not a Pedestrian,0,Not a Pedestrian,225,Bicyclist Right Turn/Merge,
4,40614,0,1,6,Bicyclist,35,Male,None Noted,Yes,None Noted,0,Not a Pedestrian,223,Bicyclist Right Turn – Same Direction,Not a Pedestrian,Not At Intersection,Not a Pedestrian,Travel Lane,Not a Pedestrian,With Traffic,Not a Pedestrian,Not a Pedestrian,Not a Pedestrian,7,Not a Pedestrian,0,Not a Pedestrian,225,Bicyclist Right Turn/Merge,
12,123064,0,1,6,Bicyclist,81,Male,None Noted,None Noted,None Noted,0,Not a Pedestrian,223,Bicyclist Right Turn – Same Direction,Not a Pedestrian,Not At Intersection,Not a Pedestrian,Travel Lane,Not a Pedestrian,With Traffic,Not a Pedestrian,Not a Pedestrian,Not a Pedestrian,7,Not a Pedestrian,0,Not a Pedestrian,225,Bicyclist Right Turn/Merge,
12,122852,0,1,6,Bicyclist,70,Male,None Noted,None Noted,None Noted,0,Not a Pedestrian,223,Bicyclist Right Turn – Same Direction,Not a Pedestrian,Not At Intersection,Not a Pedestrian,Travel Lane,Not a Pedestrian,With Traffic,Not a Pedestrian,Not a Pedestrian,Not a Pedestrian,7,Not a Pedestrian,0,Not a Pedestrian,225,Bicyclist Right Turn/Merge,
18,180179,0,1,6,Bicyclist,24,Male,None Noted,None Noted,None Noted,0,Not a Pedestrian,223,Bicyclist Right Turn – Same Direction,Not a Pedestrian,Not At Intersection,Not a Pedestrian,Travel Lane,Not a Pedestrian,Unknown,Not a Pedestrian,Not a Pedestrian,Not a Pedestrian,7,Not a Pedestrian,0,Not a Pedestrian,225,Bicyclist Right Turn/Merge,
12,120543,0,1,6,Bicyclist,49,Female,None Noted,None Noted,None Noted,0,Not a Pedestrian,223,Bicyclist Right Turn – Same Direction,Not a Pedestrian,Not At Intersection,Not a Pedestrian,Travel Lane,Not a Pedestrian,With Traffic,Not a Pedestrian,Not a Pedestrian,Not a Pedestrian,7,Not a Pedestrian,0,Not a Pedestrian,225,Bicyclist Right Turn/Merge,
22,220459,0,1,6,Bicyclist,13,Female,None Noted,None Noted,None Noted,0,Not a Pedestrian,223,Bicyclist Right Turn – Same Direction,Not a Pedestrian,Not At Intersection,Not a Pedestrian,Travel Lane,Not a Pedestrian,With Traffic,Not a Pedestrian,Not a Pedestrian,Not a Pedestrian,7,Not a Pedestrian,0,Not a Pedestrian,225,Bicyclist Right Turn/Merge,
48,481644,0,1,6,Bicyclist,34,Male,None Noted,None Noted,None Noted,0,Not a Pedestrian,223,Bicyclist Right Turn – Same Direction,Not a Pedestrian,Not At Intersection,Not a Pedestrian,Travel Lane,Not a Pedestrian,With Traffic,Not a Pedestrian,Not a Pedestrian,Not a Pedestrian,7,Not a Pedestrian,0,Not a Pedestrian,225,Bicyclist Right Turn/Merge,
12,122015,0,1,6,Bicyclist,62,Male,None Noted,Yes,None Noted,0,Not a Pedestrian,223,Bicyclist Right Turn – Same Direction,Not a Pedestrian,Not At Intersection,Not a Pedestrian,Travel Lane,Not a Pedestrian,With Traffic,Not a Pedestrian,Not a Pedestrian,Not a Pedestrian,7,Not a Pedestrian,0,Not a Pedestrian,225,Bicyclist Right Turn/Merge,
12,122025,0,1,6,Bicyclist,28,Male,None Noted,None Noted,None Noted,0,Not a Pedestrian,142,Bicyclist Ride-Out – Sign-Controlled Intersection,Not a Pedestrian,At Intersection,Not a Pedestrian,Travel Lane,Not a Pedestrian,Facing Traffic,Not a Pedestrian,Not a Pedestrian,Not a Pedestrian,7,Not a Pedestrian,0,Not a Pedestrian,145,Bicyclist Failed to Yield – Sign-Controlled Intersection,
29,290898,0,1,6,Bicyclist,49,Male,None Noted,Yes,None Noted,0,Not a Pedestrian,380,Crossing Paths – Midblock – Other/Unknown,Not a Pedestrian,Not At Intersection,Not a Pedestrian,Travel Lane,Not a Pedestrian,Not Applicable,Not a Pedestrian,Not a Pedestrian,Not a Pedestrian,7,Not a Pedestrian,0,Not a Pedestrian,190,Crossing Paths – Other Circumstances,
36,360656,0,1,6,Bicyclist,85,Male,None Noted,Yes,None Noted,0,Not a Pedestrian,144,Bicyclist Ride-Through – Sign-Controlled Intersection,Not a Pedestrian,At Intersection,Not a Pedestrian,Travel Lane,Not a Pedestrian,With Traffic,Not a Pedestrian,Not a Pedestrian,Not a Pedestrian,7,Not a Pedestrian,0,Not a Pedestrian,145,Bicyclist Failed to Yield – Sign-Controlled Intersection,
36,360069,0,1,6,Bicyclist,50,Male,Yes,Yes,None Noted,0,Not a Pedestrian,144,Bicyclist Ride-Through – Sign-Controlled Intersection,Not a Pedestrian,At Intersection,Not a Pedestrian,Travel Lane,Not a Pedestrian,With Traffic,Not a Pedestrian,Not a Pedestrian,Not a Pedestrian,7,Not a Pedestrian,0,Not a Pedestrian,145,Bicyclist Failed to Yield – Sign-Controlled Intersection,
11,110007,0,1,6,Bicyclist,23,Male,Yes,Yes,None Noted,0,Not a Pedestrian,160,Crossing Paths – Uncontrolled Intersection,Not a Pedestrian,At Intersection,Not a Pedestrian,Sidewalk/Crosswalk/Driveway Access,Not a Pedestrian,Not Applicable,Not a Pedestrian,Not a Pedestrian,Not a Pedestrian,7,Not a Pedestrian,0,Not a Pedestrian,190,Crossing Paths – Other Circumstances,
12,121957,0,1,6,Bicyclist,45,Male,None Noted,None Noted,None Noted,0,Not a Pedestrian,380,Crossing Paths – Midblock – Other/Unknown,Not a Pedestrian,Not At Intersection,Not a Pedestrian,Travel Lane,Not a Pedestrian,Not Applicable,Not a Pedestrian,Not a Pedestrian,Not a Pedestrian,7,Not a Pedestrian,0,Not a Pedestrian,190,Crossing Paths – Other Circumstances,
12,122196,0,1,6,Bicyclist,998,Male,None Noted,None Noted,None Noted,0,Not a Pedestrian,380,Crossing Paths – Midblock – Other/Unknown,Not a Pedestrian,Not At Intersection,Not a Pedestrian,Travel Lane,Not a Pedestrian,Facing Traffic,Not a Pedestrian,Not a Pedestrian,Not a Pedestrian,7,Not a Pedestrian,0,Not a Pedestrian,190,Crossing Paths – Other Circumstances,
47,470867,0,1,6,Bicyclist,17,Male,None Noted,Yes,None Noted,0,Not a Pedestrian,380,Crossing Paths – Midblock – Other/Unknown,Not a Pedestrian,Not At Intersection,Not a Pedestrian,Travel Lane,Not a Pedestrian,Facing Traffic,Not a Pedestrian,Not a Pedestrian,Not a Pedestrian,7,Not a Pedestrian,0,Not a Pedestrian,190,Crossing Paths – Other Circumstances,
48,482931,0,1,6,Bicyclist,52,Male,None Noted,None Noted,None Noted,0,Not a Pedestrian,380,Crossing Paths – Midblock – Other/Unknown,Not a Pedestrian,Not At Intersection,Not a Pedestrian,Travel Lane,Not a Pedestrian,Not Applicable,Not a Pedestrian,Not a Pedestrian,Not a Pedestrian,7,Not a Pedestrian,0,Not a Pedestrian,190,Crossing Paths – Other Circumstances,