state_number,consecutive_number,vehicle_number,person_number,person_type,person_type_name,age,sex,marked_crosswalk_present,sidewalk_present,school_zone,crash_type_pedestrian,crash_type_pedestrian_name,crash_type_bicycle,crash_type_bicycle_name,crash_location_pedestrian,crash_location_bicycle,pedestrian_position,bicyclist_position,pedestrian_initial_direction_of_travel,bicyclist_initial_direction_of_travel,motorist_initial_direction_of_travel,motorist_maneuver,intersection_leg,pedestrian_scenario,pedestrian_scenario_name,crash_group_pedestrian,crash_group_pedestrian_name,crash_group_bicycle,crash_group_bicycle_name
4,40700,0,2,6,Bicyclist,65,Female,None Noted,None Noted,None Noted,0,Not a Pedestrian,232,Motorist Overtaking – Misjudged Space,Not a Pedestrian,Not At Intersection,Not a Pedestrian,Bicycle Lane/Paved Shoulder/Parking Lane,Not a Pedestrian,With Traffic,Not a Pedestrian,Not a Pedestrian,Not a Pedestrian,7,Not a Pedestrian,0,Not a Pedestrian,230,Motorist Overtaking Bicyclist,
4,40796,0,1,6,Bicyclist,49,Male,None Noted,Yes,None Noted,0,Not a Pedestrian,232,Motorist Overtaking – Misjudged Space,Not a Pedestrian,Not At Intersection,Not a Pedestrian,Sidewalk/Crosswalk/Driveway Access,Not a Pedestrian,With Traffic,Not a Pedestrian,Not a Pedestrian,Not a Pedestrian,7,Not a Pedestrian,0,Not a Pedestrian,230,Motorist Overtaking Bicyclist,
4,40199,0,4,6,Bicyclist,69,Female,Yes,Yes,None Noted,0,Not a Pedestrian,232,Motorist Overtaking – Misjudged Space,Not a Pedestrian,Intersection-Related,Not a Pedestrian,Bicycle Lane/Paved Shoulder/Parking Lane,Not a Pedestrian,With Traffic,Not a Pedestrian,Not a Pedestrian,Not a Pedestrian,7,Not a Pedestrian,0,Not a Pedestrian,230,Motorist Overtaking Bicyclist,
12,120797,0,1,6,Bicyclist,63,Female,None Noted,None Noted,None Noted,0,Not a Pedestrian,232,Motorist Overtaking – Misjudged Space,Not a Pedestrian,Not At Intersection,Not a Pedestrian,Travel Lane,Not a Pedestrian,With Traffic,Not a Pedestrian,Not a Pedestrian,Not a Pedestrian,7,Not a Pedestrian,0,Not a Pedestrian,230,Motorist Overtaking Bicyclist,
4,40199,0,2,6,Bicyclist,68,Male,Yes,Yes,None Noted,0,Not a Pedestrian,232,Motorist Overtaking – Misjudged Space,Not a Pedestrian,Intersection-Related,Not a Pedestrian,Bicycle Lane/Paved Shoulder/Parking Lane,Not a Pedestrian,With Traffic,Not a Pedestrian,Not a Pedestrian,Not a Pedestrian,7,Not a Pedestrian,0,Not a Pedestrian,230,Motorist Overtaking Bicyclist,
4,40199,0,3,6,Bicyclist,70,Male,Yes,Yes,None Noted,0,Not a Pedestrian,232,Motorist Overtaking – Misjudged Space,Not a Pedestrian,Intersection-Related,Not a Pedestrian,Bicycle Lane/Paved Shoulder/Parking Lane,Not a Pedestrian,With Traffic,Not a Pedestrian,Not a Pedestrian,Not a Pedestrian,7,Not a Pedestrian,0,Not a Pedestrian,230,Motorist Overtaking Bicyclist,
16,160129,0,1,6,Bicyclist,50,Male,Yes,Yes,Unknown,0,Not a Pedestrian,231,Motorist Overtaking – Undetected Bicyclist,Not a Pedestrian,Not At Intersection,Not a Pedestrian,Travel Lane,Not a Pedestrian,With Traffic,Not a Pedestrian,Not a Pedestrian,Not a Pedestrian,7,Not a Pedestrian,0,Not a Pedestrian,230,Motorist Overtaking Bicyclist,
4,40257,0,1,6,Bicyclist,20,Female,None Noted,Yes,None Noted,0,Not a Pedestrian,232,Motorist Overtaking – Misjudged Space,Not a Pedestrian,At Intersection,Not a Pedestrian,Travel Lane,Not a Pedestrian,With Traffic,Not a Pedestrian,Not a Pedestrian,Not a Pedestrian,7,Not a Pedestrian,0,Not a Pedestrian,230,Motorist Overtaking Bicyclist,
4,40267,0,1,6,Bicyclist,51,Male,None Noted,Yes,None Noted,0,Not a Pedestrian,232,Motorist Overtaking – Misjudged Space,Not a Pedestrian,Not At Intersection,Not a Pedestrian,Travel Lane,Not a Pedestrian,With Traffic,Not a Pedestrian,Not a Pedestrian,Not a Pedestrian,7,Not a Pedestrian,0,Not a Pedestrian,230,Motorist Overtaking Bicyclist,
4,40343,0,1,6,Bicyclist,54,Male,None Noted,Yes,None Noted,0,Not a Pedestrian,232,Motorist Overtaking – Misjudged Space,Not a Pedestrian,Not At Intersection,Not a Pedestrian,Travel Lane,Not a Pedestrian,With Traffic,Not a Pedestrian,Not a Pedestrian,Not a Pedestrian,7,Not a Pedestrian,0,Not a Pedestrian,230,Motorist Overtaking Bicyclist,
13,130346,0,1,6,Bicyclist,59,Male,None Noted,None Noted,None Noted,0,Not a Pedestrian,232,Motorist Overtaking – Misjudged Space,Not a Pedestrian,Not At Intersection,Not a Pedestrian,Travel Lane,Not a Pedestrian,With Traffic,Not a Pedestrian,Not a Pedestrian,Not a Pedestrian,7,Not a Pedestrian,0,Not a Pedestrian,230,Motorist Overtaking Bicyclist,
39,390383,0,1,6,Bicyclist,54,Male,Unknown,Unknown,None Noted,0,Not a Pedestrian,232,Motorist Overtaking – Misjudged Space,Not a Pedestrian,Not At Intersection,Not a Pedestrian,Unknown,Not a Pedestrian,With Traffic,Not a Pedestrian,Not a Pedestrian,Not a Pedestrian,7,Not a Pedestrian,0,Not a Pedestrian,230,Motorist Overtaking Bicyclist,
39,390813,0,1,6,Bicyclist,19,Male,None Noted,None Noted,None Noted,0,Not a Pedestrian,232,Motorist Overtaking – Misjudged Space,Not a Pedestrian,Not At Intersection,Not a Pedestrian,Travel Lane,Not a Pedestrian,With Traffic,Not a Pedestrian,Not a Pedestrian,Not a Pedestrian,7,Not a Pedestrian,0,Not a Pedestrian,230,Motorist Overtaking Bicyclist,
37,370606,0,1,6,Bicyclist,16,Male,None Noted,None Noted,None Noted,0,Not a Pedestrian,232,Motorist Overtaking – Misjudged Space,Not a Pedestrian,Not At Intersection,Not a Pedestrian,Travel Lane,Not a Pedestrian,With Traffic,Not a Pedestrian,Not a Pedestrian,Not a Pedestrian,7,Not a Pedestrian,0,Not a Pedestrian,230,Motorist Overtaking Bicyclist,
37,370612,0,1,6,Bicyclist,21,Male,None Noted,None Noted,None Noted,0,Not a Pedestrian,232,Motorist Overtaking – Misjudged Space,Not a Pedestrian,Not At Intersection,Not a Pedestrian,Travel Lane,Not a Pedestrian,With Traffic,Not a Pedestrian,Not a Pedestrian,Not a Pedestrian,7,Not a Pedestrian,0,Not a Pedestrian,230,Motorist Overtaking Bicyclist,
21,210575,0,1,6,Bicyclist,60,Male,None Noted,None Noted,None Noted,0,Not a Pedestrian,232,Motorist Overtaking – Misjudged Space,Not a Pedestrian,Not At Intersection,Not a Pedestrian,Travel Lane,Not a Pedestrian,With Traffic,Not a Pedestrian,Not a Pedestrian,Not a Pedestrian,7,Not a Pedestrian,0,Not a Pedestrian,230,Motorist Overtaking Bicyclist,
12,122946,0,1,6,Bicyclist,77,Male,None Noted,None Noted,None Noted,0,Not a Pedestrian,232,Motorist Overtaking – Misjudged Space,Not a Pedestrian,Not At Intersection,Not a Pedestrian,Travel Lane,Not a Pedestrian,With Traffic,Not a Pedestrian,Not a Pedestrian,Not a Pedestrian,7,Not a Pedestrian,0,Not a Pedestrian,230,Motorist Overtaking Bicyclist,
12,123010,0,1,6,Bicyclist,64,Male,None Noted,None Noted,None Noted,0,Not a Pedestrian,232,Motorist Overtaking – Misjudged Space,Not a Pedestrian,Not At Intersection,Not a Pedestrian,Travel Lane,Not a Pedestrian,With Traffic,Not a Pedestrian,Not a Pedestrian,Not a Pedestrian,7,Not a Pedestrian,0,Not a Pedestrian,230,Motorist Overtaking Bicyclist,
12,120604,0,1,6,Bicyclist,5,Male,None Noted,None Noted,None Noted,0,Not a Pedestrian,610,Backing Vehicle,Not a Pedestrian,Intersection-Related,Not a Pedestrian,Sidewalk/Crosswalk/Driveway Access,Not a Pedestrian,With Traffic,Not a Pedestrian,Not a Pedestrian,Not a Pedestrian,7,Not a Pedestrian,0,Not a Pedestrian,600,Backing Vehicle,
13,130961,0,1,6,Bicyclist,43,Male,None Noted,None Noted,None Noted,0,Not a Pedestrian,255,Wrong-Way/Wrong-Side – Motorist,Not a Pedestrian,Not At Intersection,Not a Pedestrian,Travel Lane,Not a Pedestrian,With Traffic,Not a Pedestrian,Not a Pedestrian,Not a Pedestrian,7,Not a Pedestrian,0,Not a Pedestrian,258,Wrong-Way/Wrong-Side,
13,130961,0,2,6,Bicyclist,32,Male,None Noted,None Noted,None Noted,0,Not a Pedestrian,255,Wrong-Way/Wrong-Side – Motorist,Not a Pedestrian,Not At Intersection,Not a Pedestrian,Travel Lane,Not a Pedestrian,With Traffic,Not a Pedestrian,Not a Pedestrian,Not a Pedestrian,7,Not a Pedestrian,0,Not a Pedestrian,258,Wrong-Way/Wrong-Side,
13,130961,0,3,6,Bicyclist,25,Female,None Noted,None Noted,None Noted,0,Not a Pedestrian,255,Wrong-Way/Wrong-Side – Motorist,Not a Pedestrian,Not At Intersection,Not a Pedestrian,Travel Lane,Not a Pedestrian,With Traffic,Not a Pedestrian,Not a Pedestrian,Not a Pedestrian,7,Not a Pedestrian,0,Not a Pedestrian,258,Wrong-Way/Wrong-Side,
12,120892,0,1,6,Bicyclist,14,Male,None Noted,None Noted,None Noted,0,Not a Pedestrian,255,Wrong-Way/Wrong-Side – Motorist,Not a Pedestrian,Not At Intersection,Not a Pedestrian,Travel Lane,Not a Pedestrian,Facing Traffic,Not a Pedestrian,Not a Pedestrian,Not a Pedestrian,7,Not a Pedestrian,0,Not a Pedestrian,258,Wrong-Way/Wrong-Side,
8,80170,0,1,6,Bicyclist,59,Male,None Noted,None Noted,None Noted,0,Not a Pedestrian,250,Wrong-Way/Wrong-Side – Bicyclist,Not a Pedestrian,Not At Intersection,Not a Pedestrian,Travel Lane,Not a Pedestrian,With Traffic,Not a Pedestrian,Not a Pedestrian,Not a Pedestrian,7,Not a Pedestrian,0,Not a Pedestrian,258,Wrong-Way/Wrong-Side,
12,121661,0,1,6,Bicyclist,5,Male,None Noted,None Noted,None Noted,0,Not a Pedestrian,250,Wrong-Way/Wrong-Side – Bicyclist,Not a Pedestrian,Not At Intersection,Not a Pedestrian,Travel Lane,Not a Pedestrian,Facing Traffic,Not a Pedestrian,Not a Pedestrian,Not a Pedestrian,7,Not a Pedestrian,0,Not a Pedestrian,258,Wrong-Way/Wrong-Side,
12,121562,0,1,6,Bicyclist,59,Male,None Noted,None Noted,None Noted,0,Not a Pedestrian,250,Wrong-Way/Wrong-Side – Bicyclist,Not a Pedestrian,Not At Intersection,Not a Pedestrian,Travel Lane,Not a Pedestrian,With Traffic,Not a Pedestrian,Not a Pedestrian,Not a Pedestrian,7,Not a Pedestrian,0,Not a Pedestrian,258,Wrong-Way/Wrong-Side,
27,270214,0,1,6,Bicyclist,10,Male,None Noted,None Noted,None Noted,0,Not a Pedestrian,250,Wrong-Way/Wrong-Side – Bicyclist,Not a Pedestrian,Not At Intersection,Not a Pedestrian,Travel Lane,Not a Pedestrian,Facing Traffic,Not a Pedestrian,Not a Pedestrian,Not a Pedestrian,7,Not a Pedestrian,0,Not a Pedestrian,258,Wrong-Way/Wrong-Side,
12,122092,0,1,6,Bicyclist,60,Male,None Noted,None Noted,None Noted,0,Not a Pedestrian,250,Wrong-Way/Wrong-Side – Bicyclist,Not a Pedestrian,Not At Intersection,Not a Pedestrian,Bicycle Lane/Paved Shoulder/Parking Lane,Not a Pedestrian,Facing Traffic,Not a Pedestrian,Not a Pedestrian,Not a Pedestrian,7,Not a Pedestrian,0,Not a Pedestrian,258,Wrong-Way/Wrong-Side,
13,131433,0,1,6,Bicyclist,30,Male,None Noted,None Noted,None Noted,0,Not a Pedestrian,250,Wrong-Way/Wrong-Side – Bicyclist,Not a Pedestrian,Not At Intersection,Not a Pedestrian,Travel Lane,Not a Pedestrian,Facing Traffic,Not a Pedestrian,Not a Pedestrian,Not a Pedestrian,7,Not a Pedestrian,0,Not a Pedestrian,258,Wrong-Way/Wrong-Side,
12,122546,0,1,6,Bicyclist,11,Male,None Noted,None Noted,None Noted,0,Not a Pedestrian,250,Wrong-Way/Wrong-Side – Bicyclist,Not a Pedestrian,Not At Intersection,Not a Pedestrian,Travel Lane,Not a Pedestrian,Facing Traffic,Not a Pedestrian,Not a Pedestrian,Not a Pedestrian,7,Not a Pedestrian,0,Not a Pedestrian,258,Wrong-Way/Wrong-Side,
13,130526,0,1,6,Bicyclist,15,Male,None Noted,None Noted,None Noted,0,Not a Pedestrian,250,Wrong-Way/Wrong-Side – Bicyclist,Not a Pedestrian,Not At Intersection,Not a Pedestrian,Travel Lane,Not a Pedestrian,Facing Traffic,Not a Pedestrian,Not a Pedestrian,Not a Pedestrian,7,Not a Pedestrian,0,Not a Pedestrian,258,Wrong-Way/Wrong-Side,
9,90181,0,1,6,Bicyclist,46,Male,None Noted,Yes,None Noted,0,Not a Pedestrian,255,Wrong-Way/Wrong-Side – Motorist,Not a Pedestrian,Not At Intersection,Not a Pedestrian,Travel Lane,Not a Pedestrian,With Traffic,Not a Pedestrian,Not a Pedestrian,Not a Pedestrian,7,Not a Pedestrian,0,Not a Pedestrian,258,Wrong-Way/Wrong-Side,
45,450230,0,1,6,Bicyclist,3,Male,None Noted,None Noted,None Noted,0,Not a Pedestrian,610,Backing Vehicle,Not a Pedestrian,Not At Intersection,Not a Pedestrian,Travel Lane,Not a Pedestrian,Not Applicable,Not a Pedestrian,Not a Pedestrian,Not a Pedestrian,7,Not a Pedestrian,0,Not a Pedestrian,600,Backing Vehicle,
9,90190,0,1,6,Bicyclist,63,Male,None Noted,None Noted,None Noted,0,Not a Pedestrian,610,Backing Vehicle,Not a Pedestrian,Not At Intersection,Not a Pedestrian,Sidewalk/Crosswalk/Driveway Access,Not a Pedestrian,With Traffic,Not a Pedestrian,Not a Pedestrian,Not a Pedestrian,7,Not a Pedestrian,0,Not a Pedestrian,600,Backing Vehicle,
8,80453,0,1,6,Bicyclist,49,Male,Yes,Yes,None Noted,0,Not a Pedestrian,151,Motorist Drive-Out – Right Turn on Red,Not a Pedestrian,At Intersection,Not a Pedestrian,Sidewalk/Crosswalk/Driveway Access,Not a Pedestrian,With Traffic,Not a Pedestrian,Not a Pedestrian,Not a Pedestrian,7,Not a Pedestrian,0,Not a Pedestrian,150,Motorist Failed to Yield – Signalized Intersection,
8,80172,0,1,6,Bicyclist,8,Female,Yes,Yes,None Noted,0,Not a Pedestrian,151,Motorist Drive-Out – Right Turn on Red,Not a Pedestrian,At Intersection,Not a Pedestrian,Sidewalk/Crosswalk/Driveway Access,Not a Pedestrian,Facing Traffic,Not a Pedestrian,Not a Pedestrian,Not a Pedestrian,7,Not a Pedestrian,0,Not a Pedestrian,150,Motorist Failed to Yield – Signalized Intersection,
36,360240,0,1,6,Bicyclist,999,Male,Yes,Yes,Yes,0,Not a Pedestrian,154,Motorist Drive-Through – Signalized Intersection,Not a Pedestrian,At Intersection,Not a Pedestrian,Sidewalk/Crosswalk/Driveway Access,Not a Pedestrian,Facing Traffic,Not a Pedestrian,Not a Pedestrian,Not a Pedestrian,7,Not a Pedestrian,0,Not a Pedestrian,150,Motorist Failed to Yield – Signalized Intersection,
26,260476,0,1,6,Bicyclist,18,Male,Yes,Unknown,None Noted,0,Not a Pedestrian,154,Motorist Drive-Through – Signalized Intersection,Not a Pedestrian,At Intersection,Not a Pedestrian,Sidewalk/Crosswalk/Driveway Access,Not a Pedestrian,Unknown,Not a Pedestrian,Not a Pedestrian,Not a Pedestrian,7,Not a Pedestrian,0,Not a Pedestrian,150,Motorist Failed to Yield – Signalized Intersection,
24,240310,0,1,6,Bicyclist,77,Male,Yes,None Noted,None Noted,0,Not a Pedestrian,154,Motorist Drive-Through – Signalized Intersection,Not a Pedestrian,At Intersection,Not a Pedestrian,Sidewalk/Crosswalk/Driveway Access,Not a Pedestrian,Unknown,Not a Pedestrian,Not a Pedestrian,Not a Pedestrian,7,Not a Pedestrian,0,Not a Pedestrian,150,Motorist Failed to Yield – Signalized Intersection,
8,80225,0,1,6,Bicyclist,46,Male,Yes,Yes,None Noted,0,Not a Pedestrian,154,Motorist Drive-Through – Signalized Intersection,Not a Pedestrian,At Intersection,Not a Pedestrian,Sidewalk/Crosswalk/Driveway Access,Not a Pedestrian,With Traffic,Not a Pedestrian,Not a Pedestrian,Not a Pedestrian,7,Not a Pedestrian,0,Not a Pedestrian,150,Motorist Failed to Yield – Signalized Intersection,
8,80506,0,1,6,Bicyclist,71,Male,Yes,Yes,None Noted,0,Not a Pedestrian,154,Motorist Drive-Through – Signalized Intersection,Not a Pedestrian,At Intersection,Not a Pedestrian,Sidewalk/Crosswalk/Driveway Access,Not a Pedestrian,With Traffic,Not a Pedestrian,Not a Pedestrian,Not a Pedestrian,7,Not a Pedestrian,0,Not a Pedestrian,150,Motorist Failed to Yield – Signalized Intersection,
4,40792,0,3,6,Bicyclist,3,Male,Yes,Yes,None Noted,0,Not a Pedestrian,154,Motorist Drive-Through – Signalized Intersection,Not a Pedestrian,At Intersection,Not a Pedestrian,Sidewalk/Crosswalk/Driveway Access,Not a Pedestrian,With Traffic,Not a Pedestrian,Not a Pedestrian,Not a Pedestrian,7,Not a Pedestrian,0,Not a Pedestrian,150,Motorist Failed to Yield – Signalized Intersection,
4,40437,0,1,6,Bicyclist,65,Male,Yes,Yes,None Noted,0,Not a Pedestrian,154,Motorist Drive-Through – Signalized Intersection,Not a Pedestrian,At Intersection,Not a Pedestrian,Bicycle Lane/Paved Shoulder/Parking Lane,Not a Pedestrian,Facing Traffic,Not a Pedestrian,Not a Pedestrian,Not a Pedestrian,7,Not a Pedestrian,0,Not a Pedestrian,150,Motorist Failed to Yield – Signalized Intersection,
12,122554,0,1,6,Bicyclist,24,Male,Yes,None Noted,None Noted,0,Not a Pedestrian,154,Motorist Drive-Through – Signalized Intersection,Not a Pedestrian,At Intersection,Not a Pedestrian,Sidewalk/Crosswalk/Driveway Access,Not a Pedestrian,Not Applicable,Not a Pedestrian,Not a Pedestrian,Not a Pedestrian,7,Not a Pedestrian,0,Not a Pedestrian,150,Motorist Failed to Yield – Signalized Intersection,
48,480720,0,1,6,Bicyclist,42,Male,None Noted,None Noted,None Noted,0,Not a Pedestrian,250,Wrong-Way/Wrong-Side – Bicyclist,Not a Pedestrian,Not At Intersection,Not a Pedestrian,Bicycle Lane/Paved Shoulder/Parking Lane,Not a Pedestrian,Facing Traffic,Not a Pedestrian,Not a Pedestrian,Not a Pedestrian,7,Not a Pedestrian,0,Not a Pedestrian,258,Wrong-Way/Wrong-Side,
41,410283,0,1,6,Bicyclist,53,Male,None Noted,Yes,None Noted,0,Not a Pedestrian,250,Wrong-Way/Wrong-Side – Bicyclist,Not a Pedestrian,Not At Intersection,Not a Pedestrian,Travel Lane,Not a Pedestrian,Facing Traffic,Not a Pedestrian,Not a Pedestrian,Not a Pedestrian,7,Not a Pedestrian,0,Not a Pedestrian,258,Wrong-Way/Wrong-Side,
4,40276,0,1,6,Bicyclist,35,Male,None Noted,Yes,None Noted,0,Not a Pedestrian,250,Wrong-Way/Wrong-Side – Bicyclist,Not a Pedestrian,Not At Intersection,Not a Pedestrian,Travel Lane,Not a Pedestrian,Facing Traffic,Not a Pedestrian,Not a Pedestrian,Not a Pedestrian,7,Not a Pedestrian,0,Not a Pedestrian,258,Wrong-Way/Wrong-Side,
9,90142,0,1,6,Bicyclist,72,Male,Yes,Yes,None Noted,0,Not a Pedestrian,250,Wrong-Way/Wrong-Side – Bicyclist,Not a Pedestrian,At Intersection,Not a Pedestrian,Travel Lane,Not a Pedestrian,Facing Traffic,Not a Pedestrian,Not a Pedestrian,Not a Pedestrian,7,Not a Pedestrian,0,Not a Pedestrian,258,Wrong-Way/Wrong-Side,
8,80209,0,1,6,Bicyclist,57,Male,None Noted,Yes,None Noted,0,Not a Pedestrian,250,Wrong-Way/Wrong-Side – Bicyclist,Not a Pedestrian,Not At Intersection,Not a Pedestrian,Travel Lane,Not a Pedestrian,Facing Traffic,Not a Pedestrian,Not a Pedestrian,Not a Pedestrian,7,Not a Pedestrian,0,Not a Pedestrian,258,Wrong-Way/Wrong-Side,
45,450339,0,1,6,Bicyclist,70,Male,None Noted,None Noted,None Noted,0,Not a Pedestrian,250,Wrong-Way/Wrong-Side – Bicyclist,Not a Pedestrian,Not At Intersection,Not a Pedestrian,Travel Lane,Not a Pedestrian,Facing Traffic,Not a Pedestrian,Not a Pedestrian,Not a Pedestrian,7,Not a Pedestrian,0,Not a Pedestrian,258,Wrong-Way/Wrong-Side,
48,480520,0,1,6,Bicyclist,79,Male,None Noted,None Noted,None Noted,0,Not a Pedestrian,255,Wrong-Way/Wrong-Side – Motorist,Not a Pedestrian,Not At Intersection,Not a Pedestrian,Travel Lane,Not a Pedestrian,With Traffic,Not a Pedestrian,Not a Pedestrian,Not a Pedestrian,7,Not a Pedestrian,0,Not a Pedestrian,258,Wrong-Way/Wrong-Side,
53,530063,0,1,6,Bicyclist,24,Male,None Noted,None Noted,None Noted,0,Not a Pedestrian,250,Wrong-Way/Wrong-Side – Bicyclist,Not a Pedestrian,Intersection-Related,Not a Pedestrian,Travel Lane,Not a Pedestrian,Facing Traffic,Not a Pedestrian,Not a Pedestrian,Not a Pedestrian,7,Not a Pedestrian,0,Not a Pedestrian,258,Wrong-Way/Wrong-Side,
48,480913,0,1,6,Bicyclist,32,Male,None Noted,None Noted,None Noted,0,Not a Pedestrian,250,Wrong-Way/Wrong-Side – Bicyclist,Not a Pedestrian,Not At Intersection,Not a Pedestrian,Travel Lane,Not a Pedestrian,Facing Traffic,Not a Pedestrian,Not a Pedestrian,Not a Pedestrian,7,Not a Pedestrian,0,Not a Pedestrian,258,Wrong-Way/Wrong-Side,
48,480478,0,1,6,Bicyclist,19,Male,None Noted,None Noted,None Noted,0,Not a Pedestrian,250,Wrong-Way/Wrong-Side – Bicyclist,Not a Pedestrian,Not At Intersection,Not a Pedestrian,Travel Lane,Not a Pedestrian,Facing Traffic,Not a Pedestrian,Not a Pedestrian,Not a Pedestrian,7,Not a Pedestrian,0,Not a Pedestrian,258,Wrong-Way/Wrong-Side,
48,481736,0,1,6,Bicyclist,58,Male,None Noted,None Noted,None Noted,0,Not a Pedestrian,250,Wrong-Way/Wrong-Side – Bicyclist,Not a Pedestrian,Not At Intersection,Not a Pedestrian,Travel Lane,Not a Pedestrian,Facing Traffic,Not a Pedestrian,Not a Pedestrian,Not a Pedestrian,7,Not a Pedestrian,0,Not a Pedestrian,258,Wrong-Way/Wrong-Side,
26,260478,0,1,6,Bicyclist,41,Male,None Noted,None Noted,None Noted,0,Not a Pedestrian,250,Wrong-Way/Wrong-Side – Bicyclist,Not a Pedestrian,Not At Intersection,Not a Pedestrian,Travel Lane,Not a Pedestrian,Facing Traffic,Not a Pedestrian,Not a Pedestrian,Not a Pedestrian,7,Not a Pedestrian,0,Not a Pedestrian,258,Wrong-Way/Wrong-Side,
35,350184,0,1,6,Bicyclist,56,Male,None Noted,Yes,None Noted,0,Not a Pedestrian,250,Wrong-Way/Wrong-Side – Bicyclist,Not a Pedestrian,Not At Intersection,Not a Pedestrian,Bicycle Lane/Paved Shoulder/Parking Lane,Not a Pedestrian,Facing Traffic,Not a Pedestrian,Not a Pedestrian,Not a Pedestrian,7,Not a Pedestrian,0,Not a Pedestrian,258,Wrong-Way/Wrong-Side,
35,350019,0,1,6,Bicyclist,34,Male,None Noted,None Noted,None Noted,0,Not a Pedestrian,250,Wrong-Way/Wrong-Side – Bicyclist,Not a Pedestrian,Not At Intersection,Not a Pedestrian,Travel Lane,Not a Pedestrian,Facing Traffic,Not a Pedestrian,Not a Pedestrian,Not a Pedestrian,7,Not a Pedestrian,0,Not a Pedestrian,258,Wrong-Way/Wrong-Side,
29,290449,0,1,6,Bicyclist,30,Male,None Noted,None Noted,None Noted,0,Not a Pedestrian,250,Wrong-Way/Wrong-Side – Bicyclist,Not a Pedestrian,Not At Intersection,Not a Pedestrian,Travel Lane,Not a Pedestrian,Facing Traffic,Not a Pedestrian,Not a Pedestrian,Not a Pedestrian,7,Not a Pedestrian,0,Not a Pedestrian,258,Wrong-Way/Wrong-Side,
13,130700,0,1,6,Bicyclist,62,Male,None Noted,None Noted,None Noted,0,Not a Pedestrian,250,Wrong-Way/Wrong-Side – Bicyclist,Not a Pedestrian,Not At Intersection,Not a Pedestrian,Travel Lane,Not a Pedestrian,With Traffic,Not a Pedestrian,Not a Pedestrian,Not a Pedestrian,7,Not a Pedestrian,0,Not a Pedestrian,258,Wrong-Way/Wrong-Side,
36,360386,0,2,6,Bicyclist,43,Female,None Noted,Yes,None Noted,0,Not a Pedestrian,255,Wrong-Way/Wrong-Side – Motorist,Not a Pedestrian,Intersection-Related,Not a Pedestrian,Travel Lane,Not a Pedestrian,With Traffic,Not a Pedestrian,Not a Pedestrian,Not a Pedestrian,7,Not a Pedestrian,0,Not a Pedestrian,258,Wrong-Way/Wrong-Side,
36,360386,0,1,6,Bicyclist,72,Male,None Noted,Yes,None Noted,0,Not a Pedestrian,255,Wrong-Way/Wrong-Side – Motorist,Not a Pedestrian,Intersection-Related,Not a Pedestrian,Travel Lane,Not a Pedestrian,With Traffic,Not a Pedestrian,Not a Pedestrian,Not a Pedestrian,7,Not a Pedestrian,0,Not a Pedestrian,258,Wrong-Way/Wrong-Side,
26,260559,0,1,6,Bicyclist,63,Female,None Noted,None Noted,None Noted,0,Not a Pedestrian,255,Wrong-Way/Wrong-Side – Motorist,Not a Pedestrian,Not At Intersection,Not a Pedestrian,Travel Lane,Not a Pedestrian,With Traffic,Not a Pedestrian,Not a Pedestrian,Not a Pedestrian,7,Not a Pedestrian,0,Not a Pedestrian,258,Wrong-Way/Wrong-Side,
55,550308,0,1,6,Bicyclist,33,Male,None Noted,None Noted,None Noted,0,Not a Pedestrian,255,Wrong-Way/Wrong-Side – Motorist,Not a Pedestrian,Not At Intersection,Not a Pedestrian,Travel Lane,Not a Pedestrian,With Traffic,Not a Pedestrian,Not a Pedestrian,Not a Pedestrian,7,Not a Pedestrian,0,Not a Pedestrian,258,Wrong-Way/Wrong-Side,
53,530440,0,1,6,Bicyclist,50,Male,None Noted,None Noted,None Noted,0,Not a Pedestrian,231,Motorist Overtaking – Undetected Bicyclist,Not a Pedestrian,Not At Intersection,Not a Pedestrian,Travel Lane,Not a Pedestrian,With Traffic,Not a Pedestrian,Not a Pedestrian,Not a Pedestrian,7,Not a Pedestrian,0,Not a Pedestrian,230,Motorist Overtaking Bicyclist,
4,40199,0,5,6,Bicyclist,75,Female,Yes,Yes,None Noted,0,Not a Pedestrian,232,Motorist Overtaking – Misjudged Space,Not a Pedestrian,Intersection-Related,Not a Pedestrian,Bicycle Lane/Paved Shoulder/Parking Lane,Not a Pedestrian,With Traffic,Not a Pedestrian,Not a Pedestrian,Not a Pedestrian,7,Not a Pedestrian,0,Not a Pedestrian,230,Motorist Overtaking Bicyclist,
18,180014,0,1,6,Bicyclist,54,Male,None Noted,Unknown,None Noted,0,Not a Pedestrian,232,Motorist Overtaking – Misjudged Space,Not a Pedestrian,Not At Intersection,Not a Pedestrian,Travel Lane,Not a Pedestrian,With Traffic,Not a Pedestrian,Not a Pedestrian,Not a Pedestrian,7,Not a Pedestrian,0,Not a Pedestrian,230,Motorist Overtaking Bicyclist,
4,40199,0,1,6,Bicyclist,72,Female,Yes,Yes,None Noted,0,Not a Pedestrian,232,Motorist Overtaking – Misjudged Space,Not a Pedestrian,Intersection-Related,Not a Pedestrian,Bicycle Lane/Paved Shoulder/Parking Lane,Not a Pedestrian,With Traffic,Not a Pedestrian,Not a Pedestrian,Not a Pedestrian,7,Not a Pedestrian,0,Not a Pedestrian,230,Motorist Overtaking Bicyclist,
48,482675,0,1,6,Bicyclist,64,Male,None Noted,None Noted,None Noted,0,Not a Pedestrian,231,Motorist Overtaking – Undetected Bicyclist,Not a Pedestrian,Not At Intersection,Not a Pedestrian,Travel Lane,Not a Pedestrian,With Traffic,Not a Pedestrian,Not a Pedestrian,Not a Pedestrian,7,Not a Pedestrian,0,Not a Pedestrian,230,Motorist Overtaking Bicyclist,
19,190127,0,1,6,Bicyclist,50,Male,None Noted,None Noted,None Noted,0,Not a Pedestrian,231,Motorist Overtaking – Undetected Bicyclist,Not a Pedestrian,Not At Intersection,Not a Pedestrian,Travel Lane,Not a Pedestrian,With Traffic,Not a Pedestrian,Not a Pedestrian,Not a Pedestrian,7,Not a Pedestrian,0,Not a Pedestrian,230,Motorist Overtaking Bicyclist,
48,481255,0,1,6,Bicyclist,55,Male,None Noted,None Noted,None Noted,0,Not a Pedestrian,231,Motorist Overtaking – Undetected Bicyclist,Not a Pedestrian,Not At Intersection,Not a Pedestrian,Travel Lane,Not a Pedestrian,With Traffic,Not a Pedestrian,Not a Pedestrian,Not a Pedestrian,7,Not a Pedestrian,0,Not a Pedestrian,230,Motorist Overtaking Bicyclist,
53,530259,0,1,6,Bicyclist,48,Male,None Noted,None Noted,None Noted,0,Not a Pedestrian,231,Motorist Overtaking – Undetected Bicyclist,Not a Pedestrian,Not At Intersection,Not a Pedestrian,Travel Lane,Not a Pedestrian,With Traffic,Not a Pedestrian,Not a Pedestrian,Not a Pedestrian,7,Not a Pedestrian,0,Not a Pedestrian,230,Motorist Overtaking Bicyclist,
53,530283,0,1,6,Bicyclist,21,Male,None Noted,None Noted,None Noted,0,Not a Pedestrian,231,Motorist Overtaking – Undetected Bicyclist,Not a Pedestrian,Not At Intersection,Not a Pedestrian,Travel Lane,Not a Pedestrian,With Traffic,Not a Pedestrian,Not a Pedestrian,Not a Pedestrian,7,Not a Pedestrian,0,Not a Pedestrian,230,Motorist Overtaking Bicyclist,
53,530377,0,1,6,Bicyclist,50,Male,None Noted,None Noted,None Noted,0,Not a Pedestrian,231,Motorist Overtaking – Undetected Bicyclist,Not a Pedestrian,Intersection-Related,Not a Pedestrian,Bicycle Lane/Paved Shoulder/Parking Lane,Not a Pedestrian,With Traffic,Not a Pedestrian,Not a Pedestrian,Not a Pedestrian,7,Not a Pedestrian,0,Not a Pedestrian,230,Motorist Overtaking Bicyclist,
48,480481,0,1,6,Bicyclist,24,Male,None Noted,None Noted,None Noted,0,Not a Pedestrian,231,Motorist Overtaking – Undetected Bicyclist,Not a Pedestrian,Not At Intersection,Not a Pedestrian,Travel Lane,Not a Pedestrian,With Traffic,Not a Pedestrian,Not a Pedestrian,Not a Pedestrian,7,Not a Pedestrian,0,Not a Pedestrian,230,Motorist Overtaking Bicyclist,