state_number,consecutive_number,vehicle_number,person_number,person_type,person_type_name,age,sex,marked_crosswalk_present,sidewalk_present,school_zone,crash_type_pedestrian,crash_type_pedestrian_name,crash_type_bicycle,crash_type_bicycle_name,crash_location_pedestrian,crash_location_bicycle,pedestrian_position,bicyclist_position,pedestrian_initial_direction_of_travel,bicyclist_initial_direction_of_travel,motorist_initial_direction_of_travel,motorist_maneuver,intersection_leg,pedestrian_scenario,pedestrian_scenario_name,crash_group_pedestrian,crash_group_pedestrian_name,crash_group_bicycle,crash_group_bicycle_name
36,360191,0,1,6,Bicyclist,34,Female,Yes,Yes,None Noted,0,Not a Pedestrian,212,Motorist Left Turn – Opposite Direction,Not a Pedestrian,At Intersection,Not a Pedestrian,Travel Lane,Not a Pedestrian,Facing Traffic,Not a Pedestrian,Not a Pedestrian,Not a Pedestrian,7,Not a Pedestrian,0,Not a Pedestrian,210,Motorist Left Turn/Merge,
21,210652,0,1,6,Bicyclist,63,Male,None Noted,None Noted,None Noted,0,Not a Pedestrian,212,Motorist Left Turn – Opposite Direction,Not a Pedestrian,At Intersection,Not a Pedestrian,Travel Lane,Not a Pedestrian,With Traffic,Not a Pedestrian,Not a Pedestrian,Not a Pedestrian,7,Not a Pedestrian,0,Not a Pedestrian,210,Motorist Left Turn/Merge,
48,482030,0,1,6,Bicyclist,31,Male,Yes,None Noted,None Noted,0,Not a Pedestrian,212,Motorist Left Turn – Opposite Direction,Not a Pedestrian,At Intersection,Not a Pedestrian,Travel Lane,Not a Pedestrian,Not Applicable,Not a Pedestrian,Not a Pedestrian,Not a Pedestrian,7,Not a Pedestrian,0,Not a Pedestrian,210,Motorist Left Turn/Merge,
53,530427,0,1,6,Bicyclist,30,Male,None Noted,None Noted,None Noted,0,Not a Pedestrian,212,Motorist Left Turn – Opposite Direction,Not a Pedestrian,At Intersection,Not a Pedestrian,Travel Lane,Not a Pedestrian,Facing Traffic,Not a Pedestrian,Not a Pedestrian,Not a Pedestrian,7,Not a Pedestrian,0,Not a Pedestrian,210,Motorist Left Turn/Merge,
41,410056,0,1,6,Bicyclist,17,Male,None Noted,Yes,None Noted,0,Not a Pedestrian,212,Motorist Left Turn – Opposite Direction,Not a Pedestrian,At Intersection,Not a Pedestrian,Travel Lane,Not a Pedestrian,With Traffic,Not a Pedestrian,Not a Pedestrian,Not a Pedestrian,7,Not a Pedestrian,0,Not a Pedestrian,210,Motorist Left Turn/Merge,
18,180479,0,1,6,Bicyclist,61,Male,None Noted,None Noted,None Noted,0,Not a Pedestrian,313,Bicyclist Ride-Out – Driveway  Unknown Type,Not a Pedestrian,Not At Intersection,Not a Pedestrian,Travel Lane,Not a Pedestrian,Not Applicable,Not a Pedestrian,Not a Pedestrian,Not a Pedestrian,7,Not a Pedestrian,0,Not a Pedestrian,310,Bicyclist Failed to Yield – Midblock,
38,380093,0,1,6,Bicyclist,64,Male,None Noted,Yes,None Noted,0,Not a Pedestrian,212,Motorist Left Turn – Opposite Direction,Not a Pedestrian,Not At Intersection,Not a Pedestrian,Sidewalk/Crosswalk/Driveway Access,Not a Pedestrian,With Traffic,Not a Pedestrian,Not a Pedestrian,Not a Pedestrian,7,Not a Pedestrian,0,Not a Pedestrian,210,Motorist Left Turn/Merge,
42,420874,0,1,6,Bicyclist,58,Male,None Noted,None Noted,None Noted,0,Not a Pedestrian,212,Motorist Left Turn – Opposite Direction,Not a Pedestrian,Not At Intersection,Not a Pedestrian,Travel Lane,Not a Pedestrian,With Traffic,Not a Pedestrian,Not a Pedestrian,Not a Pedestrian,7,Not a Pedestrian,0,Not a Pedestrian,210,Motorist Left Turn/Merge,
13,130442,0,1,6,Bicyclist,45,Male,Yes,Yes,Yes,0,Not a Pedestrian,212,Motorist Left Turn – Opposite Direction,Not a Pedestrian,At Intersection,Not a Pedestrian,Sidewalk/Crosswalk/Driveway Access,Not a Pedestrian,With Traffic,Not a Pedestrian,Not a Pedestrian,Not a Pedestrian,7,Not a Pedestrian,0,Not a Pedestrian,210,Motorist Left Turn/Merge,
17,170729,0,1,6,Bicyclist,58,Male,Yes,Yes,None Noted,0,Not a Pedestrian,212,Motorist Left Turn – Opposite Direction,Not a Pedestrian,At Intersection,Not a Pedestrian,Travel Lane,Not a Pedestrian,Facing Traffic,Not a Pedestrian,Not a Pedestrian,Not a Pedestrian,7,Not a Pedestrian,0,Not a Pedestrian,210,Motorist Left Turn/Merge,
16,160216,0,1,6,Bicyclist,52,Male,Yes,Yes,Unknown,0,Not a Pedestrian,212,Motorist Left Turn – Opposite Direction,Not a Pedestrian,At Intersection,Not a Pedestrian,Sidewalk/Crosswalk/Driveway Access,Not a Pedestrian,With Traffic,Not a Pedestrian,Not a Pedestrian,Not a Pedestrian,7,Not a Pedestrian,0,Not a Pedestrian,210,Motorist Left Turn/Merge,
36,360862,0,1,6,Bicyclist,76,Male,None Noted,Yes,None Noted,0,Not a Pedestrian,212,Motorist Left Turn – Opposite Direction,Not a Pedestrian,At Intersection,Not a Pedestrian,Travel Lane,Not a Pedestrian,With Traffic,Not a Pedestrian,Not a Pedestrian,Not a Pedestrian,7,Not a Pedestrian,0,Not a Pedestrian,210,Motorist Left Turn/Merge,
22,220246,0,1,6,Bicyclist,65,Male,None Noted,None Noted,None Noted,0,Not a Pedestrian,213,Motorist Right Turn – Same Direction,Not a Pedestrian,Intersection-Related,Not a Pedestrian,Travel Lane,Not a Pedestrian,With Traffic,Not a Pedestrian,Not a Pedestrian,Not a Pedestrian,7,Not a Pedestrian,0,Not a Pedestrian,215,Motorist Right Turn/Merge,
45,450263,0,1,6,Bicyclist,55,Male,None Noted,Yes,None Noted,0,Not a Pedestrian,318,Bicyclist Ride-Out – Other Midblock,Not a Pedestrian,Not At Intersection,Not a Pedestrian,Travel Lane,Not a Pedestrian,With Traffic,Not a Pedestrian,Not a Pedestrian,Not a Pedestrian,7,Not a Pedestrian,0,Not a Pedestrian,310,Bicyclist Failed to Yield – Midblock,
42,420319,0,1,6,Bicyclist,44,Male,None Noted,Yes,None Noted,0,Not a Pedestrian,318,Bicyclist Ride-Out – Other Midblock,Not a Pedestrian,Not At Intersection,Not a Pedestrian,Travel Lane,Not a Pedestrian,With Traffic,Not a Pedestrian,Not a Pedestrian,Not a Pedestrian,7,Not a Pedestrian,0,Not a Pedestrian,310,Bicyclist Failed to Yield – Midblock,
41,410442,0,1,6,Bicyclist,44,Male,None Noted,None Noted,None Noted,0,Not a Pedestrian,318,Bicyclist Ride-Out – Other Midblock,Not a Pedestrian,Not At Intersection,Not a Pedestrian,Travel Lane,Not a Pedestrian,Not Applicable,Not a Pedestrian,Not a Pedestrian,Not a Pedestrian,7,Not a Pedestrian,0,Not a Pedestrian,310,Bicyclist Failed to Yield – Midblock,
41,410320,0,1,6,Bicyclist,21,Male,Yes,Yes,None Noted,0,Not a Pedestrian,318,Bicyclist Ride-Out – Other Midblock,Not a Pedestrian,Not At Intersection,Not a Pedestrian,Sidewalk/Crosswalk/Driveway Access,Not a Pedestrian,Not Applicable,Not a Pedestrian,Not a Pedestrian,Not a Pedestrian,7,Not a Pedestrian,0,Not a Pedestrian,310,Bicyclist Failed to Yield – Midblock,
41,410259,0,1,6,Bicyclist,36,Male,None Noted,None Noted,None Noted,0,Not a Pedestrian,318,Bicyclist Ride-Out – Other Midblock,Not a Pedestrian,Not At Intersection,Not a Pedestrian,Travel Lane,Not a Pedestrian,Not Applicable,Not a Pedestrian,Not a Pedestrian,Not a Pedestrian,7,Not a Pedestrian,0,Not a Pedestrian,310,Bicyclist Failed to Yield – Midblock,
26,260524,0,1,6,Bicyclist,49,Male,Yes,None Noted,None Noted,0,Not a Pedestrian,318,Bicyclist Ride-Out – Other Midblock,Not a Pedestrian,Not At Intersection,Not a Pedestrian,Sidewalk/Crosswalk/Driveway Access,Not a Pedestrian,Not Applicable,Not a Pedestrian,Not a Pedestrian,Not a Pedestrian,7,Not a Pedestrian,0,Not a Pedestrian,310,Bicyclist Failed to Yield – Midblock,
26,260724,0,1,6,Bicyclist,54,Male,None Noted,None Noted,None Noted,0,Not a Pedestrian,318,Bicyclist Ride-Out – Other Midblock,Not a Pedestrian,Not At Intersection,Not a Pedestrian,Travel Lane,Not a Pedestrian,Not Applicable,Not a Pedestrian,Not a Pedestrian,Not a Pedestrian,7,Not a Pedestrian,0,Not a Pedestrian,310,Bicyclist Failed to Yield – Midblock,
29,290254,0,1,6,Bicyclist,13,Male,None Noted,Yes,None Noted,0,Not a Pedestrian,318,Bicyclist Ride-Out – Other Midblock,Not a Pedestrian,Not At Intersection,Not a Pedestrian,Travel Lane,Not a Pedestrian,Not Applicable,Not a Pedestrian,Not a Pedestrian,Not a Pedestrian,7,Not a Pedestrian,0,Not a Pedestrian,310,Bicyclist Failed to Yield – Midblock,
27,270065,0,1,6,Bicyclist,54,Male,None Noted,None Noted,None Noted,0,Not a Pedestrian,318,Bicyclist Ride-Out – Other Midblock,Not a Pedestrian,Not At Intersection,Not a Pedestrian,Travel Lane,Not a Pedestrian,Not Applicable,Not a Pedestrian,Not a Pedestrian,Not a Pedestrian,7,Not a Pedestrian,0,Not a Pedestrian,310,Bicyclist Failed to Yield – Midblock,
22,220470,0,1,6,Bicyclist,998,Not Reported,None Noted,None Noted,None Noted,0,Not a Pedestrian,214,Motorist Right Turn – Opposite Direction,Not a Pedestrian,At Intersection,Not a Pedestrian,Travel Lane,Not a Pedestrian,Unknown,Not a Pedestrian,Not a Pedestrian,Not a Pedestrian,7,Not a Pedestrian,0,Not a Pedestrian,215,Motorist Right Turn/Merge,
25,250037,0,1,6,Bicyclist,62,Male,None Noted,Yes,None Noted,0,Not a Pedestrian,213,Motorist Right Turn – Same Direction,Not a Pedestrian,Intersection-Related,Not a Pedestrian,Sidewalk/Crosswalk/Driveway Access,Not a Pedestrian,With Traffic,Not a Pedestrian,Not a Pedestrian,Not a Pedestrian,7,Not a Pedestrian,0,Not a Pedestrian,215,Motorist Right Turn/Merge,
55,550261,0,1,6,Bicyclist,59,Male,None Noted,None Noted,None Noted,0,Not a Pedestrian,213,Motorist Right Turn – Same Direction,Not a Pedestrian,At Intersection,Not a Pedestrian,Travel Lane,Not a Pedestrian,With Traffic,Not a Pedestrian,Not a Pedestrian,Not a Pedestrian,7,Not a Pedestrian,0,Not a Pedestrian,215,Motorist Right Turn/Merge,
41,410227,0,1,6,Bicyclist,25,Female,Yes,Yes,None Noted,0,Not a Pedestrian,213,Motorist Right Turn – Same Direction,Not a Pedestrian,At Intersection,Not a Pedestrian,Bicycle Lane/Paved Shoulder/Parking Lane,Not a Pedestrian,With Traffic,Not a Pedestrian,Not a Pedestrian,Not a Pedestrian,7,Not a Pedestrian,0,Not a Pedestrian,215,Motorist Right Turn/Merge,
8,80526,0,1,6,Bicyclist,65,Male,Yes,Yes,None Noted,0,Not a Pedestrian,213,Motorist Right Turn – Same Direction,Not a Pedestrian,At Intersection,Not a Pedestrian,Sidewalk/Crosswalk/Driveway Access,Not a Pedestrian,With Traffic,Not a Pedestrian,Not a Pedestrian,Not a Pedestrian,7,Not a Pedestrian,0,Not a Pedestrian,215,Motorist Right Turn/Merge,
4,40360,0,1,6,Bicyclist,34,Male,Yes,Yes,None Noted,0,Not a Pedestrian,213,Motorist Right Turn – Same Direction,Not a Pedestrian,At Intersection,Not a Pedestrian,Travel Lane,Not a Pedestrian,With Traffic,Not a Pedestrian,Not a Pedestrian,Not a Pedestrian,7,Not a Pedestrian,0,Not a Pedestrian,215,Motorist Right Turn/Merge,
12,123019,0,1,6,Bicyclist,33,Male,None Noted,Yes,None Noted,0,Not a Pedestrian,213,Motorist Right Turn – Same Direction,Not a Pedestrian,At Intersection,Not a Pedestrian,Sidewalk/Crosswalk/Driveway Access,Not a Pedestrian,With Traffic,Not a Pedestrian,Not a Pedestrian,Not a Pedestrian,7,Not a Pedestrian,0,Not a Pedestrian,215,Motorist Right Turn/Merge,
12,122893,0,1,6,Bicyclist,20,Female,Yes,None Noted,None Noted,0,Not a Pedestrian,213,Motorist Right Turn – Same Direction,Not a Pedestrian,At Intersection,Not a Pedestrian,Sidewalk/Crosswalk/Driveway Access,Not a Pedestrian,With Traffic,Not a Pedestrian,Not a Pedestrian,Not a Pedestrian,7,Not a Pedestrian,0,Not a Pedestrian,215,Motorist Right Turn/Merge,
17,170483,0,1,6,Bicyclist,25,Female,Yes,Yes,None Noted,0,Not a Pedestrian,213,Motorist Right Turn – Same Direction,Not a Pedestrian,At Intersection,Not a Pedestrian,Travel Lane,Not a Pedestrian,With Traffic,Not a Pedestrian,Not a Pedestrian,Not a Pedestrian,7,Not a Pedestrian,0,Not a Pedestrian,215,Motorist Right Turn/Merge,
17,170921,0,1,6,Bicyclist,23,Female,Unknown,Yes,None Noted,0,Not a Pedestrian,213,Motorist Right Turn – Same Direction,Not a Pedestrian,At Intersection,Not a Pedestrian,Travel Lane,Not a Pedestrian,With Traffic,Not a Pedestrian,Not a Pedestrian,Not a Pedestrian,7,Not a Pedestrian,0,Not a Pedestrian,215,Motorist Right Turn/Merge,
12,120490,0,1,6,Bicyclist,71,Male,None Noted,None Noted,None Noted,0,Not a Pedestrian,213,Motorist Right Turn – Same Direction,Not a Pedestrian,At Intersection,Not a Pedestrian,Travel Lane,Not a Pedestrian,With Traffic,Not a Pedestrian,Not a Pedestrian,Not a Pedestrian,7,Not a Pedestrian,0,Not a Pedestrian,215,Motorist Right Turn/Merge,
36,360870,0,1,6,Bicyclist,65,Female,Yes,Yes,None Noted,0,Not a Pedestrian,213,Motorist Right Turn – Same Direction,Not a Pedestrian,At Intersection,Not a Pedestrian,Sidewalk/Crosswalk/Driveway Access,Not a Pedestrian,With Traffic,Not a Pedestrian,Not a Pedestrian,Not a Pedestrian,7,Not a Pedestrian,0,Not a Pedestrian,215,Motorist Right Turn/Merge,
12,121171,0,1,6,Bicyclist,31,Male,None Noted,None Noted,None Noted,0,Not a Pedestrian,213,Motorist Right Turn – Same Direction,Not a Pedestrian,Intersection-Related,Not a Pedestrian,Travel Lane,Not a Pedestrian,With Traffic,Not a Pedestrian,Not a Pedestrian,Not a Pedestrian,7,Not a Pedestrian,0,Not a Pedestrian,215,Motorist Right Turn/Merge,
12,121378,0,1,6,Bicyclist,39,Male,None Noted,None Noted,None Noted,0,Not a Pedestrian,318,Bicyclist Ride-Out – Other Midblock,Not a Pedestrian,Not At Intersection,Not a Pedestrian,Travel Lane,Not a Pedestrian,Unknown,Not a Pedestrian,Not a Pedestrian,Not a Pedestrian,7,Not a Pedestrian,0,Not a Pedestrian,310,Bicyclist Failed to Yield – Midblock,
34,340201,0,1,6,Bicyclist,61,Male,None Noted,None Noted,None Noted,0,Not a Pedestrian,312,Bicyclist Ride-Out – Commercial Driveway,Not a Pedestrian,Not At Intersection,Not a Pedestrian,Travel Lane,Not a Pedestrian,Not Applicable,Not a Pedestrian,Not a Pedestrian,Not a Pedestrian,7,Not a Pedestrian,0,Not a Pedestrian,310,Bicyclist Failed to Yield – Midblock,
48,480075,0,1,6,Bicyclist,79,Male,None Noted,None Noted,None Noted,0,Not a Pedestrian,312,Bicyclist Ride-Out – Commercial Driveway,Not a Pedestrian,Not At Intersection,Not a Pedestrian,Travel Lane,Not a Pedestrian,Unknown,Not a Pedestrian,Not a Pedestrian,Not a Pedestrian,7,Not a Pedestrian,0,Not a Pedestrian,310,Bicyclist Failed to Yield – Midblock,
12,122365,0,1,6,Bicyclist,62,Male,Yes,Yes,None Noted,0,Not a Pedestrian,312,Bicyclist Ride-Out – Commercial Driveway,Not a Pedestrian,Not At Intersection,Not a Pedestrian,Travel Lane,Not a Pedestrian,With Traffic,Not a Pedestrian,Not a Pedestrian,Not a Pedestrian,7,Not a Pedestrian,0,Not a Pedestrian,310,Bicyclist Failed to Yield – Midblock,
13,131036,0,1,6,Bicyclist,26,Male,None Noted,None Noted,None Noted,0,Not a Pedestrian,312,Bicyclist Ride-Out – Commercial Driveway,Not a Pedestrian,Not At Intersection,Not a Pedestrian,Travel Lane,Not a Pedestrian,Not Applicable,Not a Pedestrian,Not a Pedestrian,Not a Pedestrian,7,Not a Pedestrian,0,Not a Pedestrian,310,Bicyclist Failed to Yield – Midblock,
9,90287,0,1,6,Bicyclist,49,Male,None Noted,None Noted,None Noted,0,Not a Pedestrian,312,Bicyclist Ride-Out – Commercial Driveway,Not a Pedestrian,Not At Intersection,Not a Pedestrian,Travel Lane,Not a Pedestrian,Not Applicable,Not a Pedestrian,Not a Pedestrian,Not a Pedestrian,7,Not a Pedestrian,0,Not a Pedestrian,310,Bicyclist Failed to Yield – Midblock,
12,121288,0,1,6,Bicyclist,53,Male,None Noted,None Noted,None Noted,0,Not a Pedestrian,312,Bicyclist Ride-Out – Commercial Driveway,Not a Pedestrian,Not At Intersection,Not a Pedestrian,Travel Lane,Not a Pedestrian,With Traffic,Not a Pedestrian,Not a Pedestrian,Not a Pedestrian,7,Not a Pedestrian,0,Not a Pedestrian,310,Bicyclist Failed to Yield – Midblock,
13,130769,0,1,6,Bicyclist,38,Male,None Noted,None Noted,None Noted,0,Not a Pedestrian,313,Bicyclist Ride-Out – Driveway  Unknown Type,Not a Pedestrian,Not At Intersection,Not a Pedestrian,Travel Lane,Not a Pedestrian,With Traffic,Not a Pedestrian,Not a Pedestrian,Not a Pedestrian,7,Not a Pedestrian,0,Not a Pedestrian,310,Bicyclist Failed to Yield – Midblock,
32,320105,0,1,6,Bicyclist,57,Male,None Noted,None Noted,None Noted,0,Not a Pedestrian,318,Bicyclist Ride-Out – Other Midblock,Not a Pedestrian,Not At Intersection,Not a Pedestrian,Travel Lane,Not a Pedestrian,Facing Traffic,Not a Pedestrian,Not a Pedestrian,Not a Pedestrian,7,Not a Pedestrian,0,Not a Pedestrian,310,Bicyclist Failed to Yield – Midblock,
20,200255,0,1,6,Bicyclist,75,Male,None Noted,None Noted,None Noted,0,Not a Pedestrian,357,Multiple Threat – Midblock,Not a Pedestrian,Not At Intersection,Not a Pedestrian,Sidewalk/Crosswalk/Driveway Access,Not a Pedestrian,Not Applicable,Not a Pedestrian,Not a Pedestrian,Not a Pedestrian,7,Not a Pedestrian,0,Not a Pedestrian,310,Bicyclist Failed to Yield – Midblock,
12,122147,0,1,6,Bicyclist,60,Male,None Noted,None Noted,None Noted,0,Not a Pedestrian,318,Bicyclist Ride-Out – Other Midblock,Not a Pedestrian,Not At Intersection,Not a Pedestrian,Travel Lane,Not a Pedestrian,Not Applicable,Not a Pedestrian,Not a Pedestrian,Not a Pedestrian,7,Not a Pedestrian,0,Not a Pedestrian,310,Bicyclist Failed to Yield – Midblock,
26,260906,0,1,6,Bicyclist,37,Male,None Noted,None Noted,None Noted,0,Not a Pedestrian,318,Bicyclist Ride-Out – Other Midblock,Not a Pedestrian,Not At Intersection,Not a Pedestrian,Travel Lane,Not a Pedestrian,Not Applicable,Not a Pedestrian,Not a Pedestrian,Not a Pedestrian,7,Not a Pedestrian,0,Not a Pedestrian,310,Bicyclist Failed to Yield – Midblock,
12,121450,0,1,6,Bicyclist,67,Male,None Noted,None Noted,None Noted,0,Not a Pedestrian,318,Bicyclist Ride-Out – Other Midblock,Not a Pedestrian,Not At Intersection,Not a Pedestrian,Travel Lane,Not a Pedestrian,Not Applicable,Not a Pedestrian,Not a Pedestrian,Not a Pedestrian,7,Not a Pedestrian,0,Not a Pedestrian,310,Bicyclist Failed to Yield – Midblock,
26,260400,0,6,6,Bicyclist,47,Male,None Noted,None Noted,None Noted,0,Not a Pedestrian,239,Motorist Overtaking – Other/Unknown,Not a Pedestrian,Not At Intersection,Not a Pedestrian,Travel Lane,Not a Pedestrian,With Traffic,Not a Pedestrian,Not a Pedestrian,Not a Pedestrian,7,Not a Pedestrian,0,Not a Pedestrian,230,Motorist Overtaking Bicyclist,
12,121243,0,1,6,Bicyclist,63,Male,None Noted,None Noted,None Noted,0,Not a Pedestrian,318,Bicyclist Ride-Out – Other Midblock,Not a Pedestrian,Not At Intersection,Not a Pedestrian,Travel Lane,Not a Pedestrian,Unknown,Not a Pedestrian,Not a Pedestrian,Not a Pedestrian,7,Not a Pedestrian,0,Not a Pedestrian,310,Bicyclist Failed to Yield – Midblock,
12,121239,0,1,6,Bicyclist,58,Male,None Noted,None Noted,None Noted,0,Not a Pedestrian,318,Bicyclist Ride-Out – Other Midblock,Not a Pedestrian,Not At Intersection,Not a Pedestrian,Travel Lane,Not a Pedestrian,Unknown,Not a Pedestrian,Not a Pedestrian,Not a Pedestrian,7,Not a Pedestrian,0,Not a Pedestrian,310,Bicyclist Failed to Yield – Midblock,
12,122105,0,1,6,Bicyclist,55,Male,None Noted,None Noted,None Noted,0,Not a Pedestrian,318,Bicyclist Ride-Out – Other Midblock,Not a Pedestrian,Not At Intersection,Not a Pedestrian,Travel Lane,Not a Pedestrian,Not Applicable,Not a Pedestrian,Not a Pedestrian,Not a Pedestrian,7,Not a Pedestrian,0,Not a Pedestrian,310,Bicyclist Failed to Yield – Midblock,
12,121893,0,1,6,Bicyclist,47,Male,None Noted,None Noted,None Noted,0,Not a Pedestrian,318,Bicyclist Ride-Out – Other Midblock,Not a Pedestrian,Not At Intersection,Not a Pedestrian,Travel Lane,Not a Pedestrian,Facing Traffic,Not a Pedestrian,Not a Pedestrian,Not a Pedestrian,7,Not a Pedestrian,0,Not a Pedestrian,310,Bicyclist Failed to Yield – Midblock,
12,121646,0,1,6,Bicyclist,22,Male,None Noted,None Noted,None Noted,0,Not a Pedestrian,318,Bicyclist Ride-Out – Other Midblock,Not a Pedestrian,Not At Intersection,Not a Pedestrian,Travel Lane,Not a Pedestrian,Not Applicable,Not a Pedestrian,Not a Pedestrian,Not a Pedestrian,7,Not a Pedestrian,0,Not a Pedestrian,310,Bicyclist Failed to Yield – Midblock,
12,121645,0,1,6,Bicyclist,28,Male,None Noted,None Noted,None Noted,0,Not a Pedestrian,318,Bicyclist Ride-Out – Other Midblock,Not a Pedestrian,Not At Intersection,Not a Pedestrian,Travel Lane,Not a Pedestrian,Facing Traffic,Not a Pedestrian,Not a Pedestrian,Not a Pedestrian,7,Not a Pedestrian,0,Not a Pedestrian,310,Bicyclist Failed to Yield – Midblock,
12,120513,0,1,6,Bicyclist,56,Male,None Noted,Yes,None Noted,0,Not a Pedestrian,318,Bicyclist Ride-Out – Other Midblock,Not a Pedestrian,Not At Intersection,Not a Pedestrian,Travel Lane,Not a Pedestrian,With Traffic,Not a Pedestrian,Not a Pedestrian,Not a Pedestrian,7,Not a Pedestrian,0,Not a Pedestrian,310,Bicyclist Failed to Yield – Midblock,
12,120491,0,1,6,Bicyclist,48,Male,None Noted,None Noted,None Noted,0,Not a Pedestrian,318,Bicyclist Ride-Out – Other Midblock,Not a Pedestrian,Not At Intersection,Not a Pedestrian,Travel Lane,Not a Pedestrian,With Traffic,Not a Pedestrian,Not a Pedestrian,Not a Pedestrian,7,Not a Pedestrian,0,Not a Pedestrian,310,Bicyclist Failed to Yield – Midblock,
12,120714,0,1,6,Bicyclist,34,Male,None Noted,None Noted,None Noted,0,Not a Pedestrian,318,Bicyclist Ride-Out – Other Midblock,Not a Pedestrian,Not At Intersection,Not a Pedestrian,Travel Lane,Not a Pedestrian,Not Applicable,Not a Pedestrian,Not a Pedestrian,Not a Pedestrian,7,Not a Pedestrian,0,Not a Pedestrian,310,Bicyclist Failed to Yield – Midblock,
12,120650,0,1,6,Bicyclist,66,Male,None Noted,None Noted,None Noted,0,Not a Pedestrian,318,Bicyclist Ride-Out – Other Midblock,Not a Pedestrian,Not At Intersection,Not a Pedestrian,Travel Lane,Not a Pedestrian,Not Applicable,Not a Pedestrian,Not a Pedestrian,Not a Pedestrian,7,Not a Pedestrian,0,Not a Pedestrian,310,Bicyclist Failed to Yield – Midblock,
13,130527,0,1,6,Bicyclist,53,Male,None Noted,None Noted,None Noted,0,Not a Pedestrian,318,Bicyclist Ride-Out – Other Midblock,Not a Pedestrian,Not At Intersection,Not a Pedestrian,Travel Lane,Not a Pedestrian,Facing Traffic,Not a Pedestrian,Not a Pedestrian,Not a Pedestrian,7,Not a Pedestrian,0,Not a Pedestrian,310,Bicyclist Failed to Yield – Midblock,
28,280090,0,1,6,Bicyclist,48,Male,None Noted,None Noted,None Noted,0,Not a Pedestrian,231,Motorist Overtaking – Undetected Bicyclist,Not a Pedestrian,Not At Intersection,Not a Pedestrian,Travel Lane,Not a Pedestrian,With Traffic,Not a Pedestrian,Not a Pedestrian,Not a Pedestrian,7,Not a Pedestrian,0,Not a Pedestrian,230,Motorist Overtaking Bicyclist,
4,40076,0,1,6,Bicyclist,63,Male,None Noted,Yes,None Noted,0,Not a Pedestrian,239,Motorist Overtaking – Other/Unknown,Not a Pedestrian,Not At Intersection,Not a Pedestrian,Sidewalk/Crosswalk/Driveway Access,Not a Pedestrian,With Traffic,Not a Pedestrian,Not a Pedestrian,Not a Pedestrian,7,Not a Pedestrian,0,Not a Pedestrian,230,Motorist Overtaking Bicyclist,
47,470545,0,1,6,Bicyclist,49,Male,None Noted,Yes,None Noted,0,Not a Pedestrian,239,Motorist Overtaking – Other/Unknown,Not a Pedestrian,Not At Intersection,Not a Pedestrian,Travel Lane,Not a Pedestrian,With Traffic,Not a Pedestrian,Not a Pedestrian,Not a Pedestrian,7,Not a Pedestrian,0,Not a Pedestrian,230,Motorist Overtaking Bicyclist,
12,120552,0,1,6,Bicyclist,50,Male,None Noted,Yes,None Noted,0,Not a Pedestrian,239,Motorist Overtaking – Other/Unknown,Not a Pedestrian,Not At Intersection,Not a Pedestrian,Travel Lane,Not a Pedestrian,With Traffic,Not a Pedestrian,Not a Pedestrian,Not a Pedestrian,7,Not a Pedestrian,0,Not a Pedestrian,230,Motorist Overtaking Bicyclist,
45,450579,0,1,6,Bicyclist,31,Male,None Noted,None Noted,None Noted,0,Not a Pedestrian,239,Motorist Overtaking – Other/Unknown,Not a Pedestrian,Not At Intersection,Not a Pedestrian,Travel Lane,Not a Pedestrian,With Traffic,Not a Pedestrian,Not a Pedestrian,Not a Pedestrian,7,Not a Pedestrian,0,Not a Pedestrian,230,Motorist Overtaking Bicyclist,
45,450641,0,1,6,Bicyclist,54,Male,Yes,Yes,None Noted,0,Not a Pedestrian,239,Motorist Overtaking – Other/Unknown,Not a Pedestrian,Not At Intersection,Not a Pedestrian,Travel Lane,Not a Pedestrian,Unknown,Not a Pedestrian,Not a Pedestrian,Not a Pedestrian,7,Not a Pedestrian,0,Not a Pedestrian,230,Motorist Overtaking Bicyclist,
45,450649,0,1,6,Bicyclist,33,Male,None Noted,None Noted,None Noted,0,Not a Pedestrian,239,Motorist Overtaking – Other/Unknown,Not a Pedestrian,Not At Intersection,Not a Pedestrian,Travel Lane,Not a Pedestrian,With Traffic,Not a Pedestrian,Not a Pedestrian,Not a Pedestrian,7,Not a Pedestrian,0,Not a Pedestrian,230,Motorist Overtaking Bicyclist,
12,121000,0,1,6,Bicyclist,47,Male,None Noted,None Noted,None Noted,0,Not a Pedestrian,239,Motorist Overtaking – Other/Unknown,Not a Pedestrian,Not At Intersection,Not a Pedestrian,Travel Lane,Not a Pedestrian,With Traffic,Not a Pedestrian,Not a Pedestrian,Not a Pedestrian,7,Not a Pedestrian,0,Not a Pedestrian,230,Motorist Overtaking Bicyclist,
12,121025,0,1,6,Bicyclist,55,Male,None Noted,None Noted,None Noted,0,Not a Pedestrian,239,Motorist Overtaking – Other/Unknown,Not a Pedestrian,Not At Intersection,Not a Pedestrian,Bicycle Lane/Paved Shoulder/Parking Lane,Not a Pedestrian,With Traffic,Not a Pedestrian,Not a Pedestrian,Not a Pedestrian,7,Not a Pedestrian,0,Not a Pedestrian,230,Motorist Overtaking Bicyclist,
45,450817,0,1,6,Bicyclist,60,Male,None Noted,None Noted,None Noted,0,Not a Pedestrian,239,Motorist Overtaking – Other/Unknown,Not a Pedestrian,Not At Intersection,Not a Pedestrian,Other,Not a Pedestrian,With Traffic,Not a Pedestrian,Not a Pedestrian,Not a Pedestrian,7,Not a Pedestrian,0,Not a Pedestrian,230,Motorist Overtaking Bicyclist,
47,470096,0,1,6,Bicyclist,30,Male,None Noted,None Noted,None Noted,0,Not a Pedestrian,239,Motorist Overtaking – Other/Unknown,Not a Pedestrian,Not At Intersection,Not a Pedestrian,Travel Lane,Not a Pedestrian,With Traffic,Not a Pedestrian,Not a Pedestrian,Not a Pedestrian,7,Not a Pedestrian,0,Not a Pedestrian,230,Motorist Overtaking Bicyclist,
47,470570,0,1,6,Bicyclist,34,Female,None Noted,None Noted,None Noted,0,Not a Pedestrian,239,Motorist Overtaking – Other/Unknown,Not a Pedestrian,Not At Intersection,Not a Pedestrian,Travel Lane,Not a Pedestrian,With Traffic,Not a Pedestrian,Not a Pedestrian,Not a Pedestrian,7,Not a Pedestrian,0,Not a Pedestrian,230,Motorist Overtaking Bicyclist,
47,470947,0,1,6,Bicyclist,50,Male,None Noted,None Noted,None Noted,0,Not a Pedestrian,239,Motorist Overtaking – Other/Unknown,Not a Pedestrian,Not At Intersection,Not a Pedestrian,Bicycle Lane/Paved Shoulder/Parking Lane,Not a Pedestrian,With Traffic,Not a Pedestrian,Not a Pedestrian,Not a Pedestrian,7,Not a Pedestrian,0,Not a Pedestrian,230,Motorist Overtaking Bicyclist,
42,420943,0,1,6,Bicyclist,47,Male,None Noted,None Noted,None Noted,0,Not a Pedestrian,239,Motorist Overtaking – Other/Unknown,Not a Pedestrian,Not At Intersection,Not a Pedestrian,Bicycle Lane/Paved Shoulder/Parking Lane,Not a Pedestrian,With Traffic,Not a Pedestrian,Not a Pedestrian,Not a Pedestrian,7,Not a Pedestrian,0,Not a Pedestrian,230,Motorist Overtaking Bicyclist,