state_number,consecutive_number,vehicle_number,person_number,person_type,person_type_name,age,sex,marked_crosswalk_present,sidewalk_present,school_zone,crash_type_pedestrian,crash_type_pedestrian_name,crash_type_bicycle,crash_type_bicycle_name,crash_location_pedestrian,crash_location_bicycle,pedestrian_position,bicyclist_position,pedestrian_initial_direction_of_travel,bicyclist_initial_direction_of_travel,motorist_initial_direction_of_travel,motorist_maneuver,intersection_leg,pedestrian_scenario,pedestrian_scenario_name,crash_group_pedestrian,crash_group_pedestrian_name,crash_group_bicycle,crash_group_bicycle_name
6,63511,0,1,5,Pedestrian,75,Female,Yes,Yes,None Noted,770,Motorist Failed to Yield,0,Not a Cyclist,At Intersection,Not a Cyclist,Crosswalk Area,Not a Cyclist,Eastbound,Not a Cyclist,Northbound,Straight Through,Nearside,1a,MOTORIST TRAVELING STRAIGHT THROUGH – CRASH OCCURRED ON NEAR (APPROACH) SIDE OF INTERSECTION Pedestrian Within Crosswalk Area  Traveled From Motorist’s Left.,750,Crossing Roadway – Vehicle Not Turning,0,Not a Cyclist,
6,63476,0,1,5,Pedestrian,53,Male,Yes,Yes,None Noted,770,Motorist Failed to Yield,0,Not a Cyclist,At Intersection,Not a Cyclist,Crosswalk Area,Not a Cyclist,Eastbound,Not a Cyclist,Northbound,Straight Through,Nearside,1a,MOTORIST TRAVELING STRAIGHT THROUGH – CRASH OCCURRED ON NEAR (APPROACH) SIDE OF INTERSECTION Pedestrian Within Crosswalk Area  Traveled From Motorist’s Left.,750,Crossing Roadway – Vehicle Not Turning,0,Not a Cyclist,
6,62898,0,1,5,Pedestrian,52,Male,Yes,Yes,None Noted,760,Pedestrian Failed to Yield,0,Not a Cyclist,At Intersection,Not a Cyclist,Crosswalk Area,Not a Cyclist,Westbound,Not a Cyclist,Southbound,Straight Through,Nearside,1a,MOTORIST TRAVELING STRAIGHT THROUGH – CRASH OCCURRED ON NEAR (APPROACH) SIDE OF INTERSECTION Pedestrian Within Crosswalk Area  Traveled From Motorist’s Left.,750,Crossing Roadway – Vehicle Not Turning,0,Not a Cyclist,
6,63021,0,1,5,Pedestrian,69,Male,None Noted,Yes,None Noted,742,Dart-Out,0,Not a Cyclist,At Intersection,Not a Cyclist,Intersection Area,Not a Cyclist,Southbound,Not a Cyclist,Westbound,Straight Through,Nearside,2b,MOTORIST TRAVELING STRAIGHT THROUGH – CRASH OCCURRED ON NEAR (APPROACH) SIDE OF INTERSECTION Pedestrian Outside Crosswalk Area  Traveled From Motorist’s Right.,740,Dash/Dart-Out,0,Not a Cyclist,
6,60969,0,1,8,Person on Personal Conveyances,24,Male,Yes,Yes,None Noted,250,Play Vehicle-Related,0,Not a Cyclist,At Intersection,Not a Cyclist,Intersection Area,Not a Cyclist,Southbound,Not a Cyclist,Eastbound,Straight Through,Nearside,2a,MOTORIST TRAVELING STRAIGHT THROUGH – CRASH OCCURRED ON NEAR (APPROACH) SIDE OF INTERSECTION Pedestrian Outside Crosswalk Area  Traveled From Motorist’s Left.,100,Unusual Circumstances,0,Not a Cyclist,
6,62894,0,1,5,Pedestrian,26,Male,None Noted,Yes,None Noted,690,At Intersection – Other/Unknown,0,Not a Cyclist,At Intersection,Not a Cyclist,Intersection Area,Not a Cyclist,Eastbound,Not a Cyclist,Southbound,Straight Through,Nearside,2b,MOTORIST TRAVELING STRAIGHT THROUGH – CRASH OCCURRED ON NEAR (APPROACH) SIDE OF INTERSECTION Pedestrian Outside Crosswalk Area  Traveled From Motorist’s Right.,990,Other/Unknown – Insufficient Details,0,Not a Cyclist,
6,62535,0,1,5,Pedestrian,51,Male,None Noted,Yes,None Noted,770,Motorist Failed to Yield,0,Not a Cyclist,At Intersection,Not a Cyclist,Intersection Area,Not a Cyclist,Southbound,Not a Cyclist,Westbound,Straight Through,Nearside,2b,MOTORIST TRAVELING STRAIGHT THROUGH – CRASH OCCURRED ON NEAR (APPROACH) SIDE OF INTERSECTION Pedestrian Outside Crosswalk Area  Traveled From Motorist’s Right.,750,Crossing Roadway – Vehicle Not Turning,0,Not a Cyclist,
6,63203,0,1,5,Pedestrian,70,Female,None Noted,Yes,None Noted,770,Motorist Failed to Yield,0,Not a Cyclist,At Intersection,Not a Cyclist,Intersection Area,Not a Cyclist,Eastbound,Not a Cyclist,Southbound,Straight Through,Nearside,2b,MOTORIST TRAVELING STRAIGHT THROUGH – CRASH OCCURRED ON NEAR (APPROACH) SIDE OF INTERSECTION Pedestrian Outside Crosswalk Area  Traveled From Motorist’s Right.,750,Crossing Roadway – Vehicle Not Turning,0,Not a Cyclist,
6,60396,0,1,5,Pedestrian,71,Male,None Noted,None Noted,None Noted,760,Pedestrian Failed to Yield,0,Not a Cyclist,At Intersection,Not a Cyclist,Intersection Area,Not a Cyclist,Eastbound,Not a Cyclist,Southbound,Straight Through,Nearside,2b,MOTORIST TRAVELING STRAIGHT THROUGH – CRASH OCCURRED ON NEAR (APPROACH) SIDE OF INTERSECTION Pedestrian Outside Crosswalk Area  Traveled From Motorist’s Right.,750,Crossing Roadway – Vehicle Not Turning,0,Not a Cyclist,
6,60510,0,1,5,Pedestrian,21,Female,None Noted,Yes,None Noted,760,Pedestrian Failed to Yield,0,Not a Cyclist,At Intersection,Not a Cyclist,Intersection Area,Not a Cyclist,Westbound,Not a Cyclist,Northbound,Straight Through,Nearside,2b,MOTORIST TRAVELING STRAIGHT THROUGH – CRASH OCCURRED ON NEAR (APPROACH) SIDE OF INTERSECTION Pedestrian Outside Crosswalk Area  Traveled From Motorist’s Right.,750,Crossing Roadway – Vehicle Not Turning,0,Not a Cyclist,
6,62617,0,1,8,Person on Personal Conveyances,89,Male,None Noted,Yes,None Noted,770,Motorist Failed to Yield,0,Not a Cyclist,At Intersection,Not a Cyclist,Intersection Area,Not a Cyclist,Westbound,Not a Cyclist,Northbound,Straight Through,Nearside,2b,MOTORIST TRAVELING STRAIGHT THROUGH – CRASH OCCURRED ON NEAR (APPROACH) SIDE OF INTERSECTION Pedestrian Outside Crosswalk Area  Traveled From Motorist’s Right.,750,Crossing Roadway – Vehicle Not Turning,0,Not a Cyclist,
6,61871,0,1,5,Pedestrian,24,Male,None Noted,Yes,None Noted,760,Pedestrian Failed to Yield,0,Not a Cyclist,At Intersection,Not a Cyclist,Intersection Area,Not a Cyclist,Southbound,Not a Cyclist,Eastbound,Straight Through,Nearside,2a,MOTORIST TRAVELING STRAIGHT THROUGH – CRASH OCCURRED ON NEAR (APPROACH) SIDE OF INTERSECTION Pedestrian Outside Crosswalk Area  Traveled From Motorist’s Left.,750,Crossing Roadway – Vehicle Not Turning,0,Not a Cyclist,
6,60372,0,1,5,Pedestrian,62,Female,Yes,None Noted,None Noted,760,Pedestrian Failed to Yield,0,Not a Cyclist,At Intersection,Not a Cyclist,Intersection Area,Not a Cyclist,Southbound,Not a Cyclist,Eastbound,Straight Through,Nearside,2a,MOTORIST TRAVELING STRAIGHT THROUGH – CRASH OCCURRED ON NEAR (APPROACH) SIDE OF INTERSECTION Pedestrian Outside Crosswalk Area  Traveled From Motorist’s Left.,750,Crossing Roadway – Vehicle Not Turning,0,Not a Cyclist,
6,63186,0,1,8,Person on Personal Conveyances,73,Male,None Noted,Yes,None Noted,760,Pedestrian Failed to Yield,0,Not a Cyclist,At Intersection,Not a Cyclist,Intersection Area,Not a Cyclist,Westbound,Not a Cyclist,Northbound,Straight Through,Nearside,2b,MOTORIST TRAVELING STRAIGHT THROUGH – CRASH OCCURRED ON NEAR (APPROACH) SIDE OF INTERSECTION Pedestrian Outside Crosswalk Area  Traveled From Motorist’s Right.,750,Crossing Roadway – Vehicle Not Turning,0,Not a Cyclist,
6,62948,0,1,5,Pedestrian,33,Male,Yes,Yes,None Noted,760,Pedestrian Failed to Yield,0,Not a Cyclist,At Intersection,Not a Cyclist,Intersection Area,Not a Cyclist,Northbound,Not a Cyclist,Westbound,Straight Through,Nearside,2a,MOTORIST TRAVELING STRAIGHT THROUGH – CRASH OCCURRED ON NEAR (APPROACH) SIDE OF INTERSECTION Pedestrian Outside Crosswalk Area  Traveled From Motorist’s Left.,750,Crossing Roadway – Vehicle Not Turning,0,Not a Cyclist,
6,60926,0,1,5,Pedestrian,61,Male,None Noted,Yes,None Noted,770,Motorist Failed to Yield,0,Not a Cyclist,At Intersection,Not a Cyclist,Intersection Area,Not a Cyclist,Westbound,Not a Cyclist,Northbound,Straight Through,Nearside,2b,MOTORIST TRAVELING STRAIGHT THROUGH – CRASH OCCURRED ON NEAR (APPROACH) SIDE OF INTERSECTION Pedestrian Outside Crosswalk Area  Traveled From Motorist’s Right.,750,Crossing Roadway – Vehicle Not Turning,0,Not a Cyclist,
6,61317,0,1,5,Pedestrian,64,Male,Yes,Yes,None Noted,760,Pedestrian Failed to Yield,0,Not a Cyclist,At Intersection,Not a Cyclist,Intersection Area,Not a Cyclist,Southbound,Not a Cyclist,Eastbound,Straight Through,Nearside,2a,MOTORIST TRAVELING STRAIGHT THROUGH – CRASH OCCURRED ON NEAR (APPROACH) SIDE OF INTERSECTION Pedestrian Outside Crosswalk Area  Traveled From Motorist’s Left.,750,Crossing Roadway – Vehicle Not Turning,0,Not a Cyclist,
6,62830,0,1,5,Pedestrian,29,Male,Yes,Yes,None Noted,760,Pedestrian Failed to Yield,0,Not a Cyclist,At Intersection,Not a Cyclist,Intersection Area,Not a Cyclist,Westbound,Not a Cyclist,Southbound,Straight Through,Nearside,2a,MOTORIST TRAVELING STRAIGHT THROUGH – CRASH OCCURRED ON NEAR (APPROACH) SIDE OF INTERSECTION Pedestrian Outside Crosswalk Area  Traveled From Motorist’s Left.,750,Crossing Roadway – Vehicle Not Turning,0,Not a Cyclist,
6,63467,0,1,5,Pedestrian,54,Male,Yes,Yes,None Noted,760,Pedestrian Failed to Yield,0,Not a Cyclist,At Intersection,Not a Cyclist,Intersection Area,Not a Cyclist,Eastbound,Not a Cyclist,Northbound,Straight Through,Nearside,2a,MOTORIST TRAVELING STRAIGHT THROUGH – CRASH OCCURRED ON NEAR (APPROACH) SIDE OF INTERSECTION Pedestrian Outside Crosswalk Area  Traveled From Motorist’s Left.,750,Crossing Roadway – Vehicle Not Turning,0,Not a Cyclist,
6,62974,0,1,5,Pedestrian,72,Male,None Noted,Yes,None Noted,770,Motorist Failed to Yield,0,Not a Cyclist,At Intersection,Not a Cyclist,Intersection Area,Not a Cyclist,Westbound,Not a Cyclist,Southbound,Straight Through,Nearside,2a,MOTORIST TRAVELING STRAIGHT THROUGH – CRASH OCCURRED ON NEAR (APPROACH) SIDE OF INTERSECTION Pedestrian Outside Crosswalk Area  Traveled From Motorist’s Left.,750,Crossing Roadway – Vehicle Not Turning,0,Not a Cyclist,
6,60287,0,1,5,Pedestrian,65,Female,Yes,Yes,None Noted,690,At Intersection – Other/Unknown,0,Not a Cyclist,Intersection-Related,Not a Cyclist,Sidewalk/Shared-Use Path/Driveway Access,Not a Cyclist,Unknown Initial Direction of Travel,Not a Cyclist,Northbound,Straight Through,Nearside,2c,MOTORIST TRAVELING STRAIGHT THROUGH – CRASH OCCURRED ON NEAR (APPROACH) SIDE OF INTERSECTION Pedestrian Outside Crosswalk Area  Approach Direction Unknown.,990,Other/Unknown – Insufficient Details,0,Not a Cyclist,
6,62669,0,1,5,Pedestrian,48,Male,Yes,Yes,None Noted,520,Waiting to Cross – Vehicle Not Turning,0,Not a Cyclist,Intersection-Related,Not a Cyclist,Sidewalk/Shared-Use Path/Driveway Access,Not a Cyclist,Unknown Initial Direction of Travel,Not a Cyclist,Westbound,Straight Through,Nearside,2c,MOTORIST TRAVELING STRAIGHT THROUGH – CRASH OCCURRED ON NEAR (APPROACH) SIDE OF INTERSECTION Pedestrian Outside Crosswalk Area  Approach Direction Unknown.,500,Waiting to Cross,0,Not a Cyclist,
6,62833,0,1,5,Pedestrian,74,Male,None Noted,Yes,None Noted,770,Motorist Failed to Yield,0,Not a Cyclist,Intersection-Related,Not a Cyclist,Sidewalk/Shared-Use Path/Driveway Access,Not a Cyclist,Northbound,Not a Cyclist,Eastbound,Straight Through,Nearside,2b,MOTORIST TRAVELING STRAIGHT THROUGH – CRASH OCCURRED ON NEAR (APPROACH) SIDE OF INTERSECTION Pedestrian Outside Crosswalk Area  Traveled From Motorist’s Right.,750,Crossing Roadway – Vehicle Not Turning,0,Not a Cyclist,
6,62824,0,1,5,Pedestrian,69,Male,None Noted,Yes,None Noted,620,Walking in Roadway,0,Not a Cyclist,Not At Intersection,Not a Cyclist,Travel Lane,Not a Cyclist,Not Applicable,Not a Cyclist,Not Applicable,Not Applicable,Not Applicable,8,Not Applicable,600,Pedestrian in Roadway – Circumstances Unknown,0,Not a Cyclist,
6,62812,0,1,5,Pedestrian,56,Male,None Noted,Yes,None Noted,620,Walking in Roadway,0,Not a Cyclist,Not At Intersection,Not a Cyclist,Travel Lane,Not a Cyclist,Not Applicable,Not a Cyclist,Not Applicable,Not Applicable,Not Applicable,8,Not Applicable,600,Pedestrian in Roadway – Circumstances Unknown,0,Not a Cyclist,
6,62009,0,1,5,Pedestrian,51,Male,None Noted,None Noted,None Noted,313,Lying in Roadway,0,Not a Cyclist,Not At Intersection,Not a Cyclist,Travel Lane,Not a Cyclist,Not Applicable,Not a Cyclist,Not Applicable,Not Applicable,Not Applicable,8,Not Applicable,600,Pedestrian in Roadway – Circumstances Unknown,0,Not a Cyclist,
6,62328,0,1,5,Pedestrian,27,Male,None Noted,None Noted,None Noted,313,Lying in Roadway,0,Not a Cyclist,Not At Intersection,Not a Cyclist,Travel Lane,Not a Cyclist,Not Applicable,Not a Cyclist,Not Applicable,Not Applicable,Not Applicable,8,Not Applicable,600,Pedestrian in Roadway – Circumstances Unknown,0,Not a Cyclist,
6,63306,0,1,5,Pedestrian,57,Female,None Noted,Yes,None Noted,313,Lying in Roadway,0,Not a Cyclist,Not At Intersection,Not a Cyclist,Travel Lane,Not a Cyclist,Not Applicable,Not a Cyclist,Not Applicable,Not Applicable,Not Applicable,8,Not Applicable,600,Pedestrian in Roadway – Circumstances Unknown,0,Not a Cyclist,
6,62926,0,1,5,Pedestrian,46,Male,None Noted,None Noted,None Noted,313,Lying in Roadway,0,Not a Cyclist,Not At Intersection,Not a Cyclist,Travel Lane,Not a Cyclist,Not Applicable,Not a Cyclist,Not Applicable,Not Applicable,Not Applicable,8,Not Applicable,600,Pedestrian in Roadway – Circumstances Unknown,0,Not a Cyclist,
6,62091,0,1,5,Pedestrian,27,Male,None Noted,Yes,None Noted,313,Lying in Roadway,0,Not a Cyclist,Not At Intersection,Not a Cyclist,Travel Lane,Not a Cyclist,Not Applicable,Not a Cyclist,Not Applicable,Not Applicable,Not Applicable,8,Not Applicable,600,Pedestrian in Roadway – Circumstances Unknown,0,Not a Cyclist,
6,62086,0,1,5,Pedestrian,54,Male,None Noted,None Noted,None Noted,313,Lying in Roadway,0,Not a Cyclist,Not At Intersection,Not a Cyclist,Travel Lane,Not a Cyclist,Not Applicable,Not a Cyclist,Not Applicable,Not Applicable,Not Applicable,8,Not Applicable,600,Pedestrian in Roadway – Circumstances Unknown,0,Not a Cyclist,
6,62448,0,1,5,Pedestrian,46,Male,None Noted,None Noted,None Noted,313,Lying in Roadway,0,Not a Cyclist,Not At Intersection,Not a Cyclist,Travel Lane,Not a Cyclist,Not Applicable,Not a Cyclist,Not Applicable,Not Applicable,Not Applicable,8,Not Applicable,600,Pedestrian in Roadway – Circumstances Unknown,0,Not a Cyclist,
6,60692,0,1,5,Pedestrian,65,Male,None Noted,Yes,None Noted,313,Lying in Roadway,0,Not a Cyclist,Not At Intersection,Not a Cyclist,Travel Lane,Not a Cyclist,Not Applicable,Not a Cyclist,Not Applicable,Not Applicable,Not Applicable,8,Not Applicable,600,Pedestrian in Roadway – Circumstances Unknown,0,Not a Cyclist,
6,63423,0,1,5,Pedestrian,18,Male,None Noted,Yes,None Noted,313,Lying in Roadway,0,Not a Cyclist,Not At Intersection,Not a Cyclist,Travel Lane,Not a Cyclist,Not Applicable,Not a Cyclist,Not Applicable,Not Applicable,Not Applicable,8,Not Applicable,600,Pedestrian in Roadway – Circumstances Unknown,0,Not a Cyclist,
6,61217,0,1,5,Pedestrian,28,Male,None Noted,None Noted,None Noted,313,Lying in Roadway,0,Not a Cyclist,Not At Intersection,Not a Cyclist,Travel Lane,Not a Cyclist,Not Applicable,Not a Cyclist,Not Applicable,Not Applicable,Not Applicable,8,Not Applicable,600,Pedestrian in Roadway – Circumstances Unknown,0,Not a Cyclist,
6,60116,0,1,5,Pedestrian,33,Male,None Noted,Yes,None Noted,313,Lying in Roadway,0,Not a Cyclist,Not At Intersection,Not a Cyclist,Travel Lane,Not a Cyclist,Not Applicable,Not a Cyclist,Not Applicable,Not Applicable,Not Applicable,8,Not Applicable,600,Pedestrian in Roadway – Circumstances Unknown,0,Not a Cyclist,
6,60632,0,1,5,Pedestrian,68,Male,None Noted,Yes,None Noted,313,Lying in Roadway,0,Not a Cyclist,Not At Intersection,Not a Cyclist,Travel Lane,Not a Cyclist,Not Applicable,Not a Cyclist,Not Applicable,Not Applicable,Not Applicable,8,Not Applicable,600,Pedestrian in Roadway – Circumstances Unknown,0,Not a Cyclist,
6,61420,0,1,5,Pedestrian,57,Male,None Noted,Yes,None Noted,313,Lying in Roadway,0,Not a Cyclist,Not At Intersection,Not a Cyclist,Travel Lane,Not a Cyclist,Not Applicable,Not a Cyclist,Not Applicable,Not Applicable,Not Applicable,8,Not Applicable,600,Pedestrian in Roadway – Circumstances Unknown,0,Not a Cyclist,
6,60355,0,1,5,Pedestrian,61,Male,None Noted,None Noted,None Noted,313,Lying in Roadway,0,Not a Cyclist,Not At Intersection,Not a Cyclist,Travel Lane,Not a Cyclist,Not Applicable,Not a Cyclist,Not Applicable,Not Applicable,Not Applicable,8,Not Applicable,600,Pedestrian in Roadway – Circumstances Unknown,0,Not a Cyclist,
6,63462,0,1,5,Pedestrian,21,Female,None Noted,None Noted,None Noted,313,Lying in Roadway,0,Not a Cyclist,Not At Intersection,Not a Cyclist,Travel Lane,Not a Cyclist,Not Applicable,Not a Cyclist,Not Applicable,Not Applicable,Not Applicable,8,Not Applicable,600,Pedestrian in Roadway – Circumstances Unknown,0,Not a Cyclist,
6,60996,0,1,5,Pedestrian,60,Male,None Noted,Yes,None Noted,313,Lying in Roadway,0,Not a Cyclist,Not At Intersection,Not a Cyclist,Travel Lane,Not a Cyclist,Not Applicable,Not a Cyclist,Not Applicable,Not Applicable,Not Applicable,8,Not Applicable,600,Pedestrian in Roadway – Circumstances Unknown,0,Not a Cyclist,
6,60544,0,1,5,Pedestrian,52,Male,None Noted,None Noted,None Noted,313,Lying in Roadway,0,Not a Cyclist,Not At Intersection,Not a Cyclist,Travel Lane,Not a Cyclist,Not Applicable,Not a Cyclist,Not Applicable,Not Applicable,Not Applicable,8,Not Applicable,600,Pedestrian in Roadway – Circumstances Unknown,0,Not a Cyclist,
6,60430,0,1,5,Pedestrian,50,Male,None Noted,None Noted,None Noted,313,Lying in Roadway,0,Not a Cyclist,Not At Intersection,Not a Cyclist,Travel Lane,Not a Cyclist,Not Applicable,Not a Cyclist,Not Applicable,Not Applicable,Not Applicable,8,Not Applicable,600,Pedestrian in Roadway – Circumstances Unknown,0,Not a Cyclist,
6,62375,0,1,5,Pedestrian,61,Male,None Noted,None Noted,None Noted,313,Lying in Roadway,0,Not a Cyclist,Not At Intersection,Not a Cyclist,Travel Lane,Not a Cyclist,Not Applicable,Not a Cyclist,Not Applicable,Not Applicable,Not Applicable,8,Not Applicable,600,Pedestrian in Roadway – Circumstances Unknown,0,Not a Cyclist,
6,62344,0,1,5,Pedestrian,54,Male,None Noted,None Noted,None Noted,313,Lying in Roadway,0,Not a Cyclist,Not At Intersection,Not a Cyclist,Travel Lane,Not a Cyclist,Not Applicable,Not a Cyclist,Not Applicable,Not Applicable,Not Applicable,8,Not Applicable,600,Pedestrian in Roadway – Circumstances Unknown,0,Not a Cyclist,
6,61390,0,1,5,Pedestrian,34,Male,None Noted,None Noted,None Noted,313,Lying in Roadway,0,Not a Cyclist,Not At Intersection,Not a Cyclist,Travel Lane,Not a Cyclist,Not Applicable,Not a Cyclist,Not Applicable,Not Applicable,Not Applicable,8,Not Applicable,600,Pedestrian in Roadway – Circumstances Unknown,0,Not a Cyclist,
6,61007,0,1,5,Pedestrian,30,Male,None Noted,Yes,None Noted,313,Lying in Roadway,0,Not a Cyclist,Not At Intersection,Not a Cyclist,Travel Lane,Not a Cyclist,Not Applicable,Not a Cyclist,Not Applicable,Not Applicable,Not Applicable,8,Not Applicable,600,Pedestrian in Roadway – Circumstances Unknown,0,Not a Cyclist,
6,61946,0,1,5,Pedestrian,61,Female,None Noted,None Noted,None Noted,313,Lying in Roadway,0,Not a Cyclist,Not At Intersection,Not a Cyclist,Travel Lane,Not a Cyclist,Not Applicable,Not a Cyclist,Not Applicable,Not Applicable,Not Applicable,8,Not Applicable,600,Pedestrian in Roadway – Circumstances Unknown,0,Not a Cyclist,
6,62834,0,1,5,Pedestrian,51,Female,None Noted,Yes,None Noted,313,Lying in Roadway,0,Not a Cyclist,Not At Intersection,Not a Cyclist,Travel Lane,Not a Cyclist,Not Applicable,Not a Cyclist,Not Applicable,Not Applicable,Not Applicable,8,Not Applicable,600,Pedestrian in Roadway – Circumstances Unknown,0,Not a Cyclist,
6,62588,0,1,5,Pedestrian,34,Male,None Noted,Yes,None Noted,313,Lying in Roadway,0,Not a Cyclist,Not At Intersection,Not a Cyclist,Travel Lane,Not a Cyclist,Not Applicable,Not a Cyclist,Not Applicable,Not Applicable,Not Applicable,8,Not Applicable,600,Pedestrian in Roadway – Circumstances Unknown,0,Not a Cyclist,
6,62727,0,1,5,Pedestrian,62,Male,None Noted,Yes,None Noted,313,Lying in Roadway,0,Not a Cyclist,Not At Intersection,Not a Cyclist,Travel Lane,Not a Cyclist,Not Applicable,Not a Cyclist,Not Applicable,Not Applicable,Not Applicable,8,Not Applicable,600,Pedestrian in Roadway – Circumstances Unknown,0,Not a Cyclist,
6,63254,0,1,5,Pedestrian,59,Male,None Noted,Yes,None Noted,313,Lying in Roadway,0,Not a Cyclist,Not At Intersection,Not a Cyclist,Travel Lane,Not a Cyclist,Not Applicable,Not a Cyclist,Not Applicable,Not Applicable,Not Applicable,8,Not Applicable,600,Pedestrian in Roadway – Circumstances Unknown,0,Not a Cyclist,
6,61018,0,1,5,Pedestrian,73,Male,Yes,Yes,None Noted,742,Dart-Out,0,Not a Cyclist,Not At Intersection,Not a Cyclist,Travel Lane,Not a Cyclist,Not Applicable,Not a Cyclist,Not Applicable,Not Applicable,Not Applicable,8,Not Applicable,740,Dash/Dart-Out,0,Not a Cyclist,
6,62806,0,1,5,Pedestrian,42,Male,None Noted,Yes,None Noted,742,Dart-Out,0,Not a Cyclist,Not At Intersection,Not a Cyclist,Travel Lane,Not a Cyclist,Not Applicable,Not a Cyclist,Not Applicable,Not Applicable,Not Applicable,8,Not Applicable,740,Dash/Dart-Out,0,Not a Cyclist,
6,63352,0,1,5,Pedestrian,85,Female,None Noted,Unknown,None Noted,742,Dart-Out,0,Not a Cyclist,Not At Intersection,Not a Cyclist,Travel Lane,Not a Cyclist,Not Applicable,Not a Cyclist,Not Applicable,Not Applicable,Not Applicable,8,Not Applicable,740,Dash/Dart-Out,0,Not a Cyclist,
6,63359,0,1,5,Pedestrian,93,Male,None Noted,None Noted,None Noted,742,Dart-Out,0,Not a Cyclist,Not At Intersection,Not a Cyclist,Travel Lane,Not a Cyclist,Not Applicable,Not a Cyclist,Not Applicable,Not Applicable,Not Applicable,8,Not Applicable,740,Dash/Dart-Out,0,Not a Cyclist,
6,62710,0,1,5,Pedestrian,40,Male,None Noted,Yes,None Noted,742,Dart-Out,0,Not a Cyclist,Not At Intersection,Not a Cyclist,Travel Lane,Not a Cyclist,Not Applicable,Not a Cyclist,Not Applicable,Not Applicable,Not Applicable,8,Not Applicable,740,Dash/Dart-Out,0,Not a Cyclist,
6,60473,0,1,5,Pedestrian,51,Male,Yes,None Noted,None Noted,741,Dash,0,Not a Cyclist,Not At Intersection,Not a Cyclist,Travel Lane,Not a Cyclist,Not Applicable,Not a Cyclist,Not Applicable,Not Applicable,Not Applicable,8,Not Applicable,740,Dash/Dart-Out,0,Not a Cyclist,
6,62955,0,1,5,Pedestrian,17,Male,None Noted,Yes,None Noted,741,Dash,0,Not a Cyclist,Not At Intersection,Not a Cyclist,Travel Lane,Not a Cyclist,Not Applicable,Not a Cyclist,Not Applicable,Not Applicable,Not Applicable,8,Not Applicable,740,Dash/Dart-Out,0,Not a Cyclist,
6,63105,0,1,5,Pedestrian,55,Male,Yes,Yes,None Noted,741,Dash,0,Not a Cyclist,Not At Intersection,Not a Cyclist,Travel Lane,Not a Cyclist,Not Applicable,Not a Cyclist,Not Applicable,Not Applicable,Not Applicable,8,Not Applicable,740,Dash/Dart-Out,0,Not a Cyclist,
6,62285,0,1,5,Pedestrian,78,Female,None Noted,None Noted,None Noted,741,Dash,0,Not a Cyclist,Not At Intersection,Not a Cyclist,Travel Lane,Not a Cyclist,Not Applicable,Not a Cyclist,Not Applicable,Not Applicable,Not Applicable,8,Not Applicable,740,Dash/Dart-Out,0,Not a Cyclist,
6,62134,0,1,5,Pedestrian,66,Male,None Noted,None Noted,None Noted,741,Dash,0,Not a Cyclist,Not At Intersection,Not a Cyclist,Travel Lane,Not a Cyclist,Not Applicable,Not a Cyclist,Not Applicable,Not Applicable,Not Applicable,8,Not Applicable,740,Dash/Dart-Out,0,Not a Cyclist,
6,62398,0,1,5,Pedestrian,64,Male,None Noted,None Noted,None Noted,741,Dash,0,Not a Cyclist,Not At Intersection,Not a Cyclist,Travel Lane,Not a Cyclist,Not Applicable,Not a Cyclist,Not Applicable,Not Applicable,Not Applicable,8,Not Applicable,740,Dash/Dart-Out,0,Not a Cyclist,
6,60646,0,1,5,Pedestrian,53,Female,None Noted,Yes,None Noted,741,Dash,0,Not a Cyclist,Not At Intersection,Not a Cyclist,Travel Lane,Not a Cyclist,Not Applicable,Not a Cyclist,Not Applicable,Not Applicable,Not Applicable,8,Not Applicable,740,Dash/Dart-Out,0,Not a Cyclist,
6,60265,0,1,5,Pedestrian,34,Male,None Noted,Yes,None Noted,741,Dash,0,Not a Cyclist,Not At Intersection,Not a Cyclist,Travel Lane,Not a Cyclist,Not Applicable,Not a Cyclist,Not Applicable,Not Applicable,Not Applicable,8,Not Applicable,740,Dash/Dart-Out,0,Not a Cyclist,
6,60252,0,1,5,Pedestrian,59,Male,None Noted,Yes,None Noted,741,Dash,0,Not a Cyclist,Not At Intersection,Not a Cyclist,Travel Lane,Not a Cyclist,Not Applicable,Not a Cyclist,Not Applicable,Not Applicable,Not Applicable,8,Not Applicable,740,Dash/Dart-Out,0,Not a Cyclist,
6,60344,0,1,5,Pedestrian,56,Male,None Noted,Yes,None Noted,741,Dash,0,Not a Cyclist,Not At Intersection,Not a Cyclist,Travel Lane,Not a Cyclist,Not Applicable,Not a Cyclist,Not Applicable,Not Applicable,Not Applicable,8,Not Applicable,740,Dash/Dart-Out,0,Not a Cyclist,
6,61539,0,1,5,Pedestrian,78,Male,None Noted,Yes,None Noted,741,Dash,0,Not a Cyclist,Not At Intersection,Not a Cyclist,Travel Lane,Not a Cyclist,Not Applicable,Not a Cyclist,Not Applicable,Not Applicable,Not Applicable,8,Not Applicable,740,Dash/Dart-Out,0,Not a Cyclist,
6,61626,0,1,5,Pedestrian,32,Female,None Noted,None Noted,None Noted,741,Dash,0,Not a Cyclist,Not At Intersection,Not a Cyclist,Travel Lane,Not a Cyclist,Not Applicable,Not a Cyclist,Not Applicable,Not Applicable,Not Applicable,8,Not Applicable,740,Dash/Dart-Out,0,Not a Cyclist,
6,61039,0,1,5,Pedestrian,44,Male,None Noted,None Noted,None Noted,742,Dart-Out,0,Not a Cyclist,Not At Intersection,Not a Cyclist,Travel Lane,Not a Cyclist,Not Applicable,Not a Cyclist,Not Applicable,Not Applicable,Not Applicable,8,Not Applicable,740,Dash/Dart-Out,0,Not a Cyclist,
6,63508,0,1,5,Pedestrian,58,Male,Yes,Yes,None Noted,742,Dart-Out,0,Not a Cyclist,Not At Intersection,Not a Cyclist,Travel Lane,Not a Cyclist,Not Applicable,Not a Cyclist,Not Applicable,Not Applicable,Not Applicable,8,Not Applicable,740,Dash/Dart-Out,0,Not a Cyclist,